playerid,Name_x,Team,G,PA,H,1B,2B,3B,HR,R,RBI,SB,BB%,K%,ISO,BABIP,AVG,xBA,wOBA,xwOBA,SLG,xSLG,OBP,wRC+,Off,Def,Spd,BsR,WAR,BB/K,Barrel%,HardHit%,O-Swing% (sc),Z-Swing% (sc),Swing% (sc),O-Contact% (sc),Z-Contact% (sc),Contact% (sc),Pull%,Cent%,Oppo%,EV,LA,maxEV,LD%,GB%,FB%,Clutch,Name_y,Pos,Bats,Thr,Prev Team,Age,Service Time,2022 WAR,Proj WAR,Med Years,Med Total,Med AAV,QO,Signing Team,Years,Total Salary,AAV
15487,Victor Reyes,DET,92,336,80,55,19,3,3,27,34,2,0.038690476,0.229166666,0.107936508,0.322175732,0.253968253,0.261,0.284030971,0.292,0.361904761,0.368,0.288690476,84.38749465,-6.101119578,-4.835273504,3.731097644,-0.198032077,-0.032498972,0.168831168,0.04958678,0.3677686,0.42725881,0.68571429,0.55416991,0.68100358,0.79166667,0.74824191,0.41322314,0.30578512,0.28099174,87.89161382,10.9395849,110.854,0.242677824,0.443514644,0.313807531,2.273688993,Victor Reyes,CF/RF/LF,S,R,DET,28,4.075,-0.032498993,,,0,,,CHW,1.0,0.0,
2396,Carlos Santana,- - -,131,506,87,50,18,0,19,52,60,0,0.140316205,0.173913043,0.174013921,0.208588957,0.201856148,0.253,0.307997842,0.352,0.375870069,0.438,0.316205533,101.9496115,0.372254358,-8.138829842,1.001670084,-0.737855453,0.864853175,0.806818181,0.09275362,0.44927536,0.21259843,0.63238095,0.42594385,0.63888889,0.85843373,0.80454545,0.48405797,0.33333333,0.1826087,90.74327478,15.3674579,111.263,0.168604651,0.39244186,0.438953488,2.027136758,Carlos Santana,1B/DH,S,R,SEA,37,12.115,0.864715874,,,0,,,PIT,1.0,6725000.0,6725000.0
11342,Jesús Aguilar,- - -,129,507,109,74,19,0,16,39,51,1,0.055226824,0.234714003,0.144396551,0.278443113,0.234913793,0.24,0.288003968,0.298,0.379310344,0.393,0.281437125,82.11509289,-13.95184771,-10.13963604,1.472678237,-3.501672517,-0.713077484,0.235294117,0.06741573,0.35393258,0.35911602,0.64314516,0.49470645,0.5974359,0.84169279,0.74902724,0.37142857,0.38,0.24857143,87.76720498,18.89910889,108.144,0.24,0.308571428,0.451428571,1.794146705,Jesús Aguilar,1B,R,R,BAL,33,6.082,-0.711734414,,,0,,,OAK,1.0,3000000.0,3000000.0
11615,Brandon Drury,- - -,138,568,136,75,31,2,28,87,87,2,0.066901408,0.221830985,0.22972973,0.29347826,0.262548262,0.242,0.349555092,0.316,0.492277992,0.42,0.320422535,123.034104,12.42850455,-2.258780453,3.483362591,-2.772280771,3.119411062,0.301587301,0.10353535,0.41666667,0.2985348,0.61217391,0.45941124,0.65337423,0.88494318,0.81165049,0.47222222,0.30050505,0.22727273,89.07791627,13.79496039,112.355,0.196969696,0.409090909,0.393939393,1.725959915,Brandon Drury,3B/1B/2B,R,R,SDP,30,6.001,3.119406462,,3.0,30000000,10000000.0,,LAA,2.0,17000000.0,8500000.0
9256,AJ Pollock,CHW,138,527,120,79,26,1,14,61,56,3,0.060721062,0.185958254,0.143149284,0.278215223,0.245398773,0.258,0.29736662,0.317,0.388548057,0.419,0.292220113,92.11052086,-7.047603126,-4.529595673,3.457911135,-2.368891365,0.534487994,0.326530612,0.09367089,0.42025316,0.33004386,0.73837838,0.53565596,0.55149502,0.88140556,0.7804878,0.43797468,0.32911392,0.23291139,88.75136818,11.75687188,110.847,0.190355329,0.451776649,0.35786802,1.676919334,AJ Pollock,LF/RF/CF,R,R,CHW,35,10.052,0.534487963,,1.0,8000000,8000000.0,,SEA,1.0,7000000.0,7000000.0
12282,Rougned Odor,BAL,135,472,88,53,19,3,13,49,53,6,0.06779661,0.230932203,0.150234742,0.243506493,0.206572769,0.207,0.278355386,0.277,0.356807511,0.339,0.275423728,81.80546084,-8.873347478,-2.886819482,5.094921298,0.79050745,0.332634029,0.293577981,0.06542056,0.33333333,0.31181619,0.70484061,0.50085179,0.54385965,0.84924623,0.75056689,0.44548287,0.35825545,0.19626168,87.8198117,21.54215808,109.654,0.194267515,0.315286624,0.490445859,1.423009882,Rougned Odor,2B,L,R,BAL,29,8.121,0.332634091,,,0,,,SDP,1.0,473118.0,473118.0
2434,Nelson Cruz,WSN,124,507,105,79,16,0,10,50,64,4,0.096646942,0.234714003,0.102678571,0.295031055,0.234375,0.241,0.291587319,0.32,0.337053571,0.399,0.313492063,86.98663173,-8.522326196,-13.2870369,3.037968297,-0.856763406,-0.458609974,0.411764705,0.09253731,0.45671642,0.30978809,0.7042957,0.50803213,0.51465798,0.78439716,0.70256917,0.35240964,0.36144578,0.28614458,90.93959008,7.176202745,113.807,0.192771084,0.524096385,0.28313253,1.242501246,Nelson Cruz,DH,R,R,WSN,42,15.082,-0.458609968,,,0,,,SDP,1.0,1000000.0,1000000.0
14691,Harold Castro,DET,120,443,114,84,21,2,7,37,47,0,0.038374717,0.178329571,0.109523809,0.31845238,0.271428571,0.275,0.29654053,0.316,0.38095238,0.423,0.3,93.21898054,-4.651418744,-12.12456465,2.242467192,-1.271034566,-0.290311114,0.215189873,0.06069364,0.33236994,0.38224852,0.69618696,0.53618818,0.6873065,0.89575972,0.8200225,0.36416185,0.31213873,0.32369942,87.01349274,11.39273631,107.316,0.257309941,0.444444444,0.298245614,1.150913041,Harold Castro,2B/3B/1B/SS/,L,R,DET,29,3.141,-0.290311158,,,0,,,COL,1.0,1300000.0,1300000.0
16252,Trea Turner,LAD,160,708,194,130,39,4,21,101,100,27,0.063559322,0.185028248,0.168711656,0.341897233,0.297546012,0.276,0.349618402,0.335,0.466257668,0.432,0.342776203,128.0095266,29.61016418,6.760659158,6.388403327,6.570009433,6.37611391,0.34351145,0.07561437,0.41398866,0.32484076,0.71461362,0.51213235,0.52069717,0.8608137,0.74874372,0.45351044,0.32827324,0.21821632,88.92110717,10.2028032,112.477,0.214421252,0.428842504,0.356736242,1.140578602,Trea Turner,SS/2B,R,R,LAD,30,6.135,6.376113892,,7.0,210000000,30000000.0,19650000.0,PHI,11.0,300000000.0,27272727.27
15653,Dominic Smith,NYM,58,152,26,15,10,1,0,11,17,0,0.078947368,0.243421052,0.089552239,0.262626262,0.19402985,0.219,0.254076653,0.293,0.283582089,0.36,0.276315789,64.50683873,-5.626136012,-1.850149989,2.577067665,0.641945511,-0.235955892,0.324324324,0.07070707,0.46464646,0.2543554,0.65172414,0.45407279,0.50684932,0.86243386,0.76335878,0.34343434,0.44444444,0.21212121,89.5834517,10.92168635,107.154,0.161616161,0.474747474,0.363636363,1.046211115,Dominic Smith,1B/LF,L,L,NYM,28,4.081,-0.235955894,,,0,,,WSN,1.0,2000000.0,2000000.0
8709,Elvis Andrus,- - -,149,577,133,84,32,0,17,66,58,18,0.067590987,0.159445407,0.155140187,0.272300469,0.24859813,0.245,0.309976446,0.293,0.403738317,0.36,0.303292894,103.9925853,6.686101492,7.729387164,4.495728531,4.093729257,3.429664713,0.423913043,0.04514673,0.34537246,0.29055912,0.6089578,0.45470693,0.65299685,0.87411598,0.80566406,0.40632054,0.35440181,0.23927765,87.92924503,11.94525105,109.915,0.173120728,0.464692482,0.362186788,1.033095296,Elvis Andrus,SS,R,R,CHW,34,14.0,3.429669142,,2.0,20000000,10000000.0,,CHW,1.0,3000000.0,3000000.0
12160,Ben Gamel,PIT,115,423,86,55,20,2,9,42,46,5,0.113475177,0.231678486,0.137466308,0.290566037,0.231805929,0.244,0.307683822,0.316,0.369272237,0.372,0.323877068,95.02452281,-2.418352815,-11.4956193,4.140298599,0.026887078,0.066967735,0.489795918,0.0620438,0.37226277,0.23247664,0.62427071,0.42848803,0.48241206,0.88785047,0.77792916,0.39781022,0.36861314,0.23357664,88.84126487,11.3177758,109.178,0.218518518,0.433333333,0.348148148,1.003100356,Ben Gamel,RF/LF/1B,L,L,PIT,31,6.029,0.066967733,,,0,,,TBR,1.0,0.0,
5254,Robbie Grossman,- - -,129,477,86,59,19,1,7,40,45,6,0.117400419,0.270440251,0.102189781,0.283154121,0.209245742,0.205,0.283252724,0.281,0.311435523,0.305,0.310272536,82.35983961,-9.545870638,-5.770720497,3.435424407,-0.027058918,0.021550707,0.434108527,0.03496503,0.3006993,0.21384298,0.60288066,0.40876289,0.5410628,0.85836177,0.77553594,0.48951049,0.31118881,0.1993007,86.69506922,21.08430133,105.826,0.242105263,0.312280701,0.445614035,0.994142186,Robbie Grossman,LF/RF,S,L,ATL,33,8.06,0.021547582,,,0,,,TEX,1.0,2000000.0,2000000.0
5235,Justin Turner,LAD,128,532,130,81,36,0,13,61,81,3,0.093984962,0.167293233,0.160256411,0.312834224,0.277777777,0.267,0.342769937,0.339,0.438034188,0.427,0.34962406,123.3267221,10.26548939,-6.731637478,2.78573092,-4.152732801,2.292635918,0.561797752,0.08010336,0.40568475,0.27042802,0.67741935,0.48227612,0.6942446,0.86111111,0.81624758,0.35917313,0.34883721,0.29198966,89.45096948,18.41770563,108.86,0.245478036,0.320413436,0.434108527,0.975415728,Justin Turner,3B/DH,R,R,LAD,38,12.045,2.292635918,,1.0,12000000,12000000.0,,BOS,2.0,21700000.0,10850000.0
15082,Adam Engel,CHW,119,260,55,39,13,1,2,32,17,12,0.042307692,0.292307692,0.085714286,0.317365269,0.224489795,0.219,0.256305084,0.246,0.310204081,0.287,0.269230769,63.12193792,-9.783950656,0.316307187,6.818862992,1.005734751,-0.130664985,0.144736842,0.01775148,0.32544379,0.28628231,0.65714286,0.46928499,0.40972222,0.80745342,0.68454936,0.41420118,0.31360947,0.27218935,87.9397806,15.02694611,111.202,0.214285714,0.392857142,0.392857142,0.912112431,Adam Engel,CF/RF/LF,R,R,CHW,31,5.058,-0.130664974,,,0,,,SDP,1.0,1000000.0,1000000.0
12180,Jorge Alfaro,SDP,82,274,63,42,14,0,7,25,40,1,0.040145985,0.357664233,0.13671875,0.363636363,0.24609375,0.238,0.291034514,0.295,0.3828125,0.397,0.284671532,89.94182712,-3.89918466,-1.874207616,2.368347491,-0.697223756,0.383508122,0.112244897,0.11180124,0.38509317,0.47388781,0.78615071,0.62599206,0.46938776,0.7642487,0.64976228,0.35403727,0.37267081,0.27329193,89.41849695,7.99002555,115.202,0.242236024,0.465838509,0.291925465,0.872798868,Jorge Alfaro,C,R,R,SDP,30,5.083,0.383508146,,,0,,,BOS,1.0,0.0,
4106,Michael Brantley,HOU,64,277,70,50,14,1,5,28,26,1,0.111913357,0.108303249,0.127572017,0.311004784,0.288065843,0.31,0.344920999,0.374,0.41563786,0.467,0.369565217,127.7268327,7.027148307,-5.539426297,2.462980029,-1.61551062,1.07606183,1.033333333,0.06046512,0.45116279,0.22177419,0.60196078,0.41451292,0.78181818,0.9218241,0.88489209,0.37209302,0.41860465,0.20930233,89.81226859,10.68726859,108.221,0.242990654,0.443925233,0.313084112,0.82289323,Michael Brantley,DH/LF/RF,L,L,HOU,36,12.131,1.076061845,,1.0,12000000,12000000.0,,HOU,1.0,12000000.0,12000000.0
14350,Raimel Tapia,TOR,128,433,109,79,20,3,7,47,52,8,0.036951501,0.187066974,0.114355231,0.314814814,0.265206812,0.256,0.292947872,0.286,0.379562043,0.366,0.292056074,90.83893491,-2.498691671,-7.162828922,5.279070964,1.965072155,0.423473793,0.197530864,0.05059524,0.375,0.41532756,0.69180754,0.55006337,0.67559524,0.88533835,0.80414747,0.33832335,0.36826347,0.29341317,87.6429214,4.038101427,111.68,0.196374622,0.546827794,0.256797583,0.807646249,Raimel Tapia,LF/RF/CF,L,L,TOR,29,5.02,0.423473835,,,0,,,BOS,1.0,731183.0,731183.0
13338,Omar Narváez,MIL,84,296,54,37,12,1,4,21,23,0,0.097972972,0.192567567,0.099236641,0.247524752,0.20610687,0.207,0.269302787,0.268,0.305343511,0.293,0.291525423,71.00868443,-10.6687323,13.06583682,1.612793846,-0.698483406,1.320844998,0.508771929,0.02415459,0.18357488,0.27288428,0.71641791,0.49915398,0.6835443,0.84027778,0.79830508,0.40096618,0.32850242,0.2705314,84.67761892,17.74124461,106.392,0.196078431,0.357843137,0.446078431,0.777149315,Omar Narváez,C,L,R,MIL,31,6.089,1.320845008,,2.0,14000000,7000000.0,,NYM,2.0,15000000.0,7500000.0
15937,Aledmys Díaz,HOU,92,327,74,49,13,0,12,35,38,1,0.055045871,0.16207951,0.160655738,0.256198347,0.24262295,0.261,0.300947171,0.308,0.403278688,0.396,0.287461773,96.68223292,-3.66613936,1.035610855,2.054616048,-2.445293067,0.80969957,0.339622641,0.06299213,0.36614173,0.30782313,0.74232082,0.52470187,0.61325967,0.85977011,0.78733766,0.48818898,0.32283465,0.18897638,86.6147926,12.37419007,111.998,0.225296442,0.403162055,0.371541501,0.675929673,Aledmys Díaz,2B/SS/3B/LF,R,R,HOU,32,6.1,0.809699595,,,0,,,OAK,2.0,14500000.0,7250000.0
12164,Miguel Sanó,MIN,20,71,5,4,0,0,1,1,3,1,0.126760563,0.352112676,0.05,0.114285714,0.083333333,0.167,0.176426944,0.302,0.133333333,0.336,0.211267605,7.909607104,-8.131023124,-2.836376786,2.696096681,-0.773357996,-0.915761629,0.36,0.13888889,0.52777778,0.17261905,0.63291139,0.39570552,0.24137931,0.78,0.65891473,0.5,0.27777778,0.22222222,93.89037408,30.04730225,108.048,0.222222222,0.166666666,0.611111111,0.58102685,Miguel Sanó,1B/DH,R,R,MIN,30,7.066,-0.91576159,,1.0,5000000,5000000.0,,,,,
15104,Jonathan Davis,MIL,37,91,17,16,1,0,0,9,4,7,0.153846153,0.285714285,0.013157895,0.34,0.22368421,0.218,0.278283392,0.284,0.236842105,0.262,0.344444444,77.14939138,-1.387057329,3.476163656,5.147275607,1.028879254,0.548042332,0.538461538,0.0,0.21568627,0.22159091,0.58,0.41223404,0.53846154,0.87931034,0.79354839,0.45098039,0.39215686,0.15686275,84.60257813,2.756616516,109.114,0.2,0.6,0.2,0.580539936,Jonathan Davis,CF/LF/RF,R,R,MIL,31,2.075,0.548042297,,,0,,,DET,1.0,0.0,
11038,Kevin Kiermaier,TBR,63,221,47,32,8,0,7,28,22,6,0.063348416,0.276018099,0.140776699,0.289855072,0.228155339,0.25,0.286161449,0.305,0.368932038,0.388,0.280542986,88.73360633,0.072425722,1.965491951,4.907642677,2.874273516,0.947866619,0.229508196,0.06896552,0.3862069,0.28894472,0.72055427,0.51383875,0.35652174,0.83333333,0.70491803,0.33103448,0.33793103,0.33103448,87.86434537,5.305312163,109.85,0.2,0.524137931,0.275862068,0.557047274,Kevin Kiermaier,CF,L,R,TBR,33,8.131,0.947866619,,2.0,16000000,8000000.0,,TOR,1.0,9000000.0,9000000.0
11899,Joc Pederson,SFG,134,433,104,59,19,3,23,57,70,3,0.09699769,0.230946882,0.247368421,0.310344827,0.27368421,0.266,0.373204232,0.367,0.521052631,0.502,0.353348729,144.4071688,22.32041353,-15.00259495,3.966500366,-0.019801419,2.332348737,0.42,0.15140845,0.52112676,0.28121485,0.65326633,0.45697329,0.56,0.88076923,0.77662338,0.37676056,0.36971831,0.25352113,93.16222838,14.77938438,112.82,0.189285714,0.360714285,0.45,0.521646075,Joc Pederson,RF/LF,L,L,SFG,31,8.028,2.332348824,,2.0,20000000,10000000.0,19650000.0,SFG,1.0,19650000.0,19650000.0
11902,Hanser Alberto,LAD,73,159,38,25,9,2,2,13,15,0,0.018867924,0.157232704,0.121794872,0.279069767,0.243589743,0.216,0.269575342,0.234,0.365384615,0.304,0.257861635,73.27813983,-5.275508261,-3.358191676,3.562757065,-0.339110153,-0.33219601,0.12,0.01526718,0.18320611,0.4469697,0.76653696,0.60460653,0.59322034,0.83756345,0.74603175,0.46564885,0.29770992,0.23664122,82.85079355,10.75588725,104.083,0.157480314,0.488188976,0.354330708,0.514068165,Hanser Alberto,2B/3B,R,R,LAD,30,6.085,-0.332195967,,,0,,,CHW,1.0,791398.0,791398.0
12976,Austin Hedges,CLE,105,338,48,37,4,0,7,26,30,2,0.073964497,0.23076923,0.085034013,0.193396226,0.163265306,0.18,0.224976444,0.238,0.248299319,0.261,0.240853658,42.74847091,-22.22297644,11.24737433,2.920008485,-0.447326122,-0.029974215,0.32051282,0.03056769,0.22270742,0.278125,0.65772871,0.46703297,0.52808989,0.83932854,0.74621849,0.45414847,0.33187773,0.2139738,84.18294571,16.70482273,107.12,0.179723502,0.382488479,0.437788018,0.469289501,Austin Hedges,C,R,R,CLE,30,6.166,-0.029974166,,,0,,,PIT,1.0,5000000.0,5000000.0
6310,Alcides Escobar,WSN,42,131,27,21,4,2,0,12,8,1,0.038167938,0.244274809,0.064516129,0.29347826,0.217741935,0.21,0.24193589,0.233,0.282258064,0.264,0.259541984,53.03626162,-6.809330231,-0.728779674,5.304586012,0.338600276,-0.318299584,0.15625,0.01086957,0.17391304,0.40392157,0.65490196,0.52941176,0.66990291,0.88622754,0.8037037,0.2826087,0.43478261,0.2826087,81.75176532,15.65135377,108.093,0.296703296,0.351648351,0.351648351,0.454033751,Alcides Escobar,SS/2B,R,R,WSN,36,10.003,-0.318299592,,,0,,,,,,
12510,Curt Casali,- - -,57,176,30,21,4,0,5,20,17,0,0.136363636,0.284090909,0.128378379,0.263157894,0.202702702,0.189,0.295096947,0.289,0.331081081,0.325,0.318181818,92.57204276,-1.912134755,0.357103527,1.43112244,-0.445816774,0.457880887,0.48,0.06,0.38,0.22976501,0.70951157,0.47150259,0.51136364,0.81521739,0.74175824,0.48,0.27,0.25,87.11775963,25.38758372,106.596,0.23,0.28,0.49,0.392209668,Curt Casali,C,R,R,SEA,34,6.151,0.457881242,,,0,,,CIN,1.0,3250000.0,3250000.0
18314,Dansby Swanson,ATL,162,696,177,119,32,1,25,99,96,18,0.070402298,0.261494252,0.1703125,0.347826086,0.2765625,0.257,0.337436752,0.337,0.446875,0.461,0.329022988,116.7711499,17.26822706,21.98793221,4.79645712,3.706392383,6.635719456,0.269230769,0.10822511,0.46103896,0.25597533,0.70632737,0.49400218,0.51204819,0.78286271,0.71670346,0.3982684,0.35064935,0.25108225,90.17573041,15.74891752,109.62,0.212121212,0.387445887,0.4004329,0.390889457,Dansby Swanson,SS,R,R,ATL,29,6.047,6.635719299,,6.0,141000000,23500000.0,19650000.0,CHC,7.0,177000000.0,25285714.29
14566,Franmil Reyes,- - -,118,473,97,64,17,2,14,43,47,2,0.063424947,0.33192389,0.143835616,0.307407407,0.221461187,0.203,0.279756885,0.275,0.365296803,0.358,0.272727272,81.08197316,-12.43424956,-12.18446224,3.179129639,-2.34096624,-0.957936689,0.191082802,0.11267606,0.45774648,0.29424539,0.65879828,0.47760389,0.36531365,0.78338762,0.65536723,0.42605634,0.29929577,0.27464789,91.98637644,9.920239775,112.369,0.179577464,0.475352112,0.345070422,0.371375656,Franmil Reyes,DH/RF,R,R,CHC,27,4.115,-0.957936943,,,0,,,KCR,1.0,2000000.0,2000000.0
15191,Chad Pinder,OAK,111,379,85,55,18,0,12,38,42,2,0.036939313,0.311345646,0.149584488,0.313304721,0.235457063,0.235,0.280702423,0.28,0.385041551,0.38,0.262599469,84.80019659,-6.430863911,-10.08602762,2.883558255,0.051665919,-0.475637416,0.118644067,0.06477733,0.4048583,0.30165913,0.72351421,0.52887961,0.45,0.77321429,0.68815789,0.41463415,0.34552846,0.2398374,87.47031573,9.665404265,109.787,0.2,0.493877551,0.306122448,0.367877653,Chad Pinder,3B/2B/SS/LF/,R,R,OAK,31,6.047,-0.475637436,,,0,,,CIN,1.0,0.0,
5222,Justin Upton,SEA,17,57,6,4,1,0,1,2,3,0,0.105263157,0.403508771,0.083333333,0.208333333,0.125,0.157,0.230911994,0.249,0.208333333,0.218,0.263157894,52.04381181,-4.138698207,-1.300441347,0.14285714,-1.062694499,-0.381805336,0.260869565,0.04,0.32,0.25225225,0.6440678,0.45414847,0.28571429,0.77631579,0.64423077,0.56,0.28,0.16,88.52454631,26.51202901,105.292,0.16,0.28,0.56,0.34851998,Justin Upton,DH/LF/RF,R,R,SEA,35,14.06,-0.38180536,,,0,,,,,,
6012,Didi Gregorius,PHI,63,232,45,31,9,4,1,17,19,1,0.056034482,0.155172413,0.093457944,0.245810055,0.210280373,0.237,0.251484232,0.275,0.303738317,0.327,0.262931034,58.60606334,-10.87947613,-1.208451748,5.081468135,0.278131417,-0.431199965,0.361111111,0.02777778,0.22777778,0.42201835,0.80306905,0.60217654,0.58152174,0.90764331,0.78714859,0.34444444,0.42222222,0.23333333,84.52392854,15.77890239,106.464,0.191011235,0.398876404,0.410112359,0.347237972,Didi Gregorius,SS,L,R,PHI,33,8.159,-0.431199998,,,0,,,,,,
10199,Billy Hamilton,- - -,37,23,1,1,0,0,0,13,0,10,0.086956521,0.52173913,0.0,0.125,0.05,0.154,0.102788123,0.196,0.05,0.174,0.136363636,-44.59850462,-2.055989434,-0.670137778,7.488241385,1.762452915,-0.205486901,0.166666666,0.0,0.11111111,0.35555556,0.76190476,0.55172414,0.5,0.5,0.5,0.44444444,0.22222222,0.33333333,78.40896861,28.29938507,105.74,0.166666666,0.166666666,0.666666666,0.33215412,Billy Hamilton,CF/LF,S,R,MIN,32,8.087,-0.20628278,,,0,,,CHW,1.0,0.0,
3298,Charlie Culberson,TEX,70,124,29,21,6,0,2,19,12,2,0.04032258,0.25,0.104347826,0.329268292,0.252173913,0.226,0.280978764,0.251,0.356521739,0.303,0.283333333,81.06645336,-2.541595489,-5.170796096,4.098232944,0.10033266,-0.397996182,0.161290322,0.01136364,0.27272727,0.42009132,0.74545455,0.58314351,0.51086957,0.81707317,0.70703125,0.45454545,0.32954545,0.21590909,85.28805687,5.87067486,103.75,0.166666666,0.559523809,0.273809523,0.329902875,Charlie Culberson,3B/2B/LF,R,R,TEX,34,7.051,-0.397996187,,,0,,,TBR,1.0,0.0,
10231,Jose Iglesias,COL,118,467,128,95,30,0,3,48,47,2,0.036402569,0.119914346,0.088838269,0.326370757,0.291571753,0.266,0.311555654,0.281,0.380410022,0.323,0.327623126,87.08973373,-7.540913639,4.105604827,2.184729352,-0.536069993,1.326118127,0.303571428,0.00518135,0.2746114,0.41148886,0.62259887,0.51898734,0.78062678,0.93647913,0.87583149,0.41450777,0.3626943,0.22279793,83.83676579,5.97009786,109.939,0.22077922,0.522077922,0.257142857,0.315266231,Jose Iglesias,SS/2B,R,R,COL,33,10.036,1.326118112,,1.0,5000000,5000000.0,,MIA,1.0,0.0,
12981,Cam Gallagher,KCR,18,47,9,4,5,0,0,1,5,0,0.063829787,0.276595744,0.119047619,0.310344827,0.214285714,0.187,0.26464489,0.22,0.333333333,0.242,0.266666666,65.07625673,-1.920173904,0.824482679,0.14285714,-0.073092703,0.041033129,0.23076923,0.0,0.25806452,0.25,0.71111111,0.48850575,0.61904762,0.875,0.81176471,0.48387097,0.35483871,0.16129032,85.82006836,16.25548009,110.245,0.142857142,0.392857142,0.464285714,0.298819184,Cam Gallagher,C,R,R,BAL,30,4.073,0.041033115,,,0,,,CLE,1.0,1250000.0,1250000.0
3142,Robinson Chirinos,BAL,67,220,35,22,9,0,4,10,22,1,0.086363636,0.304545454,0.107692308,0.248,0.179487179,0.168,0.251383574,0.245,0.287179487,0.281,0.264840182,62.76392771,-9.438741785,-9.945203513,1.62668866,-0.220377022,-1.304671867,0.283582089,0.06923077,0.33076923,0.3059867,0.71393035,0.4982415,0.49275362,0.77003484,0.68,0.51538462,0.33846154,0.14615385,84.77157665,17.59187761,107.602,0.181102362,0.401574803,0.417322834,0.277013903,Robinson Chirinos,C,R,R,BAL,39,10.022,-1.304671884,,,0,,,,,,
9368,Evan Longoria,SFG,89,298,65,38,13,0,14,31,42,0,0.090604026,0.278523489,0.206766917,0.296511627,0.244360902,0.233,0.329907353,0.324,0.451127819,0.437,0.315436241,114.8018763,3.09761106,-0.032121956,0.880036621,-2.027218207,1.398246988,0.325301204,0.12365591,0.46774194,0.25862069,0.62108731,0.44397641,0.54666667,0.79575597,0.72485769,0.47849462,0.29032258,0.2311828,91.11480385,18.15335313,109.618,0.220430107,0.365591397,0.413978494,0.260128409,Evan Longoria,3B,R,R,SFG,37,14.17,1.398247004,,1.0,8000000,8000000.0,,ARI,1.0,4000000.0,4000000.0
2136,David Peralta,- - -,134,490,110,65,30,3,12,39,59,1,0.083673469,0.232653061,0.164009111,0.307210031,0.250569476,0.249,0.314718114,0.313,0.414578587,0.399,0.31632653,103.5986867,2.563487098,-3.098219246,2.53280439,0.447917898,1.661321722,0.359649122,0.08459215,0.44108761,0.33369923,0.67138194,0.50327869,0.52302632,0.86385737,0.75135722,0.3897281,0.39274924,0.21752266,90.33495799,15.05784953,113.007,0.226586102,0.362537764,0.410876132,0.23521889,David Peralta,LF/RF,L,L,TBR,35,8.12,1.658305287,,1.0,8000000,8000000.0,,LAD,1.0,6500000.0,6500000.0
14553,Nomar Mazara,SDP,55,171,42,32,8,0,2,16,18,0,0.058479532,0.233918128,0.088050314,0.341880341,0.264150943,0.25,0.29735035,0.294,0.352201257,0.357,0.315789473,94.26043378,-2.376717375,-1.282142162,1.26785714,-1.236411015,0.233488372,0.25,0.04201681,0.32773109,0.29775281,0.63128492,0.46498599,0.62264151,0.82300885,0.75903614,0.34453782,0.36134454,0.29411765,86.06842503,17.59648479,110.43,0.25210084,0.361344537,0.386554621,0.234916994,Nomar Mazara,RF/LF,L,L,SDP,28,5.112,0.233488366,,,0,,,BAL,1.0,0.0,
14735,Brett Phillips,- - -,83,225,29,18,6,0,5,22,15,7,0.071111111,0.417777777,0.104477612,0.233009708,0.144278606,0.156,0.212754413,0.22,0.248756218,0.244,0.21719457,36.86999906,-14.54289008,8.310553044,5.872538526,1.441116778,0.092803078,0.170212765,0.04464286,0.28571429,0.21218962,0.61781076,0.43482688,0.45744681,0.69369369,0.64168618,0.47321429,0.32142857,0.20535714,88.4945339,22.84301038,107.82,0.235849056,0.320754716,0.443396226,0.213944169,Brett Phillips,CF/RF/LF,L,R,BAL,29,3.013,-0.215168893,,,0,,,LAA,1.0,1200000.0,1200000.0
11442,Gary Sánchez,MIN,128,471,86,46,24,0,16,42,61,2,0.08492569,0.288747346,0.171837709,0.257352941,0.205250596,0.22,0.290182284,0.321,0.377088305,0.439,0.282377919,88.2184895,-7.448990114,5.683008075,2.302180645,-1.204611541,1.378666317,0.294117647,0.13541667,0.49305556,0.29201681,0.59203445,0.44019139,0.49640288,0.82727273,0.71618357,0.5,0.28819444,0.21180556,90.48730128,14.01811319,115.084,0.145833333,0.4375,0.416666666,0.21110791,Gary Sánchez,C,R,R,MIN,30,6.086,1.378666282,,1.0,8000000,8000000.0,,SFG,1.0,0.0,
11442,Gary Sánchez,MIN,128,471,86,46,24,0,16,42,61,2,0.08492569,0.288747346,0.171837709,0.257352941,0.205250596,0.22,0.290182284,0.321,0.377088305,0.439,0.282377919,88.2184895,-7.448990114,5.683008075,2.302180645,-1.204611541,1.378666317,0.294117647,0.13541667,0.49305556,0.29201681,0.59203445,0.44019139,0.49640288,0.82727273,0.71618357,0.5,0.28819444,0.21180556,90.48730128,14.01811319,115.084,0.145833333,0.4375,0.416666666,0.21110791,Gary Sánchez,C,R,R,MIN,30,6.086,1.378666282,,1.0,8000000,8000000.0,,NYM,1.0,1096774.0,1096774.0
14942,Andrew Knapp,- - -,16,46,5,4,1,0,0,4,4,0,0.108695652,0.260869565,0.025641025,0.178571428,0.128205128,0.185,0.194800277,0.254,0.153846153,0.247,0.239130434,19.87064397,-4.486476754,-1.380242243,2.01785714,-0.183824371,-0.450996219,0.416666666,0.0,0.25,0.31914894,0.7195122,0.50568182,0.53333333,0.84745763,0.74157303,0.46428571,0.35714286,0.17857143,86.28501638,17.24148079,104.407,0.222222222,0.444444444,0.333333333,0.206739711,Andrew Knapp,C,S,R,SFG,31,5.0,-0.450996786,,,0,,,DET,1.0,0.0,
17838,Willie Calhoun,- - -,22,62,7,3,3,0,1,7,3,0,0.14516129,0.129032258,0.115384616,0.139534883,0.134615384,0.215,0.248820858,0.309,0.25,0.327,0.274193548,58.74665092,-3.139812231,-1.803761374,2.01785714,-0.231602369,-0.310547664,1.125,0.02272727,0.38636364,0.13513514,0.57377049,0.36480687,0.73333333,0.9,0.87058824,0.45454545,0.38636364,0.15909091,89.43164204,14.1971765,110.442,0.136363636,0.363636363,0.5,0.206033603,Willie Calhoun,DH/LF/RF,L,R,SFG,28,3.066,-0.310547322,,,0,,,NYY,1.0,0.0,
18889,Danny Mendick,CHW,31,106,28,20,4,1,3,22,15,1,0.066037735,0.216981132,0.154639176,0.352112676,0.288659793,0.229,0.34363514,0.273,0.443298969,0.327,0.342857142,124.7751241,3.355878342,0.399451315,6.357590008,0.400663583,0.746298778,0.304347826,0.04,0.2,0.19587629,0.60964912,0.41943128,0.57894737,0.79856115,0.75141243,0.37333333,0.34666667,0.28,86.80348352,10.30366412,107.12,0.246575342,0.424657534,0.328767123,0.193606912,Danny Mendick,2B/SS/3B/LF,R,R,CHW,29,2.168,0.74629879,,,0,,,NYM,1.0,1000000.0,1000000.0
13265,Mike Zunino,TBR,36,123,17,9,3,0,5,7,16,0,0.048780487,0.373983739,0.15652174,0.184615384,0.147826086,0.182,0.219120098,0.252,0.304347826,0.329,0.195121951,41.40381978,-8.083963445,1.469183922,0.212301584,0.026426971,-0.286071689,0.130434782,0.08571429,0.4,0.35797665,0.68444444,0.51037344,0.33695652,0.79220779,0.62195122,0.42857143,0.3,0.27142857,91.79833984,20.82397984,115.027,0.171428571,0.285714285,0.542857142,0.190607379,Mike Zunino,C,R,R,TBR,32,8.165,-0.286071718,,1.0,7500000,7500000.0,,CLE,1.0,6000000.0,6000000.0
17901,Andrew Benintendi,- - -,126,521,140,109,23,3,5,54,51,8,0.099808061,0.147792706,0.095444686,0.3515625,0.303687635,0.273,0.341870865,0.334,0.399132321,0.407,0.373076923,120.6838026,9.978068132,-6.252361715,4.051035447,-2.1484313,2.1213127,0.675324675,0.05128205,0.38461538,0.24304069,0.70534813,0.48103896,0.7092511,0.85121602,0.81641469,0.30512821,0.41025641,0.28461538,89.1748983,12.62371352,109.805,0.22077922,0.433766233,0.345454545,0.190381623,Andrew Benintendi,LF/RF,L,L,NYY,28,6.062,2.123008728,,4.0,56000000,14000000.0,,CHW,5.0,75000000.0,15000000.0
16221,Bradley Zimmer,- - -,109,117,13,6,5,0,2,18,5,3,0.042735042,0.384615384,0.104761905,0.189655172,0.123809523,0.138,0.202754216,0.225,0.228571428,0.268,0.206896551,26.73991138,-9.242401856,2.502467081,5.724038897,0.429975875,-0.314477414,0.111111111,0.1147541,0.3442623,0.34328358,0.64285714,0.50569476,0.42028986,0.77124183,0.66216216,0.3442623,0.39344262,0.26229508,86.9670277,10.47854365,108.347,0.09090909,0.49090909,0.418181818,0.172104247,Bradley Zimmer,CF/RF/LF,L,R,TOR,30,4.077,-0.313919574,,,0,,,LAD,1.0,0.0,
19262,Garrett Hampson,COL,90,226,42,30,7,3,2,29,15,12,0.092920353,0.278761061,0.095477387,0.294117647,0.211055276,0.202,0.266716251,0.261,0.306532663,0.29,0.286995515,56.42970242,-8.599301469,-1.300392509,8.458699392,2.841207111,-0.223115481,0.333333333,0.04255319,0.27659574,0.25845411,0.58050847,0.43002257,0.51401869,0.8540146,0.75853018,0.29078014,0.44680851,0.26241135,86.54693556,10.17899198,106.955,0.161538461,0.484615384,0.353846153,0.169261554,Garrett Hampson,2B/SS/OF,R,R,COL,28,4.03,-0.223115489,,,0,,,MIA,1.0,0.0,
3516,Eric Hosmer,- - -,104,419,102,75,19,0,8,38,44,0,0.088305489,0.15274463,0.113157895,0.304207119,0.268421052,0.258,0.31302634,0.311,0.381578947,0.379,0.334128878,104.0957338,-0.555000456,-7.91635251,0.949154846,-2.586737482,0.609412971,0.578125,0.05678233,0.39747634,0.34210526,0.6453265,0.48855906,0.65384615,0.92857143,0.82911392,0.39116719,0.34700315,0.26182965,88.37627452,3.074524803,112.941,0.179810725,0.567823343,0.25236593,0.162579186,Eric Hosmer,1B,L,L,BOS,33,11.146,0.607897162,,,0,,,CHC,1.0,720000.0,720000.0
3269,Robinson Canó,- - -,33,104,15,13,1,0,1,5,4,0,0.038461538,0.240384615,0.04,0.189189189,0.15,0.209,0.169024181,0.237,0.19,0.299,0.182692307,5.174485118,-13.43542007,-3.283194326,0.906746027,-1.977523054,-1.379743692,0.16,0.04,0.41333333,0.41791045,0.73480663,0.56806283,0.54761905,0.91729323,0.77419355,0.38666667,0.25333333,0.36,88.18867946,5.789487787,111.954,0.189189189,0.527027027,0.283783783,0.150135478,Robinson Canó,2B/DH,L,R,ATL,40,15.076,-1.379742384,,,0,,,,,,
14567,Franchy Cordero,BOS,84,275,53,27,17,1,8,36,29,4,0.101818181,0.334545454,0.17768595,0.3125,0.219008264,0.228,0.304421811,0.313,0.396694214,0.402,0.3003663,91.83907318,-1.084262714,-11.24891758,5.123198169,1.441191624,-0.38172421,0.304347826,0.12337662,0.45454545,0.29947461,0.69038462,0.48579285,0.43274854,0.76601671,0.65849057,0.41558442,0.32467532,0.25974026,89.71026693,12.67620361,117.862,0.226666666,0.386666666,0.386666666,0.148472188,Franchy Cordero,RF/LF/1B,L,R,BOS,28,4.092,-0.381724238,,,0,,,NYY,1.0,1000000.0,1000000.0
10071,Jonathan Villar,- - -,59,220,42,31,6,2,3,25,18,7,0.068181818,0.268181818,0.094059406,0.274647887,0.207920792,0.208,0.249854256,0.247,0.301980198,0.283,0.260273972,59.46825312,-8.159271166,-10.8247838,7.297941303,2.058035708,-1.214339318,0.254237288,0.02739726,0.39726027,0.28381375,0.73943662,0.50513113,0.53125,0.76190476,0.69525959,0.30136986,0.45205479,0.24657534,89.61780927,-0.666090945,109.527,0.174825174,0.601398601,0.223776223,0.136123813,Jonathan Villar,3B/2B/SS,S,R,LAA,32,7.113,-1.210831046,,,0,,,,,,
12092,Niko Goodrum,HOU,15,45,5,3,2,0,0,2,1,1,0.044444444,0.511111111,0.046511628,0.25,0.116279069,0.173,0.145599874,0.205,0.162790697,0.247,0.155555555,-12.98969771,-5.314603444,0.461576998,4.774299136,0.40701251,-0.360114967,0.086956521,0.05,0.35,0.36633663,0.68932039,0.52941176,0.32432432,0.73239437,0.59259259,0.5,0.25,0.25,81.89387817,7.655977631,102.393,0.2,0.5,0.3,0.129146928,Niko Goodrum,2B/SS/LF,S,R,HOU,31,4.069,-0.360114992,,,0,,,BOS,1.0,0.0,
4892,Mike Moustakas,CIN,78,285,54,35,12,0,7,30,25,2,0.084210526,0.263157894,0.130952381,0.2716763,0.214285714,0.195,0.285711031,0.27,0.345238095,0.307,0.294736842,76.08869956,-8.77693082,-5.468939304,3.27316362,-0.859315052,-0.466339025,0.32,0.06111111,0.33888889,0.37819421,0.71225577,0.54173913,0.52252252,0.83541147,0.72391653,0.44444444,0.35,0.20555556,87.6421875,19.3581231,111.652,0.15,0.35,0.5,0.125096438,Mike Moustakas,3B/1B,L,R,CIN,34,11.111,-0.466338962,,,0,,,COL,1.0,720000.0,720000.0
14523,Pedro Severino,MIL,8,21,4,2,2,0,0,0,1,0,0.142857142,0.333333333,0.111111111,0.363636363,0.222222222,0.15,0.302708927,0.227,0.333333333,0.198,0.333333333,93.85094388,-0.236986923,-0.041651733,0.14285714,-0.086958302,0.046596362,0.428571428,0.0,0.18181818,0.23255814,0.69230769,0.48421053,0.4,0.83333333,0.73913043,0.54545455,0.09090909,0.36363636,86.74827992,16.33546309,107.538,0.272727272,0.363636363,0.363636363,0.122314425,Pedro Severino,C,R,R,MIL,29,4.133,0.046596363,,,0,,,SDP,1.0,0.0,
15149,Trey Mancini,- - -,143,587,124,82,23,1,18,56,63,0,0.090289608,0.229982964,0.1522158,0.285714285,0.238921001,0.245,0.31233363,0.327,0.391136801,0.41,0.318568994,105.4969148,1.296901413,-10.97168604,1.511567828,-2.334083535,0.933481444,0.392592592,0.09511568,0.40102828,0.28947368,0.67058824,0.48099662,0.53372434,0.8358396,0.74539069,0.44987147,0.32133676,0.22879177,89.52958884,12.68470654,111.763,0.210796915,0.398457583,0.390745501,0.099506895,Trey Mancini,1B/LF/RF/DH,R,R,HOU,31,6.015,0.9304775,,2.0,16000000,8000000.0,,CHC,2.0,14000000.0,7000000.0
14811,Luke Voit,- - -,135,568,113,69,22,0,22,55,69,1,0.096830985,0.315140845,0.176,0.298360655,0.226,0.222,0.311386057,0.322,0.402,0.434,0.308098591,102.5536819,-3.194390931,-12.33077626,1.466899988,-4.879629894,0.421540924,0.307262569,0.14678899,0.44342508,0.29641965,0.7765043,0.52001779,0.38202247,0.74907749,0.63729683,0.48929664,0.31498471,0.19571865,89.79625084,18.37467896,111.282,0.256880733,0.339449541,0.403669724,0.0884663,Luke Voit,1B/DH,R,R,WSN,32,4.169,0.420811653,,,0,,,MIL,1.0,666667.0,666667.0
15676,José Abreu,CHW,157,679,183,128,40,0,15,85,75,0,0.091310751,0.162002945,0.141430948,0.35,0.304492512,0.296,0.361357748,0.373,0.44592346,0.486,0.37849779,137.2869139,26.14885481,-11.51588094,1.420031053,-2.341217902,3.791219566,0.563636363,0.09494949,0.51717172,0.29588015,0.64367816,0.47341401,0.58734177,0.88169643,0.79163439,0.37979798,0.36161616,0.25858586,92.18051946,7.956433526,113.026,0.204040404,0.478787878,0.317171717,0.069208925,José Abreu,1B,R,R,CHW,36,9.0,3.791219473,,2.0,32000000,16000000.0,,HOU,3.0,58500000.0,19500000.0
13836,Matt Duffy,LAA,77,247,57,47,8,0,2,14,16,0,0.06882591,0.202429149,0.061403508,0.3125,0.25,0.234,0.279052145,0.28,0.311403508,0.333,0.307692307,77.9278171,-6.927088729,-1.256507576,0.559523803,-0.792159139,-0.03901486,0.34,0.02808989,0.25842697,0.26497696,0.624,0.45717345,0.52173913,0.91666667,0.81030445,0.28651685,0.35955056,0.35393258,87.1006687,9.898260257,105.825,0.207865168,0.466292134,0.325842696,0.065137214,Matt Duffy,3B/2B/1B,R,R,LAA,32,7.059,-0.039014846,,,0,,,KCR,1.0,1500000.0,1500000.0
15905,Luis Torrens,SEA,57,166,34,29,2,0,3,13,15,0,0.072289156,0.301204819,0.072847683,0.31,0.225165562,0.236,0.26117935,0.284,0.298013245,0.333,0.28313253,73.41192956,-5.903713092,-3.787218869,0.971345509,-0.937078009,-0.46626291,0.24,0.04854369,0.45631068,0.28025478,0.63360882,0.46971935,0.46590909,0.86521739,0.75471698,0.33980583,0.40776699,0.25242718,90.25908586,8.867878035,107.793,0.262135922,0.466019417,0.27184466,0.054778561,Luis Torrens,C,R,R,SEA,27,3.091,-0.466262907,,,0,,,CHC,1.0,1200000.0,1200000.0
27459,Yoshi Tsutsugo,PIT,50,193,29,23,4,0,2,11,19,0,0.098445595,0.259067357,0.058823529,0.221311475,0.170588235,0.197,0.220749299,0.254,0.229411764,0.285,0.248704663,35.58093123,-15.07297802,-4.314566076,0.740683221,-0.627959023,-1.338501878,0.38,0.05645161,0.35483871,0.23752969,0.63409091,0.44018583,0.58,0.88888889,0.80738786,0.33064516,0.36290323,0.30645161,88.75819052,10.06045237,107.425,0.153225806,0.475806451,0.370967741,0.048292349,Yoshi Tsutsugo,1B/DH,L,R,PIT,31,2.095,-1.338501811,,,0,,,TEX,1.0,0.0,
13367,Stephen Piscotty,OAK,42,139,24,15,4,0,5,12,14,2,0.064748201,0.345323741,0.150793651,0.253333333,0.19047619,0.216,0.258072859,0.275,0.341269841,0.352,0.251798561,68.82419973,-5.240971619,-4.504184961,3.689145302,-0.364566776,-0.561617394,0.1875,0.0625,0.4625,0.39032258,0.75409836,0.55054152,0.32231405,0.80434783,0.61311475,0.4,0.4,0.2,90.4460144,10.42255859,107.876,0.225,0.4625,0.3125,0.037080306,Stephen Piscotty,RF/LF,R,R,OAK,32,6.076,-0.561617374,,,0,,,SFG,1.0,0.0,
9847,Andrew McCutchen,MIL,134,580,122,80,25,0,17,66,69,8,0.098275862,0.213793103,0.147572816,0.277777777,0.236893203,0.252,0.309014727,0.325,0.384466019,0.406,0.315517241,98.16268788,-3.837452138,-10.72036847,3.031513611,-2.599347645,0.56645303,0.459677419,0.08607595,0.4,0.19620253,0.67170111,0.44923858,0.49769585,0.84733728,0.77589454,0.43797468,0.37468354,0.18734177,89.06081456,13.16031695,110.565,0.207594936,0.417721518,0.374683544,0.035883724,Andrew McCutchen,LF/RF/DH,R,R,MIL,36,13.123,0.566453099,,,0,,,PIT,1.0,5000000.0,5000000.0
13621,Jeimer Candelario,DET,124,467,93,59,19,2,13,49,50,0,0.059957173,0.23340471,0.144522145,0.257234726,0.216783216,0.228,0.277191683,0.292,0.361305361,0.379,0.271948608,79.5591008,-12.08274359,-2.523841918,2.841230651,-1.340766536,0.017166526,0.256880733,0.08333333,0.33950617,0.33916849,0.72606061,0.5227142,0.60967742,0.85308848,0.77007701,0.39506173,0.35185185,0.25308642,87.22293614,13.52498905,111.302,0.188271604,0.416666666,0.395061728,0.01359804,Jeimer Candelario,3B,S,R,DET,29,5.038,0.017166568,,,0,,,WSN,1.0,5000000.0,5000000.0
15983,Clint Frazier,CHC,19,45,8,5,3,0,0,4,1,1,0.155555555,0.244444444,0.081081081,0.307692307,0.216216216,0.203,0.305446788,0.3,0.297297297,0.292,0.355555555,98.65842333,-0.10560533,-2.484150529,4.089042727,-0.035463938,-0.109374074,0.636363636,0.03846154,0.30769231,0.18390805,0.65432099,0.41071429,0.375,0.8490566,0.73913043,0.53846154,0.26923077,0.19230769,85.92203125,18.03260132,107.64,0.2,0.48,0.32,0.013545179,Clint Frazier,RF/LF,R,R,CHC,28,4.049,-0.109374069,,,0,,,TEX,1.0,0.0,
12161,Xander Bogaerts,BOS,150,631,171,118,38,0,15,84,73,8,0.090332805,0.187004754,0.149012567,0.361948955,0.307001795,0.259,0.363105864,0.323,0.456014362,0.383,0.37717908,133.2687827,26.8424309,10.28563786,3.4659198,3.219509046,5.993725214,0.483050847,0.06502242,0.39461883,0.26989336,0.63466042,0.4568,0.58054711,0.84501845,0.76882662,0.39910314,0.34529148,0.25560538,88.13089457,10.16989554,112.954,0.217488789,0.46412556,0.31838565,0.011496666,Xander Bogaerts,SS,R,R,BOS,30,9.042,5.9937253,,6.0,168000000,28000000.0,19650000.0,SDP,11.0,280000000.0,25454545.45
8418,Ehire Adrianza,- - -,37,110,17,14,3,0,0,8,7,1,0.1,0.227272727,0.030927836,0.232876712,0.175257731,0.222,0.222315805,0.274,0.206185567,0.288,0.263636363,39.39274896,-7.685003311,-1.550132573,3.269160581,0.060749569,-0.572333548,0.44,0.01369863,0.21917808,0.27358491,0.61904762,0.44549763,0.62068966,0.89230769,0.80851064,0.46575342,0.32876712,0.20547945,84.55569157,12.61484366,104.245,0.197183098,0.507042253,0.295774647,-0.00249198,Ehire Adrianza,3B/2B/SS/LF,S,R,ATL,33,8.131,-0.57233429,,,0,,,ATL,1.0,1000000.0,1000000.0
12649,Alex Dickerson,ATL,13,36,4,3,0,0,1,3,2,0,0.083333333,0.25,0.090909091,0.130434782,0.121212121,0.221,0.18860516,0.297,0.212121212,0.395,0.194444444,15.00393387,-3.301945746,-1.085390925,1.601190471,0.253120455,-0.330621696,0.333333333,0.08333333,0.41666667,0.18666667,0.67105263,0.43046358,0.28571429,0.8627451,0.73846154,0.54166667,0.33333333,0.125,90.05108643,18.16091283,109.278,0.166666666,0.375,0.458333333,-0.005273123,Alex Dickerson,LF/DH,L,L,ATL,33,5.12,-0.330621719,,,0,,,,,,
10950,Adam Duvall,ATL,86,315,61,32,16,1,12,39,36,0,0.066666666,0.32063492,0.18815331,0.27840909,0.212543554,0.209,0.295228263,0.293,0.400696864,0.395,0.276190476,87.91007026,-4.755988542,2.515915632,3.229489897,-0.331320467,0.902586601,0.207920792,0.12765957,0.40425532,0.35601266,0.66496599,0.50491803,0.6,0.79539642,0.72402597,0.49468085,0.31914894,0.18617021,88.26375499,23.43626112,110.142,0.186170212,0.292553191,0.521276595,-0.010686006,Adam Duvall,RF/LF/CF,R,R,ATL,34,6.151,0.902586639,,1.0,7000000,7000000.0,,BOS,1.0,7000000.0,7000000.0
18316,Edwin Ríos,LAD,27,92,21,13,1,0,7,12,17,0,0.054347826,0.391304347,0.255813954,0.325581395,0.244186046,0.225,0.337700399,0.312,0.5,0.457,0.29347826,119.8603024,1.424332301,-3.491485,1.86153062,-0.698521323,0.115262269,0.138888888,0.14,0.4,0.32298137,0.66129032,0.50432277,0.46153846,0.7398374,0.65714286,0.5,0.26,0.24,88.51335938,10.8525,107.909,0.28,0.38,0.34,-0.026388948,Edwin Ríos,1B/3B,L,R,LAD,29,3.003,0.1152623,,,0,,,CHC,1.0,1000000.0,1000000.0
12434,Kevin Pillar,LAD,4,13,1,0,1,0,0,1,0,0,0.076923076,0.307692307,0.083333333,0.125,0.083333333,0.192,0.150016996,0.272,0.166666666,0.364,0.153846153,-8.472783041,-1.67455456,1.058159299,2.64285714,-0.036190167,-0.017763009,0.25,0.125,0.25,0.34782609,0.68181818,0.51111111,0.375,0.8,0.65217391,0.625,0.25,0.125,88.243927,10.66304398,107.864,0.125,0.5,0.375,-0.02910038,Kevin Pillar,CF/LF/RF,R,R,LAD,34,8.072,-0.017763,,,0,,,ATL,1.0,3000000.0,3000000.0
5486,Abraham Almonte,BOS,15,37,9,6,2,0,1,7,2,1,0.027027027,0.324324324,0.142857143,0.363636363,0.257142857,0.184,0.305595055,0.234,0.4,0.295,0.297297297,92.66735885,0.04565297,-1.572977334,5.988406298,0.350954864,-0.037494594,0.083333333,0.04347826,0.30434783,0.23076923,0.55405405,0.38815789,0.5,0.82926829,0.72881356,0.30434783,0.52173913,0.17391304,88.14209515,14.63202435,110.727,0.173913043,0.391304347,0.434782608,-0.056056869,Abraham Almonte,LF/RF/CF,S,R,BOS,34,5.012,-0.037494592,,,0,,,NYM,1.0,0.0,
13546,Roman Quinn,- - -,44,87,17,12,3,2,0,15,7,4,0.08045977,0.413793103,0.088607595,0.395348837,0.215189873,0.188,0.26591658,0.244,0.303797468,0.268,0.287356321,72.43540782,-2.325035932,1.802380458,7.934462383,0.491847554,0.245680575,0.194444444,0.04651163,0.41860465,0.24691358,0.64324324,0.45821326,0.275,0.79831933,0.66666667,0.55813953,0.23255814,0.20930233,91.30687817,23.34982795,107.406,0.297297297,0.243243243,0.459459459,-0.077368919,Roman Quinn,CF/LF/RF,S,R,TBR,30,4.035,0.245680213,,,0,,,CLE,1.0,0.0,
5273,Sandy León,- - -,34,86,12,9,3,0,0,6,4,0,0.15116279,0.313953488,0.042253521,0.272727272,0.169014084,0.187,0.246342377,0.263,0.211267605,0.238,0.297619047,57.21668691,-5.590366007,0.617660284,1.01785714,-1.449985958,-0.236528821,0.481481481,0.0,0.26086957,0.17222222,0.55555556,0.37726098,0.58064516,0.82608696,0.7739726,0.52173913,0.23913043,0.23913043,84.27650203,21.42658677,104.02,0.363636363,0.272727272,0.363636363,-0.084148656,Sandy León,C,S,R,MIN,34,8.043,-0.234602943,,,0,,,TEX,1.0,0.0,
12325,Jace Peterson,MIL,113,328,68,44,14,2,8,44,34,12,0.100609756,0.259146341,0.145833333,0.303030303,0.236111111,0.231,0.305926835,0.3,0.381944444,0.362,0.31595092,96.05126693,2.607771367,6.193117335,6.564911959,4.112568608,2.108803669,0.388235294,0.07211538,0.36057692,0.25072886,0.54632153,0.40352113,0.52906977,0.86034913,0.7609075,0.41826923,0.36057692,0.22115385,88.59326893,9.735925233,108.794,0.230392156,0.450980392,0.31862745,-0.086683122,Jace Peterson,3B/1B/2B/LF/,L,R,MIL,33,6.142,2.108803749,,,0,,,OAK,2.0,9500000.0,4750000.0
15124,Tim Locastro,NYY,38,46,8,5,1,0,2,13,4,8,0.04347826,0.152173913,0.162790698,0.176470588,0.186046511,0.253,0.259183361,0.316,0.348837209,0.416,0.239130434,65.65579915,-0.682677831,-1.184121162,6.905409681,1.095104519,-0.043251164,0.285714285,0.05555556,0.25,0.34666667,0.7032967,0.54216867,0.76923077,0.75,0.75555556,0.52777778,0.33333333,0.13888889,86.49112723,11.83751569,108.077,0.25,0.388888888,0.361111111,-0.156293472,Tim Locastro,CF/LF/RF,R,R,NYY,30,3.122,-0.043251161,,,0,,,NYM,1.0,1400000.0,1400000.0
12927,Brandon Nimmo,NYM,151,673,159,106,30,7,16,102,64,3,0.105497771,0.172362555,0.158620689,0.31707317,0.274137931,0.256,0.352713624,0.338,0.43275862,0.403,0.367164179,131.9522638,27.90482343,0.506291389,4.713276034,2.920760632,5.413952784,0.612068965,0.07021277,0.39787234,0.21128909,0.63741497,0.43653362,0.62093863,0.886873,0.8261944,0.3212766,0.38510638,0.29361702,89.39175197,6.124197672,111.935,0.177105831,0.505399568,0.3174946,-0.158675374,Brandon Nimmo,CF/RF/LF,L,R,NYM,30,6.042,5.413952827,,5.0,100000000,20000000.0,19650000.0,NYM,8.0,162000000.0,20250000.0
10047,Wil Myers,SDP,77,286,68,46,15,0,7,29,41,2,0.073426573,0.3006993,0.137931034,0.356725146,0.260536398,0.225,0.310801383,0.288,0.398467432,0.373,0.314685314,103.4579043,1.891783611,-0.430203199,2.514026984,0.742769466,1.186498175,0.244186046,0.07303371,0.37640449,0.28880866,0.60066007,0.45172414,0.50625,0.79120879,0.70419847,0.38764045,0.31460674,0.29775281,88.54874442,13.04959682,109.419,0.21590909,0.40340909,0.380681818,-0.165353832,Wil Myers,1B/RF/LF,R,R,SDP,32,9.104,1.186498165,,,0,,,CIN,1.0,7500000.0,7500000.0
16909,Colin Moran,CIN,42,128,23,15,3,0,5,11,23,0,0.125,0.234375,0.165137614,0.233766233,0.211009174,0.233,0.300172685,0.318,0.376146788,0.383,0.3046875,85.97720637,-2.310283396,-1.047278285,0.620798315,-0.224876151,0.109806717,0.533333333,0.08536585,0.3902439,0.29577465,0.73170732,0.49811321,0.55952381,0.83333333,0.74621212,0.4691358,0.30864198,0.22222222,90.36278091,10.31148771,110.421,0.195121951,0.5,0.304878048,-0.173776165,Colin Moran,1B/3B,L,R,CIN,30,4.107,0.109806716,,,0,,,SEA,1.0,0.0,
8203,Dee Strange-Gordon,WSN,23,59,18,16,1,1,0,6,2,3,0.0,0.13559322,0.050847458,0.352941176,0.305084745,0.22,0.288210689,0.213,0.355932203,0.268,0.305084745,84.67777922,-0.83670548,-4.134194762,6.601101531,0.213610791,-0.308817303,0.0,0.0,0.17647059,0.4625,0.65517241,0.57653061,0.81081081,0.86842105,0.84955752,0.45098039,0.35294118,0.19607843,84.42822266,1.302198838,100.368,0.224489795,0.571428571,0.204081632,-0.195370627,Dee Strange-Gordon,2B/CF/LF,L,R,WSN,35,8.154,-0.308817297,,,0,,,,,,
2900,Roberto Pérez,PIT,21,69,14,10,2,0,2,8,8,0,0.130434782,0.36231884,0.133333333,0.363636363,0.233333333,0.212,0.314553052,0.308,0.366666666,0.376,0.333333333,99.72152572,-0.094943409,3.368580028,1.303571421,-0.07261897,0.592949278,0.36,0.11428571,0.51428571,0.23870968,0.5620915,0.39935065,0.2972973,0.77906977,0.63414634,0.57142857,0.31428571,0.11428571,89.3496024,5.38536159,109.842,0.2,0.457142857,0.342857142,-0.219337613,Roberto Pérez,C,R,R,PIT,34,8.083,0.592949271,,,0,,,SFG,1.0,2500000.0,2500000.0
10323,Rafael Ortega,CHC,118,371,76,54,14,1,7,35,35,12,0.118598382,0.199460916,0.117088607,0.285123966,0.240506329,0.241,0.30480012,0.307,0.357594936,0.346,0.330623306,98.21624858,-3.88215271,-2.28318873,4.215792062,-3.113279714,0.692720767,0.594594594,0.04780876,0.33466135,0.26064516,0.6462585,0.44834437,0.65346535,0.89052632,0.81979321,0.42,0.336,0.244,87.2476896,17.07755137,108.379,0.214574898,0.336032388,0.449392712,-0.240973271,Rafael Ortega,RF/LF/CF,L,R,CHC,32,2.145,0.692720771,,,0,,,NYY,1.0,0.0,
14950,Johan Camargo,PHI,52,166,36,30,3,0,3,8,15,0,0.078313253,0.222891566,0.078947368,0.294642857,0.236842105,0.225,0.275573522,0.267,0.315789473,0.309,0.296969696,75.07770024,-5.668690776,2.069925606,0.197204965,-0.862040008,0.221737965,0.351351351,0.02586207,0.27586207,0.34447301,0.65653495,0.48746518,0.67910448,0.84259259,0.78,0.46551724,0.27586207,0.25862069,86.40661835,11.64943869,106.659,0.254385964,0.412280701,0.333333333,-0.242101946,Johan Camargo,3B/SS/2B,S,R,PHI,29,4.104,0.221737936,,,0,,,KCR,1.0,0.0,
16424,Jordan Luplow,ARI,83,234,36,20,5,0,11,26,28,5,0.106837606,0.256410256,0.185365853,0.185185185,0.175609756,0.198,0.280973864,0.288,0.360975609,0.351,0.273504273,77.71874763,-5.843466687,2.028054714,4.087892849,0.214150451,0.444608158,0.416666666,0.07534247,0.32876712,0.23991935,0.70392157,0.47514911,0.43697479,0.8189415,0.72384937,0.52739726,0.26712329,0.20547945,87.22485857,17.7205819,108.758,0.143835616,0.410958904,0.445205479,-0.243531873,Jordan Luplow,RF/LF/1B,R,R,ARI,29,4.108,0.444608122,,,0,,,ATL,1.0,1400000.0,1400000.0
13329,Jake Lamb,- - -,41,111,21,11,6,1,3,13,6,0,0.099099099,0.342342342,0.175257732,0.321428571,0.216494845,0.215,0.313922411,0.314,0.391752577,0.39,0.315315315,105.3792704,0.187243486,-3.57296297,4.291603539,-0.542326722,0.035543826,0.289473684,0.11864407,0.44067797,0.25641026,0.61643836,0.43046358,0.45,0.80740741,0.6974359,0.40677966,0.3559322,0.23728814,91.51584017,14.98227549,107.401,0.20338983,0.372881355,0.423728813,-0.257366396,Jake Lamb,3B/1B/RF/LF,L,R,SEA,32,7.053,0.035543695,,,0,,,LAA,1.0,625000.0,625000.0
15223,Adam Frazier,SEA,156,602,129,100,22,4,3,61,42,11,0.07641196,0.121262458,0.072088725,0.267515923,0.238447319,0.262,0.273623926,0.297,0.310536044,0.339,0.301003344,82.19753884,-10.72698332,4.051812522,4.86715411,1.33292153,1.298241706,0.630136986,0.01464435,0.23849372,0.29926335,0.6678733,0.48516659,0.74461538,0.92547425,0.87017874,0.36610879,0.36192469,0.27196653,85.11796875,13.64944938,105.106,0.239915074,0.411889596,0.348195329,-0.262531133,Adam Frazier,2B,L,R,SEA,31,6.075,1.298241735,,2.0,16000000,8000000.0,,BAL,1.0,8000000.0,8000000.0
10762,Corey Dickerson,STL,97,297,75,51,17,1,6,28,36,0,0.04040404,0.161616161,0.131672598,0.301310043,0.266903914,0.264,0.302606279,0.293,0.398576512,0.371,0.299663299,95.63187118,-0.599828658,-3.371439695,1.965388003,0.907466322,0.655801026,0.25,0.03829787,0.32340426,0.42026266,0.74181818,0.58356417,0.67857143,0.85294118,0.79113924,0.37021277,0.34042553,0.2893617,87.70575421,10.60524965,112.104,0.212765957,0.459574468,0.327659574,-0.272845644,Corey Dickerson,LF/RF,L,R,STL,34,9.101,0.655800998,,,0,,,WSN,1.0,2250000.0,2250000.0
11339,Jake Marisnick,PIT,31,82,18,10,6,0,2,9,6,2,0.048780487,0.292682926,0.155844156,0.31372549,0.233766233,0.226,0.282720061,0.27,0.389610389,0.361,0.271604938,77.95494492,-1.991078024,3.15131855,4.261243017,0.109173974,0.418006626,0.166666666,0.07407407,0.42592593,0.39333333,0.73188406,0.55555556,0.42372881,0.86138614,0.7,0.33333333,0.48148148,0.18518519,88.44985248,19.85271567,110.23,0.208333333,0.333333333,0.458333333,-0.274169324,Jake Marisnick,CF/RF/LF,R,R,PIT,32,7.132,0.418006629,,,0,,,CHW,1.0,0.0,
10030,Chris Owings,BAL,27,68,6,4,2,0,0,6,0,1,0.147058823,0.352941176,0.035714285,0.1875,0.107142857,0.145,0.203970291,0.238,0.142857142,0.199,0.253731343,29.29114503,-5.847047119,-2.089400411,4.409313914,-0.436389409,-0.607484997,0.416666666,0.03030303,0.15151515,0.27972028,0.60169492,0.42528736,0.425,0.78873239,0.65765766,0.39393939,0.39393939,0.21212121,80.35182239,10.80163968,102.691,0.2,0.533333333,0.266666666,-0.278231875,Chris Owings,2B/SS/LF,R,R,BAL,31,7.131,-0.607484996,,,0,,,PIT,1.0,0.0,
14274,Mitch Haniger,SEA,57,247,55,36,8,0,11,31,34,0,0.080971659,0.263157894,0.183035714,0.293333333,0.245535714,0.242,0.3191415,0.326,0.428571428,0.447,0.307692307,114.3319909,3.47940109,-2.209236979,1.47098214,-0.504153941,0.953595602,0.307692307,0.11801242,0.47204969,0.25918367,0.64426877,0.45481928,0.51968504,0.80674847,0.72626932,0.45962733,0.32298137,0.2173913,91.89609011,18.21832844,111.046,0.198757763,0.372670807,0.428571428,-0.32554951,Mitch Haniger,RF/LF,R,R,SEA,32,6.048,0.953595638,,2.0,24000000,12000000.0,,SFG,3.0,43500000.0,14500000.0
13768,Travis Jankowski,- - -,44,64,9,9,0,0,0,11,2,3,0.125,0.15625,0.0,0.2,0.163636363,0.198,0.221637839,0.259,0.163636363,0.23,0.28125,42.47014054,-3.231396695,-0.064695179,6.430905074,1.051437044,-0.115199656,0.8,0.0,0.22222222,0.15789474,0.584,0.36434109,0.71428571,0.95890411,0.90425532,0.31111111,0.44444444,0.24444444,80.48336356,-3.248401823,102.307,0.095238095,0.714285714,0.19047619,-0.339324833,Travis Jankowski,CF/LF/RF,L,R,SEA,32,5.028,-0.115199894,,,0,,,TEX,1.0,1250000.0,1250000.0
12984,Jackie Bradley Jr.,- - -,132,370,70,42,23,1,4,30,38,2,0.064864864,0.208108108,0.107558139,0.25095057,0.203488372,0.223,0.251507897,0.268,0.311046511,0.33,0.255434782,56.03286136,-19.24518541,5.31501925,2.729748531,-0.939024723,-0.233927691,0.311688311,0.04832714,0.37174721,0.28376328,0.68269231,0.49315068,0.57219251,0.78470825,0.72660819,0.42750929,0.34572491,0.2267658,87.63136977,7.398722811,107.564,0.16981132,0.505660377,0.324528301,-0.34422284,Jackie Bradley Jr.,CF/RF/LF,L,R,TOR,33,8.15,-0.23456572,,,0,,,KCR,1.0,383065.0,383065.0
10847,Andrelton Simmons,CHC,35,85,13,12,1,0,0,8,7,4,0.082352941,0.152941176,0.013333333,0.209677419,0.173333333,0.158,0.203523102,0.199,0.186666666,0.189,0.243902439,28.96562805,-6.114118279,1.372766852,5.946071125,0.900981241,-0.190803008,0.538461538,0.0,0.10769231,0.31506849,0.63815789,0.47986577,0.73913043,0.86597938,0.82517483,0.41538462,0.41538462,0.16923077,81.38868001,1.136872964,100.61,0.080645161,0.64516129,0.274193548,-0.353692851,Andrelton Simmons,SS/2B,R,R,CHC,33,9.122,-0.190803006,,,0,,,,,,
14773,Yu Chang,- - -,69,190,35,25,6,0,4,19,15,0,0.084210526,0.310526315,0.107142857,0.289719626,0.208333333,0.213,0.272915223,0.29,0.31547619,0.357,0.289473684,76.72769725,-5.340619868,1.978097719,1.927444275,-0.114818455,0.292166522,0.27118644,0.09009009,0.36936937,0.28418231,0.65809769,0.47506562,0.5,0.84765625,0.74585635,0.43243243,0.36936937,0.1981982,88.78429351,14.3217037,111.266,0.171171171,0.423423423,0.405405405,-0.372310393,Yu Chang,2B/3B/SS/1B,R,R,BOS,27,3.007,0.292166322,,,0,,,BOS,1.0,850000.0,850000.0
5933,Jean Segura,PHI,98,387,98,79,9,0,10,45,33,13,0.064599483,0.149870801,0.110169491,0.306620209,0.276836158,0.254,0.319867528,0.303,0.387005649,0.363,0.335917312,105.3648028,2.800770613,3.891783714,4.012991875,0.388582922,2.100545371,0.431034482,0.04377104,0.38383838,0.35567715,0.63001486,0.48717949,0.70769231,0.90801887,0.83187135,0.31313131,0.38720539,0.2996633,87.5712492,4.275552698,110.999,0.164983164,0.565656565,0.269360269,-0.401860115,Jean Segura,2B,R,R,PHI,33,10.065,2.100545406,,2.0,24000000,12000000.0,,MIA,2.0,17000000.0,6500000.0
9774,Christian Vázquez,- - -,119,426,109,77,23,0,9,41,52,1,0.051643192,0.16197183,0.125628141,0.309597523,0.273869346,0.262,0.31228052,0.301,0.399497487,0.375,0.31455399,99.2368937,-6.060433232,10.69851907,1.816963136,-5.694617835,1.901634994,0.318840579,0.05120482,0.36445783,0.33627204,0.63961814,0.49203431,0.72284644,0.9141791,0.8505604,0.34036145,0.38253012,0.27710843,87.92091024,10.69940241,109.546,0.225903614,0.451807228,0.322289156,-0.417104097,Christian Vázquez,C,R,R,HOU,32,8.031,1.901635528,,2.0,16000000,8000000.0,,MIN,3.0,30000000.0,10000000.0
15998,Cody Bellinger,LAD,144,550,106,57,27,3,19,70,68,14,0.069090909,0.272727272,0.178571428,0.255131964,0.21031746,0.213,0.284043855,0.278,0.388888888,0.354,0.265454545,83.17133736,-7.952776423,3.142171383,6.262304281,2.800941974,1.481514634,0.253333333,0.08333333,0.38055556,0.29907407,0.67485667,0.49847892,0.60681115,0.81674757,0.7576286,0.47222222,0.33333333,0.19444444,89.40806167,20.30555661,107.297,0.172222222,0.355555555,0.472222222,-0.436589261,Cody Bellinger,CF/RF/1B,L,L,LAD,27,5.16,1.481514573,,,0,,,CHC,1.0,17500000.0,17500000.0
3473,Anthony Rizzo,NYY,130,548,104,50,21,1,32,77,75,6,0.105839416,0.184306569,0.255913979,0.215568862,0.223655913,0.239,0.352340449,0.349,0.479569892,0.454,0.33759124,131.4227477,17.18652587,-10.93035603,3.690712589,-2.190720455,2.476663253,0.574257425,0.10928962,0.40710383,0.2985782,0.62062441,0.45975379,0.61904762,0.86737805,0.78681771,0.48087432,0.29508197,0.22404372,89.4057149,19.33560841,113.284,0.175342465,0.331506849,0.493150684,-0.485091718,Anthony Rizzo,1B,L,L,NYY,33,10.168,2.476663113,,3.0,54000000,18000000.0,19650000.0,NYY,2.0,40000000.0,20000000.0
10200,Tucker Barnhart,DET,94,308,62,51,10,0,1,16,16,0,0.081168831,0.24025974,0.046263345,0.296116504,0.220640569,0.201,0.253100894,0.244,0.266903914,0.264,0.286644951,62.55150922,-14.22549744,6.930096149,0.607973415,-1.246164301,0.256810048,0.337837837,0.01923077,0.25480769,0.27622378,0.63621262,0.46081772,0.58860759,0.89295039,0.80406654,0.36538462,0.34615385,0.28846154,84.51455704,10.07384292,105.167,0.161764705,0.534313725,0.303921568,-0.485333772,Tucker Barnhart,C,L,R,DET,32,8.075,0.256810069,,,0,,,CHC,2.0,6500000.0,3250000.0
11476,Odúbel Herrera,PHI,62,197,44,29,9,1,5,23,21,6,0.055837563,0.213197969,0.140540541,0.280575539,0.237837837,0.225,0.286916233,0.272,0.378378378,0.348,0.279187817,82.83355456,-3.119256718,1.737063468,6.21688478,0.809842262,0.566442557,0.261904761,0.04861111,0.375,0.38560411,0.67816092,0.52374491,0.59333333,0.90677966,0.78497409,0.42361111,0.27777778,0.29861111,86.92363141,4.044896846,111.232,0.126760563,0.577464788,0.295774647,-0.503913293,Odúbel Herrera,CF/LF/RF,L,R,PHI,31,5.077,0.566442609,,,0,,,,,,
10556,César Hernández,WSN,147,617,139,106,28,4,1,64,34,10,0.072933549,0.184764991,0.069642857,0.308724832,0.248214285,0.248,0.282608914,0.29,0.317857142,0.329,0.311074918,80.84742935,-14.50946584,-2.131158829,4.950437451,-0.779843138,0.481410896,0.394736842,0.02439024,0.29711752,0.23779385,0.66798732,0.46706081,0.55893536,0.886121,0.80831826,0.35033259,0.34146341,0.30820399,84.84478746,9.272688163,110.825,0.228832951,0.464530892,0.306636155,-0.599459033,César Hernández,2B/3B/LF,S,R,WSN,33,8.154,0.481410831,,,0,,,DET,1.0,0.0,
18289,Brian Anderson,MIA,98,383,75,50,16,1,8,43,28,1,0.096605744,0.263707571,0.124260355,0.291304347,0.221893491,0.229,0.293178615,0.309,0.346153846,0.379,0.31070496,85.07076668,-6.802315231,-4.716933727,3.276608632,-0.159033889,0.173924182,0.366336633,0.09663866,0.42016807,0.27931489,0.7244898,0.50550875,0.50943396,0.79753521,0.71923077,0.39915966,0.36134454,0.2394958,88.7053748,7.678195358,111.971,0.184873949,0.50420168,0.310924369,-0.635505243,Brian Anderson,3B/RF/LF,R,R,MIA,30,5.031,0.173924178,,,0,,,MIL,1.0,3500000.0,3500000.0
11200,Kole Calhoun,TEX,125,424,76,49,14,1,12,36,49,3,0.063679245,0.320754716,0.134020619,0.263374485,0.195876288,0.223,0.260264361,0.294,0.329896907,0.382,0.257075471,66.44251957,-17.04158985,-8.396368265,3.263130281,-1.030439145,-1.262881803,0.198529411,0.09803922,0.48235294,0.32751092,0.76785714,0.53058824,0.45,0.75415282,0.65299335,0.47843137,0.34117647,0.18039216,90.81308211,15.4460813,109.858,0.243137254,0.380392156,0.376470588,-0.649555622,Kole Calhoun,RF/LF,L,L,TEX,35,9.13,-1.262881756,,,0,,,SEA,1.0,0.0,
13807,Kevin Plawecki,- - -,64,186,37,28,8,0,1,15,13,0,0.075268817,0.17204301,0.06547619,0.264705882,0.220238095,0.228,0.259429627,0.268,0.285714285,0.299,0.286486486,60.42163664,-9.332081413,-0.67516703,1.26785714,-1.048119018,-0.433059364,0.4375,0.0,0.37681159,0.28955224,0.62534435,0.46418338,0.59793814,0.89867841,0.80864198,0.38405797,0.4057971,0.21014493,89.31414211,11.37556211,109.203,0.189781021,0.474452554,0.335766423,-0.666744575,Kevin Plawecki,C,R,R,TEX,32,6.167,-0.433156669,,,0,,,PIT,1.0,0.0,
13355,Luke Maile,CLE,76,206,40,27,10,0,3,19,17,0,0.092233009,0.262135922,0.104972375,0.291338582,0.220994475,0.194,0.281269512,0.263,0.32596685,0.301,0.300970873,82.49019578,-5.005825235,5.086831719,1.303571421,-0.94685512,0.692586341,0.351851851,0.05384615,0.25384615,0.26165803,0.61609195,0.44945189,0.47524752,0.85447761,0.75067751,0.41538462,0.36153846,0.22307692,84.49100811,16.98891789,106.491,0.184615384,0.376923076,0.438461538,-0.671232104,Luke Maile,C,R,R,CLE,32,5.148,0.692586303,,,0,,,CIN,1.0,1175000.0,1175000.0
4940,Jason Heyward,CHC,48,151,28,21,5,1,1,15,10,1,0.072847682,0.211920529,0.0729927,0.259615384,0.204379562,0.218,0.253499443,0.278,0.277372262,0.322,0.278145695,63.1381646,-6.46142683,-1.279005945,4.736406006,0.005534568,-0.267302362,0.34375,0.04761905,0.38095238,0.3037037,0.64912281,0.48108108,0.54878049,0.83783784,0.74906367,0.53333333,0.32380952,0.14285714,87.55745908,13.08345308,111.093,0.161904761,0.457142857,0.38095238,-0.726173931,Jason Heyward,RF/CF/LF,L,L,CHC,33,13.0,-0.267302364,,,0,,,LAD,1.0,720000.0,720000.0
19198,Yuli Gurriel,HOU,146,584,132,84,40,0,8,53,53,8,0.051369863,0.125,0.117431193,0.265524625,0.242201834,0.24,0.28469547,0.271,0.359633027,0.319,0.287671232,85.20887361,-8.312897903,-16.85089397,3.833261824,1.407441702,-0.702770332,0.410958904,0.01894737,0.35368421,0.3399061,0.63273073,0.48534972,0.74309392,0.94285714,0.87244401,0.33684211,0.36842105,0.29473684,88.24868412,14.55741753,109.602,0.185263157,0.406315789,0.408421052,-0.754331212,Yuli Gurriel,1B/DH,R,R,HOU,39,6.043,-0.702770352,,1.0,6000000,6000000.0,,MIA,1.0,1250000.0,1250000.0
17338,Willi Castro,DET,112,392,88,60,18,2,8,47,31,9,0.038265306,0.209183673,0.126027397,0.287769784,0.24109589,0.257,0.285445496,0.286,0.367123287,0.335,0.283887468,85.38611952,-4.579179422,0.115769386,5.546054906,1.867245981,0.833104462,0.182926829,0.03484321,0.31010453,0.38649425,0.75603217,0.5776699,0.50557621,0.84574468,0.73589436,0.35191638,0.36933798,0.27874564,84.8327352,13.6536401,111.676,0.225352112,0.419014084,0.355633802,-0.816861953,Willi Castro,2B/SS/3B/OF,S,R,DET,26,3.017,0.833104432,,,0,,,MIN,1.0,1800000.0,1800000.0
13359,Tyler Naquin,- - -,105,334,71,37,19,4,11,47,46,4,0.056886227,0.278443113,0.193548387,0.291262135,0.229032258,0.247,0.303496736,0.317,0.422580645,0.433,0.282282282,92.27364306,-1.374003462,-5.622617126,6.50672655,1.624244866,0.471794762,0.204301075,0.09633028,0.40825688,0.37520129,0.775,0.57811261,0.6223176,0.76612903,0.72016461,0.37614679,0.36697248,0.25688073,90.32887478,14.41481343,112.653,0.211267605,0.389671361,0.399061032,-0.835598178,Tyler Naquin,RF/LF,L,R,NYM,32,6.033,0.467221081,,,0,,,MIL,1.0,0.0,
8090,Matt Carpenter,NYY,47,154,39,15,9,0,15,28,37,0,0.123376623,0.227272727,0.421875,0.303797468,0.3046875,0.23,0.471641657,0.36,0.7265625,0.484,0.411764705,215.646896,19.74874457,-2.224684671,1.407392021,-0.29237802,2.351362883,0.542857142,0.13684211,0.42105263,0.18126888,0.60512821,0.41054092,0.61666667,0.83898305,0.79391892,0.6,0.22105263,0.17894737,89.76262556,22.4176562,107.732,0.239130434,0.228260869,0.532608695,-0.860949868,Matt Carpenter,DH/1B/RF/LF,L,R,NYY,37,10.145,2.351362944,,1.0,6000000,6000000.0,,SDP,2.0,12000000.0,6000000.0
2967,Tommy Pham,- - -,144,622,131,90,23,1,17,89,63,8,0.090032154,0.268488745,0.137184116,0.304,0.236462093,0.238,0.303853794,0.311,0.373646209,0.383,0.311897106,89.54974058,-7.854564622,-6.304051414,4.545089436,-0.417051721,0.691631929,0.335329341,0.07908163,0.48214286,0.2093617,0.60451128,0.41916168,0.42682927,0.87189055,0.76761905,0.375,0.375,0.25,92.15275441,7.713853797,112.554,0.183673469,0.479591836,0.336734693,-0.876634482,Tommy Pham,LF,R,R,BOS,35,7.107,0.691635191,,1.0,6000000,6000000.0,,NYM,1.0,6000000.0,6000000.0
14162,Carlos Correa,MIN,136,590,152,105,24,1,22,70,64,0,0.10338983,0.205084745,0.176245211,0.339425587,0.291187739,0.276,0.362349808,0.363,0.46743295,0.484,0.366101694,139.1672466,22.7737759,2.073312759,1.722877232,-3.23035818,4.568114933,0.504132231,0.11358025,0.44691358,0.26666667,0.62657696,0.44357172,0.60365854,0.87919463,0.79496738,0.40987654,0.38518519,0.20493827,89.88746142,11.60049552,114.569,0.197530864,0.427160493,0.375308641,-0.920545006,Carlos Correa,SS/3B,R,R,MIN,28,7.119,4.568114758,,8.0,256000000,32000000.0,,MIN,6.0,200000000.0,33333333.33
6184,J.D. Martinez,BOS,139,596,146,86,43,1,16,76,62,0,0.087248322,0.24328859,0.174484053,0.344827586,0.2739212,0.26,0.342988299,0.349,0.448405253,0.471,0.34117647,119.0662045,9.91311716,-15.0154314,2.078296696,-2.87415328,1.443461236,0.358620689,0.12436548,0.41370558,0.3204918,0.72711719,0.51946421,0.49872123,0.81764706,0.71716358,0.33842239,0.36895674,0.29262087,89.10029695,14.11461406,111.587,0.221374045,0.381679389,0.396946564,-0.996874123,J.D. Martinez,DH/LF,R,R,BOS,35,11.036,1.443461418,,1.0,12500000,12500000.0,,LAD,1.0,10000000.0,10000000.0
13145,Josh Bell,- - -,156,647,147,98,29,3,17,78,71,0,0.125193199,0.157650695,0.155797102,0.296127562,0.266304347,0.273,0.343535324,0.349,0.422101449,0.424,0.361801242,123.7268593,12.79174936,-14.94317631,2.448813138,-5.04398114,2.111084544,0.794117647,0.07189542,0.40522876,0.23520249,0.68304668,0.45349301,0.65562914,0.85971223,0.80545775,0.38377193,0.35964912,0.25657895,88.8555951,8.303986934,112.237,0.186403508,0.504385964,0.309210526,-0.998518016,Josh Bell,1B/DH,S,R,SDP,30,6.053,2.100223303,,3.0,39000000,13000000.0,,CLE,2.0,33000000.0,16500000.0
12371,Tommy La Stella,SFG,60,195,43,27,14,0,2,17,14,0,0.056410256,0.153846153,0.111111112,0.271523178,0.238888888,0.232,0.276743841,0.267,0.35,0.329,0.282051282,78.45003383,-5.523747435,-8.036450148,1.320741753,-0.641412493,-0.719427648,0.366666666,0.01960784,0.32026144,0.25336927,0.53900709,0.40554156,0.69148936,0.90350877,0.84161491,0.40522876,0.38562092,0.20915033,87.8677811,14.63724533,108.032,0.235294117,0.405228758,0.359477124,-1.016069658,Tommy La Stella,2B/3B,L,R,SFG,34,8.057,-0.719427705,,,0,,,SEA,1.0,720000.0,720000.0
14128,Joey Gallo,- - -,126,410,56,27,8,2,19,48,47,3,0.136585365,0.397560975,0.197142857,0.218934911,0.16,0.167,0.285992186,0.294,0.357142857,0.371,0.280487804,84.48351188,-8.075751547,-5.228074849,4.74702634,-0.872726624,0.004566574,0.343558282,0.17553191,0.50531915,0.26773455,0.68037603,0.47130435,0.35042735,0.71502591,0.6100861,0.54787234,0.27659574,0.17553191,89.58084467,23.80816519,113.038,0.193548387,0.279569892,0.52688172,-1.019639986,Joey Gallo,LF/RF,L,R,LAD,29,6.103,0.004566194,,1.0,10000000,10000000.0,,MIN,1.0,11000000.0,11000000.0
8202,Josh Harrison,CHW,119,425,99,71,19,2,7,50,27,2,0.049411764,0.167058823,0.113989638,0.296774193,0.256476683,0.233,0.304904879,0.284,0.370466321,0.335,0.316784869,97.43237284,-1.598768996,3.161572099,3.989865825,-0.370797644,1.57542071,0.295774647,0.03761755,0.32288401,0.35055866,0.71481028,0.54468363,0.71314741,0.85787671,0.81437126,0.38244514,0.36990596,0.2476489,87.3596461,14.68358451,105.996,0.173501577,0.438485804,0.388012618,-1.052526347,Josh Harrison,2B/3B,R,R,CHW,35,10.168,1.575420737,,,0,,,PHI,1.0,2000000.0,2000000.0
8623,Donovan Solano,CIN,80,304,79,59,16,0,4,22,24,0,0.0625,0.200657894,0.100719425,0.348837209,0.284172661,0.268,0.318868946,0.315,0.384892086,0.393,0.338815789,98.76122892,-2.577110217,-2.8258003,0.714665646,-2.139577023,0.530767942,0.311475409,0.05936073,0.39726027,0.34513274,0.63875205,0.49744463,0.63076923,0.90231362,0.81164384,0.3652968,0.37442922,0.26027397,88.31166811,10.65917404,107.335,0.273972602,0.447488584,0.278538812,-1.067706618,Donovan Solano,2B/3B/1B,R,R,CIN,35,7.081,0.530767977,,,0,,,MIN,1.0,2000000.0,2000000.0
10815,Jurickson Profar,SDP,152,658,140,87,36,2,15,82,58,5,0.110942249,0.156534954,0.147826087,0.27173913,0.24347826,0.251,0.320229092,0.315,0.391304347,0.359,0.331297709,109.9043288,7.210604268,-6.776450992,3.962212394,-0.361163942,2.422293278,0.708737864,0.03974895,0.34309623,0.24855908,0.61626248,0.43333333,0.69275362,0.88078704,0.82712986,0.43933054,0.31380753,0.24686192,87.50798666,12.9262376,109.39,0.217299578,0.438818565,0.343881856,-1.081759429,Jurickson Profar,LF,S,R,SDP,30,8.165,2.422293425,,3.0,30000000,10000000.0,,COL,1.0,7750000.0,7750000.0
10264,Brandon Belt,SFG,78,298,54,36,9,1,8,25,23,1,0.124161073,0.27181208,0.137795275,0.277108433,0.212598425,0.215,0.303299288,0.326,0.3503937,0.412,0.325503355,96.60796582,-1.861936193,-7.87540102,2.854211695,-0.687517786,0.053996786,0.456790123,0.12643678,0.38505747,0.21276596,0.7362069,0.46767422,0.46153846,0.78220141,0.70736086,0.37356322,0.33908046,0.28735632,88.43294852,23.39631144,108.295,0.226190476,0.273809523,0.5,-1.266896481,Brandon Belt,1B,L,L,SFG,35,11.128,0.053996839,,1.0,10000000,10000000.0,,TOR,1.0,9300000.0,9300000.0
15640,Aaron Judge,NYY,157,696,177,87,28,0,62,133,131,16,0.159482758,0.251436781,0.375438597,0.340236686,0.310526315,0.305,0.458196414,0.463,0.685964912,0.706,0.424855491,206.1548368,84.1851225,-0.896595001,4.03627478,1.043906954,11.05625629,0.634285714,0.26237624,0.60891089,0.23156533,0.64900662,0.42685026,0.44972067,0.83219955,0.72177419,0.475,0.3175,0.2075,95.77863604,14.8930248,118.357,0.1925,0.3725,0.435,-1.431813815,Aaron Judge,RF/CF,R,R,NYY,31,6.051,11.05625629,,8.0,300000000,37500000.0,19650000.0,NYY,9.0,360000000.0,40000000.0
11609,Willson Contreras,CHC,113,487,101,54,23,2,22,65,55,4,0.092402464,0.211498973,0.223557692,0.269624573,0.242788461,0.256,0.356893659,0.364,0.466346153,0.463,0.349075975,133.8364712,17.94035718,-1.408831239,4.175879517,-1.204864132,3.494803548,0.436893203,0.1047619,0.47936508,0.32017076,0.70635838,0.50554939,0.50333333,0.81669394,0.71350165,0.44444444,0.31746032,0.23809524,90.41640119,8.494220697,116.24,0.155555555,0.514285714,0.33015873,-1.954953186,Willson Contreras,C,R,R,CHC,31,6.108,3.494803667,,4.0,70000000,17500000.0,19650000.0,STL,5.0,87500000.0,17500000.0
