playerid,Name_x,Team,W,L,SV,G,GS,IP,K/9,BB/9,HR/9,BABIP,LOB%,GB%,HR/FB,ERA,xERA,FIP,xFIP,WAR,FA% (pi),vFA (pi),wFA (pi),FC% (pi),vFC (pi),wFC (pi),SI% (pi),vSI (pi),wSI (pi),CH% (pi),vCH (pi),wCH (pi),SL% (pi),vSL (pi),wSL (pi),CU% (pi),vCU (pi),wCU (pi),CS% (pi),vCS (pi),wCS (pi),FS% (pi),vFS (pi),wFS (pi),KN% (pi),vKN (pi),wKN (pi),SB% (pi),vSB (pi),wSB (pi),XX% (pi),Stf+ CH,Stf+ CU,Stf+ FA,Stf+ SI,Stf+ SL,Stf+ KC,Stf+ FC,Stf+ FS,Stuff+,Location+,Pitching+,Stf+ FO,Name_y,Pos,Bats,Thr,Prev Team,Age,Service Time,2022 WAR,Proj WAR,Med Years,Med Total,Med AAV,QO,Signing Team,Years,Total Salary,AAV
1157,Tommy Hunter,NYM,0,1,0,18,0,22.1,8.865672904,2.417910792,1.611940528,0.274193548,0.88785047,0.4,0.133333333,2.417910792,4.53,4.276610272,3.93680793,-0.010484426,0.04584527,93.41710663,-1.102056403,0.46131805,91.17431337,1.215639099,0.3495702,93.13543801,1.433483835,0.00286533,88.03769684,0.0,,,,0.14040115,84.36001276,-2.251775049,,,,,,,,,,,,,,,107.114,99.54545455,84.7064,,,96.13726708,,93.79541547,106.4452722,103.6547278,,Tommy Hunter,RP,R,R,NYM,36,12.156,-0.010484426,,,0,,,NYM,1.0,696236.0,696236.0
1247,Adam Ottavino,NYM,6,3,3,66,0,65.2,10.82741284,2.192893741,0.822335153,0.276315789,0.89108911,0.518987341,0.12,2.055837882,2.35,2.853547713,2.79291527,1.140953183,0.12181303,94.80884357,-4.750175815,0.05382436,87.77555339,0.070216864,0.32577904,94.24698822,7.284161635,0.07176582,88.99290707,-0.623795785,0.42681775,81.04046253,9.690104719,,,,,,,,,,,,,,,,,114.0026667,,89.34031008,100.7452174,134.3452747,,69.13636364,,113.0445498,96.89393365,102.6314692,,Adam Ottavino,RP,S,R,NYM,37,11.087,1.140953183,,1.0,6000000,6000000.0,,NYM,2.0,14500000.0,7250000.0
1581,Sean Doolittle,WSN,0,0,0,6,0,5.1,10.12500241,0.0,0.0,0.090909091,1.0,0.272727272,0.0,0.0,1.07,0.862430465,3.082985101,0.272601485,0.74545455,93.51330269,2.648400187,,,,,,,,,,0.21818182,78.34973145,0.73210372,,,,,,,0.03636364,80.64265442,-0.085583355,,,,,,,,,109.4,98.80487805,,,,,-51.6,95.64727273,107.4818182,107.6163636,,Sean Doolittle,RP,L,L,WSN,36,10.122,0.272601485,,,0,,,WSN,1.0,0.0,
1890,Matt Moore,TEX,5,2,5,63,0,74.0,10.09459564,4.621622098,0.364864902,0.25698324,0.81145585,0.438888888,0.042253521,1.945946147,2.83,2.977295853,3.870623346,1.349560261,0.44951923,93.96967608,5.767125931,,,,,,,0.16826923,85.07719494,4.773863737,,,,0.38221154,83.63497445,3.440538488,,,,,,,,,,,,,,144.2147619,,110.1768271,,,116.5937107,,,118.3452285,96.75982358,101.1303929,,Matt Moore,RP,L,L,TEX,34,10.0,1.349560261,,1.0,5000000,5000000.0,,LAA,1.0,7550000.0,7550000.0
1943,Zack Greinke,KCR,4,9,0,26,26,137.0,4.795620438,1.773722628,0.919708029,0.305555556,0.72879331,0.4125,0.082352941,3.678832117,4.78,4.032139031,4.540626612,1.938260436,0.38996479,89.24946212,3.612229843,0.00044014,87.84100342,0.154188305,0.02420775,89.62001953,-3.072911162,0.16461268,86.60591786,-6.09881229,0.21742958,84.47575595,-3.664493255,0.20246479,72.12098336,5.844643112,0.00088028,65.16604614,-0.670157686,,,,,,,,,,,98.25695187,96.454329,80.95931034,66.56862745,119.3285714,,100.1197674,,92.09969163,103.5923348,99.86475771,,Zack Greinke,SP,R,R,KCR,39,18.057,1.938260436,,1.0,10000000,10000000.0,,KCR,1.0,8500000.0,8500000.0
2036,Clayton Kershaw,LAD,12,3,0,22,22,126.1,9.759894852,1.638522493,0.712401084,0.267912773,0.79439252,0.47112462,0.09090909,2.279683469,2.51,2.566256837,2.826209099,3.861314297,0.40119435,90.75988456,10.93777276,,,,0.00271444,91.38458252,-0.589170128,0.00597177,84.15239924,-1.73435038,0.4267101,86.65540514,10.43638984,0.16340934,73.24236919,5.544363767,,,,,,,,,,,,,,84.07272727,120.5598007,102.3865489,81.3,130.4899491,,,,117.1702336,103.6569799,106.0373167,,Clayton Kershaw,SP,L,L,LAD,35,14.105,3.861314297,,1.0,20000000,20000000.0,,LAD,1.0,20000000.0,20000000.0
2429,Corey Kluber,TBR,10,10,0,31,31,164.0,7.62804878,1.152439024,1.097560976,0.316633267,0.70165746,0.360784313,0.093457943,4.335365854,4.0,3.569748075,3.91608376,3.106763124,0.01192434,89.12317315,0.79319644,0.34457237,86.54899127,5.762678798,0.27138158,89.14068419,-9.55275853,0.10197368,83.15613974,3.167048641,0.26973684,80.97445455,-4.744805552,,,,,,,,,,,,,,,,0.00041118,76.78214286,123.9118087,63.94444444,70.58677812,,,99.69499404,,95.61153219,103.5668297,103.5664222,,Corey Kluber,SP,R,R,TBR,37,10.074,3.106763124,,1.0,11000000,11000000.0,,BOS,1.0,10000000.0,10000000.0
2608,Jhoulys Chacín,COL,4,2,0,35,0,47.1,7.035212591,3.992958497,1.330986166,0.315789474,0.49853372,0.392405063,0.116666666,7.605635233,4.74,4.929332752,4.883322128,-0.242646515,0.09160305,92.75101047,-1.446499713,0.27735369,87.17199147,-1.604737941,0.35368957,93.04540664,-6.459937096,0.02544529,85.46794434,0.00821941,0.19465649,80.16648795,-1.728185415,0.05725191,79.55379774,0.997614294,,,,,,,,,,,,,,50.44285714,139.4030928,70.05362319,73.45658363,102.7909502,,,,97.01679389,97.14910941,95.60038168,,Jhoulys Chacín,RP,R,R,COL,35,10.087,-0.242646515,,,0,,,,,,
3096,Kenley Jansen,ATL,5,2,41,65,0,64.0,11.95312571,3.093750184,1.125000067,0.258741259,0.76124567,0.299319727,0.098765432,3.375000201,2.34,3.206181007,3.454773549,1.052234292,,,,0.64435564,92.18273983,12.02896309,0.22477522,93.58852431,-3.209667839,,,,0.13086913,81.12674439,-0.161834609,,,,,,,,,,,,,,,,,,,,82.53963134,103.5122137,,145.9689127,,125.7702405,102.0334669,105.8138277,,Kenley Jansen,RP,S,R,ATL,35,12.073,1.052234292,,1.0,12000000,12000000.0,,BOS,2.0,32000000.0,16000000.0
3237,T.J. McFarland,STL,0,0,0,28,0,32.2,4.408164123,3.030612835,1.377551289,0.333333333,0.60416667,0.530434782,0.166666666,6.612246185,6.13,5.316513063,4.686239944,-0.332481891,,,,,,,0.62833676,88.94517846,-3.208515145,0.21971253,81.97356893,-4.392762076,0.15195072,79.65181588,1.617616225,,,,,,,,,,,,,,,,,66.60934579,,,50.81176471,92.17702703,,,,61.00103734,94.87738589,89.88672199,,T.J. McFarland,RP,L,L,STL,34,7.072,-0.332481891,,,0,,,NYM,1.0,0.0,
3240,Zack Britton,NYY,0,0,0,3,0,0.2,13.50001408,81.00008449,0.0,0.5,0.85714286,0.5,0.0,13.50001408,20.25,27.11245604,27.11245604,-0.204938352,0.05555556,92.24984741,-0.049544901,,,,0.75,92.817636,-2.165739425,,,,0.19444444,78.63135638,0.352347199,,,,,,,,,,,,,,,,,,,,54.5137931,109.1142857,,,,65.85897436,48.78717949,48.61794872,,Zack Britton,RP,L,L,NYY,35,10.158,-0.204938352,,1.0,5000000,5000000.0,,,,,
3281,Joe Smith,MIN,1,1,0,34,0,27.1,5.597562798,2.963415599,2.304878799,0.295454545,0.75301205,0.574468085,0.269230769,4.609757599,5.24,6.295358867,4.374246211,-0.836775601,0.30888889,86.19840378,-0.82459579,,,,0.41777778,83.7006732,-0.31391063,,,,0.27333333,76.90593242,-4.568656079,,,,,,,,,,,,,,,,,,,95.93381295,90.85478723,98.81707317,,,,94.6,99.94266667,100.1462222,,Joe Smith,RP,R,R,MIN,39,13.091,-0.836775601,,,0,,,,,,
3284,Aníbal Sánchez,WSN,4,6,0,14,14,69.1,6.230769688,4.28365416,1.687500124,0.216494845,0.78590786,0.379310344,0.142857142,4.28365416,4.65,5.76627735,5.271762157,-0.242740616,0.20373377,89.41224166,-0.810038079,0.24107143,87.09350011,3.75202712,0.18506494,89.03961075,0.707575131,0.22077922,82.067907,0.450147934,0.05600649,82.71734177,-0.93087551,0.05438312,75.23168581,-0.616980057,,,,0.03896104,67.44837952,-1.6577003,,,,,,,,94.38952381,61.4942029,48.31304348,33.33446809,78.94571429,,68.30327381,,65.20446429,96.52045455,87.64707792,,Aníbal Sánchez,SP,R,R,WSN,39,15.083,-0.242740616,,,0,,,,,,
4301,Justin Wilson,CIN,0,1,0,5,0,3.2,17.18182675,0.0,0.0,0.5,0.66666667,0.5,0.0,2.454546678,1.46,-0.70575272,0.101721903,0.203734219,0.35185185,95.34881913,1.572824515,0.33333333,91.73150635,0.476060379,,,,,,,0.31481481,86.12708238,-0.974980306,,,,,,,,,,,,,,,,,,,103.2578947,,100.5117647,,103.5222222,,102.4814815,107.8777778,112.4555556,,Justin Wilson,RP,L,L,CIN,35,10.035,0.203734219,,,0,,,MIL,1.0,1000000.0,1000000.0
4806,Rich Hill,BOS,8,7,0,26,26,124.1,7.890080752,2.678284292,1.085790929,0.304709141,0.68275862,0.40161725,0.10067114,4.270777655,4.08,3.916720579,4.122417969,1.787755728,0.35628141,88.71037002,-9.260030765,0.12964824,84.35888293,2.299328621,0.02110553,83.68370419,1.228623576,0.02160804,82.31705918,0.604004279,0.10703518,69.49964697,-2.254300799,0.36180905,72.01429579,1.439638041,0.00201005,63.52375031,0.221954301,,,,,,,,,,0.00050251,83.54166667,117.6922316,89.03403955,-65.6,72.0014218,,87.80700389,,96.90971022,98.98118963,99.55160142,,Rich Hill,SP,L,L,BOS,43,13.127,1.787755728,,1.0,5000000,5000000.0,,PIT,1.0,8000000.0,8000000.0
5097,Anthony Gose,CLE,3,0,0,22,0,21.0,12.00000218,6.00000109,1.714286026,0.244444444,0.69672131,0.265306122,0.16,4.714286571,5.04,5.064812309,4.350966231,-0.171638921,0.64781491,97.27127511,-5.79087862,,,,,,,0.00257069,88.52519989,-0.058170788,0.3496144,86.35062902,3.896567248,,,,,,,,,,,,,,,,,157.4,,94.88214286,,97.39338235,,,,95.8625,87.75531915,91.21462766,,Anthony Gose,RP,L,L,CLE,32,3.139,-0.171638921,,,0,,,CLE,1.0,0.0,
5114,Jeurys Familia,- - -,2,3,0,48,0,44.1,8.323309405,4.466166022,1.421052825,0.386363636,0.66481994,0.478260869,0.166666666,6.090226394,4.87,4.93949892,4.289322477,-0.320091404,0.24112607,95.60812827,0.495430544,,,,0.499388,95.26426068,-9.999061827,,,,0.14932681,88.86660366,-1.033602055,,,,,,,0.11015912,92.19118652,-0.773591448,,,,,,,,,,74.43553429,79.86490765,85.51487603,,,102.4491525,82.63843329,94.80428397,95.98212974,,Jeurys Familia,RP,R,R,BOS,33,9.023,-0.320091397,,,0,,,OAK,1.0,282258.0,282258.0
5358,Jose Alvarez,SFG,2,1,1,21,0,15.1,8.804350747,5.282610448,1.760870149,0.29787234,0.75630252,0.468085106,0.1875,5.282610448,7.22,5.851562345,4.852817044,-0.387429684,0.04029304,91.16827393,-0.501029648,,,,0.50915751,90.7527681,-1.446974996,0.35164835,81.4050649,-1.433978572,0.0989011,80.24940321,-0.373465423,,,,,,,,,,,,,,,,,84.10416667,,66.58181818,78.1618705,65.79259259,,,,78.61753731,93.13171642,89.43358209,,Jose Alvarez,RP,L,L,SFG,34,8.035,-0.387429684,,,0,,,DET,1.0,0.0,
5372,Michael Pineda,DET,2,7,0,11,11,46.2,5.014285988,1.542857227,2.507142994,0.294117647,0.73221757,0.391566265,0.180555555,5.785714601,5.9,6.133859738,4.796429602,-0.438637376,0.59233926,90.11641166,-8.106992897,,,,,,,0.19288646,85.53929798,-3.62073468,0.21477428,80.88068521,1.314194001,,,,,,,,,,,,,,,,,48.15744681,,63.0595843,,126.2343949,,,,73.75986301,105.6926027,94.13068493,,Michael Pineda,SP,R,R,DET,34,9.165,-0.438637376,,,0,,,,,,
5448,Jesse Chavez,- - -,4,3,0,60,1,69.1,9.605770596,2.596154215,1.038461686,0.333333333,0.71782178,0.387755102,0.119402985,3.764423612,4.31,3.386469502,3.317018772,0.72154511,0.00496689,91.02268473,-0.266458202,0.58195364,89.10678357,7.196179379,0.26655629,91.28736792,-10.17210891,0.12913907,85.46834701,0.003658906,,,,0.01738411,77.05123175,0.520496186,,,,,,,,,,,,,,69.59935484,81.79047619,40.55454545,98.37665615,,,104.6829545,,97.72103058,105.6355212,100.6131462,,Jesse Chavez,RP,R,R,ATL,39,12.038,0.7215451,,,0,,,ATL,1.0,1200000.0,1200000.0
6345,Chris Archer,MIN,2,8,0,25,25,102.2,7.363636546,4.207792312,1.051948078,0.25862069,0.67656766,0.436666666,0.108108108,4.558441671,4.81,4.485807659,4.5668564,0.544535339,0.35590375,93.15027393,-10.01090162,,,,0.00111919,93.43804932,0.003434662,0.14717403,87.01691718,1.000905737,0.4432009,88.82358744,8.570665423,0.05260213,81.77067404,0.814599629,,,,,,,,,,,,,,74.91254753,110.0542553,84.50830721,,142.2469697,,,,109.787856,96.00376142,96.36534121,,Chris Archer,SP,R,R,MIN,34,9.156,0.544535339,,1.0,4000000,4000000.0,,,,,
6398,Trevor May,NYM,2,0,1,26,0,25.0,10.80000082,3.240000247,1.44000011,0.338235294,0.72368421,0.291666666,0.121212121,5.040000385,3.64,3.87243106,3.746518663,0.108749412,0.52473118,96.15668225,-4.520180669,,,,,,,0.15913978,87.26928711,1.748825021,0.26451613,84.89896945,0.935685545,,,,,,,0.0516129,87.33707682,0.43189466,,,,,,,,98.41891892,,112.9918033,,107.395935,,,143.2217391,110.8447312,99.24774194,101.1387097,,Trevor May,RP,R,R,NYM,33,8.012,0.108749412,,,0,,,OAK,1.0,7000000.0,7000000.0
6655,Craig Kimbrel,LAD,6,7,22,63,0,60.0,10.80000069,4.200000267,0.600000038,0.311258278,0.67602041,0.397350993,0.058823529,3.750000238,3.49,3.229097676,4.040183052,0.882327855,0.68494424,95.79506233,1.1828245,,,,,,,,,,0.04832714,86.35091459,-0.730726432,0.26672862,85.62097806,1.887296356,,,,,,,,,,,,,,,,115.902981,,,111.8536873,,,114.6284123,101.5839369,104.3073352,,Craig Kimbrel,RP,R,R,LAD,35,11.161,0.882327855,,1.0,9000000,9000000.0,,PHI,1.0,10000000.0,10000000.0
6661,Alex Colomé,COL,2,7,4,53,0,47.0,6.127660072,4.212766299,0.957446886,0.333333333,0.59722222,0.55625,0.113636363,5.744681317,5.75,4.537963032,4.540862049,-0.096597455,0.15586035,94.539125,-5.031062584,0.84413965,90.84309223,-3.319052201,,,,,,,,,,,,,,,,,,,,,,,,,,,,73.2584,,,,80.43220089,,79.30561097,94.49775561,90.51209476,,Alex Colomé,RP,R,R,COL,34,8.118,-0.096597455,,,0,,,WSN,1.0,0.0,
6893,Johnny Cueto,CHW,8,10,0,25,24,158.1,5.797894923,1.875789534,0.852631606,0.294949495,0.74860335,0.425742574,0.077319587,3.353684318,4.02,3.794536287,4.376799449,2.38908755,0.19224283,91.48750867,7.96402014,0.09907251,87.41329995,-7.141392261,0.23819562,91.39913017,1.983499281,0.20151771,82.56894547,-0.706292652,0.22386172,85.2238319,1.191491213,0.04510961,79.64868392,1.706843536,,,,,,,,,,,,,,67.79601677,63.98,75.74829787,82.1876588,82.62769231,,63.71151386,,74.46810647,102.9992037,97.18066522,,Johnny Cueto,SP,R,R,CHW,37,14.143,2.389087439,,1.0,8000000,8000000.0,,MIA,1.0,8500000.0,8500000.0
6895,Chase Anderson,CIN,2,4,0,9,7,24.0,8.625000685,5.625000447,1.125000089,0.237288136,0.55194805,0.516129032,0.157894736,6.375000507,3.75,5.070764491,4.617723566,0.076841921,0.30020284,92.07575288,1.242792372,0.1643002,90.11247046,-1.708382603,0.09330629,92.2448475,-2.544039514,0.28397566,82.93749651,2.801499721,0.07910751,83.55997721,0.33493894,0.07910751,77.86970559,-1.044031851,,,,,,,,,,,,,,136.2285714,57.89210526,77.09923664,62.97407407,110.6404762,,86.97954545,,95.49959432,95.94868154,95.69675456,,Chase Anderson,SP,R,R,CIN,35,7.161,0.076841913,,,0,,,CIN,1.0,0.0,
6902,Martín Pérez,TEX,12,8,0,32,32,196.1,7.747029063,3.162988197,0.504244495,0.295053004,0.77020202,0.514184397,0.06547619,2.887945745,3.59,3.265232364,3.803612988,3.874843121,0.06475548,92.91138713,1.800391532,0.24080944,89.85500372,9.978894513,0.36863406,92.65475612,5.714313794,0.27689713,84.42678517,4.296582002,0.01416526,84.30133929,1.33603568,0.03473862,78.86737712,-4.297460392,,,,,,,,,,,,,,75.29890644,93.35480769,65.37552743,96.46720686,101.7904762,,78.57720994,,83.71118952,102.8171371,94.88081317,,Martín Pérez,SP,L,L,TEX,32,10.038,3.874843121,,3.0,39000000,13000000.0,19650000.0,TEX,1.0,19650000.0,19650000.0
6986,Ian Kennedy,ARI,4,7,10,57,0,50.1,7.867550464,3.933775232,1.966887616,0.298701299,0.72755418,0.243902439,0.139240506,5.364238953,6.13,5.57600741,5.058441455,-0.951471806,0.81300813,93.21959263,0.719171055,0.02090592,85.66501872,-2.848930977,,,,0.0116144,86.48543091,-1.537429038,0.0174216,81.04856771,-0.583043296,0.04065041,78.7851702,-2.328857582,,,,0.09639954,85.33016049,-3.216740645,,,,,,,,52.33333333,,88.54071429,,,106.8942857,88.68888889,,88.1378316,100.8622837,98.0472895,,Ian Kennedy,RP,R,R,ARI,38,13.124,-0.951471806,,,0,,,TEX,1.0,508063.0,508063.0
7274,Craig Stammen,SDP,1,2,0,33,1,40.2,7.74590285,2.2131151,1.99180359,0.297520661,0.78828829,0.5078125,0.23076923,4.4262302,4.08,5.153414927,3.696064046,-0.399088003,,,,0.22253923,87.82316648,-3.107104421,0.55064194,91.41120049,0.844809294,0.01997147,86.32121931,-0.00117952,0.11982882,81.32975478,-0.826788347,0.08701854,79.79455266,-2.101720862,,,,,,,,,,,,,,42.62631579,,39.775,71.6015873,105.5647727,106.3982456,79.07483871,,79.46284118,103.0942746,97.11889941,,Craig Stammen,RP,R,R,SDP,39,11.16,-0.399087995,,,0,,,SDP,1.0,0.0,
7432,Jay Jackson,ATL,0,0,0,2,0,1.1,6.750001609,0.0,0.0,0.25,1.0,0.0,0.0,0.0,1.14,1.612430644,3.832985279,0.046840079,0.41666667,92.40203857,-0.041205302,,,,,,,,,,0.58333333,83.77242606,0.539421532,,,,,,,,,,,,,,,,,,,68.0,,91.2,,,,81.53333333,88.38333333,91.65,,Jay Jackson,RP,R,R,ATL,35,1.105,0.046840079,,,0,,,TOR,1.0,0.0,
7593,Jordan Lyles,BAL,12,11,0,32,32,179.0,7.240223464,2.61452514,1.30726257,0.3125,0.73770492,0.402116402,0.114035087,4.424581006,4.91,4.397347203,4.394689237,1.408814311,0.32797858,91.93292411,-4.176963359,,,,0.16499331,90.83983583,-3.663265206,0.10742972,86.50432608,-6.99128921,0.26572959,80.66020545,1.419676561,0.13386881,79.25730957,-0.284213547,,,,,,,,,,,,,,67.80815047,83.806,76.93645943,77.98761905,118.2213687,,93.55316456,,87.20368139,100.6489625,96.98329987,,Jordan Lyles,SP,R,R,BAL,32,11.002,1.408814311,,1.0,6000000,6000000.0,,KCR,2.0,17000000.0,8500000.0
7608,Tommy Milone,SEA,1,1,0,7,0,16.2,2.700000103,3.240000124,2.160000082,0.188679245,0.71428571,0.285714285,0.129032258,5.400000206,5.49,6.892431146,6.525918223,-0.337277532,0.35714286,86.79600758,0.047353804,0.06302521,85.19951172,0.459983874,,,,0.38655462,79.00495712,-1.886513952,0.07563025,78.72138808,0.795543145,0.11764706,76.08488246,-0.929244664,,,,,,,,,,,,,,68.43043478,38.02857143,89.437,,89.33333333,,,,75.26092437,105.8819328,98.71554622,,Tommy Milone,SP,L,L,SEA,36,8.07,-0.337277532,,,0,,,SEA,1.0,0.0,
7738,Wily Peralta,DET,2,0,0,28,1,38.1,7.513044475,5.634783356,0.46956528,0.293577982,0.83629893,0.463636363,0.055555555,2.582609038,4.14,4.077648521,4.789647708,0.021111984,0.26217765,95.4642414,-0.976851981,,,,0.22922636,95.58140259,2.169730227,,,,0.2965616,83.6881189,3.182172246,,,,,,,0.20630372,82.73917898,-1.609269626,,,,,,,0.00573066,,,68.19790576,74.38815789,116.9516908,,,82.5,87.01497516,96.02357051,91.54124967,,Wily Peralta,RP,R,R,DET,34,6.105,0.021111984,,,0,,,WSN,1.0,0.0,
7836,Hunter Strickland,CIN,3,3,7,66,0,62.1,8.663102311,4.764706271,1.155080308,0.301136364,0.71269488,0.342391304,0.102564102,4.90909131,5.38,4.780880336,4.964872011,0.049993064,0.53604436,95.19911099,-2.643203992,,,,0.04251386,93.09802777,0.063784502,0.03142329,89.83880974,-0.927631613,0.39001848,84.90085345,-2.914010767,,,,,,,,,,,,,,,,,69.296875,,89.00440367,84.00540541,94.5853012,,,,90.3857277,95.7970892,96.71530516,,Hunter Strickland,RP,R,R,CIN,34,7.033,0.049993064,,,0,,,CIN,1.0,0.0,
8048,Will Smith,- - -,0,3,5,65,0,59.0,9.915255519,3.813559815,1.372881533,0.30625,0.69060773,0.351515151,0.121621621,3.966102208,3.57,4.264973524,4.138657166,-0.162534446,0.40913706,92.12433361,-6.409125362,,,,0.00812183,90.6733017,-0.073497392,0.00913706,86.93793403,0.579687342,0.4822335,81.62840049,3.549034789,0.09137056,76.84878879,-3.700789388,,,,,,,,,,,,,,70.2,48.79555556,71.86423174,,112.0766316,,,,89.25461929,99.35553299,99.04426396,,Will Smith,RP,R,L,HOU,33,9.155,-0.162534446,,,0,,,TEX,1.0,1500000.0,1500000.0
8110,Bryan Shaw,CLE,6,2,1,60,2,58.1,8.022858236,4.011429118,1.388571618,0.288235294,0.66312997,0.497206703,0.155172413,5.400000736,4.74,4.878145528,4.34434132,-0.482151279,0.51805986,94.14247989,-1.813409816,0.25077399,90.74671804,2.669620916,0.05366357,93.10699756,-0.172391411,0.02889577,82.02080481,-0.164323438,0.05366357,84.6259437,-0.194344629,0.0877193,82.78054415,-5.257630706,,,,0.00722394,88.72098214,0.43515237,,,,,,,,80.31785714,99.62222222,,54.91982446,100.2983051,,100.8303523,,97.15887802,94.03738287,97.17012779,,Bryan Shaw,RP,S,R,CLE,35,9.152,-0.48215127,,,0,,,CHW,1.0,0.0,
8241,David Robertson,- - -,4,3,20,58,0,63.2,11.45026224,4.947644177,0.848167573,0.237410072,0.86005831,0.465277777,0.103448275,2.403141457,3.05,3.583635209,3.7071131,0.716258973,,,,0.51156069,93.25236324,-0.503567465,,,,,,,0.21579961,84.09957014,2.143558227,0.27263969,84.8393917,6.485387608,,,,,,,,,,,,,,,,,,98.74067797,143.3883803,118.7829314,,120.9015896,96.09389279,102.1395678,,David Robertson,RP,R,R,PHI,38,13.119,0.716259003,,1.0,5000000,5000000.0,,NYM,1.0,10000000.0,10000000.0
8700,Justin Verlander,HOU,18,4,0,28,28,175.0,9.514285714,1.491428571,0.617142857,0.239631336,0.804769,0.379232505,0.062176165,1.748571429,2.66,2.489573859,3.230781259,6.057393551,0.5044112,95.09869297,27.62080079,,,,,,,0.02416571,86.25444878,0.373355921,0.283084,87.48029937,9.987490006,0.18833909,79.10073511,8.591000464,,,,,,,,,,,,,,84.73650794,119.4232179,135.8353612,,147.5355014,,,,134.8340376,107.3697657,112.6036881,,Justin Verlander,SP,R,R,HOU,40,17.002,6.057393551,,2.0,70000000,35000000.0,,NYM,3.0,121666666.0,43333333.0
8779,Wade Miley,CHC,2,2,0,9,8,37.0,6.810810811,3.405405405,0.72972973,0.25,0.63084112,0.526315789,0.078947368,3.162162162,3.86,3.95026884,4.416594173,0.508916723,0.14664311,89.15902158,1.411978308,0.42402827,85.25101191,-0.280140687,0.0229682,88.40743314,-0.06008203,0.31272085,81.54435135,0.098355863,0.06537102,79.00744299,2.072828997,0.02826855,73.45545959,-0.353580143,,,,,,,,,,,,,,114.4367232,87.48,97.835,57.59285714,111.4837838,,103.0954357,,104.9052367,105.0548979,104.4504118,,Wade Miley,SP,L,L,CHC,36,11.025,0.508916736,,1.0,7000000,7000000.0,,MIL,1.0,4500000.0,4500000.0
9111,Brad Hand,PHI,3,2,5,55,0,45.0,7.600001289,4.60000078,0.400000068,0.271317829,0.75949367,0.403100775,0.042553191,2.800000475,4.4,3.934653363,4.903039349,0.287840486,0.29008568,92.79481474,-0.6982449,,,,0.18849449,92.55516944,4.931880612,,,,0.52019584,79.40883272,-2.430128708,,,,,,,,,,,,,,,,0.00122399,,,78.78347826,96.26751592,92.14847059,,,,88.925,92.58529412,92.94656863,,Brad Hand,RP,L,L,PHI,33,9.092,0.287840486,,,0,,,COL,1.0,3000000.0,3000000.0
9132,Nathan Eovaldi,BOS,6,3,0,20,20,109.1,8.478658931,1.64634154,1.728658617,0.298412698,0.75984991,0.47005988,0.172131147,3.868902619,4.31,4.301455447,3.456379804,1.034421086,0.3852789,95.91600396,-4.509817753,0.09890742,90.70606037,-2.719326396,,,,,,,0.12248419,86.04159331,-6.163226318,0.18458884,78.45283294,0.650961485,,,,0.20874066,87.95952781,9.073658161,,,,,,,,,114.0242236,90.01364318,,115.090566,,92.36342857,133.2300275,106.7520138,106.0473533,107.0539125,,Nathan Eovaldi,SP,R,R,BOS,33,11.013,1.034421086,,2.0,30000000,15000000.0,19650000.0,TEX,3.0,54000000.0,17000000.0
9434,Dallas Keuchel,- - -,2,9,0,14,14,60.2,6.675824351,4.598901219,1.631868175,0.384259259,0.51094891,0.502202643,0.171875,9.197802439,5.45,5.519024471,4.723589976,-0.341983814,0.05435801,87.82567596,-3.647910062,0.16401125,85.32529855,-11.51399227,0.44423618,87.37614035,-6.480462335,0.26148079,79.32969398,-3.806617603,0.07591378,77.25834147,-3.22078472,,,,,,,,,,,,,,,,,81.3751634,,77.22666667,79.50097466,98.2827957,,69.49157303,,79.80728207,96.86989123,95.75652178,,Dallas Keuchel,SP,L,L,TEX,35,9.031,-0.341983825,,,0,,,,,,
9817,Sergio Romo,- - -,0,1,0,23,0,18.0,7.000001483,3.000000636,3.500000742,0.230769231,0.59210526,0.172413793,0.2,7.500001589,5.31,7.612431955,5.435372002,-0.784764804,0.0358209,85.20229848,-0.294885762,,,,0.32835821,85.53527444,-2.273680385,0.13134328,80.09071766,-0.972542237,0.50447761,77.13712469,-0.512211721,,,,,,,,,,,,,,,,,99.44772727,,87.99166667,100.6081818,96.70414201,,,,98.02862662,96.09932359,97.94013312,,Sergio Romo,RP,R,R,TOR,40,13.097,-0.784764826,,,0,,,,,,
10021,Mike Minor,CIN,4,12,0,19,19,98.0,6.979591837,3.673469388,2.204081633,0.311688312,0.71214393,0.343465045,0.164383561,6.06122449,4.56,6.183859573,5.205634399,-0.354129285,0.41314286,90.36392419,-11.79598946,,,,0.00228571,89.84694672,0.239654846,0.232,84.23485607,-7.473456115,0.24857143,85.39719828,-2.385039162,0.104,79.2101863,-3.101955619,,,,,,,,,,,,,,111.2108642,,71.48411602,72.3,70.96988506,103.7813187,,,83.89908414,96.86823125,93.86702919,,Mike Minor,SP,R,L,CIN,35,11.138,-0.354129285,,,0,,,,,,
10123,Kyle Gibson,PHI,10,8,0,31,31,167.2,7.729622735,2.576540912,1.288270456,0.30831643,0.67703109,0.458984375,0.138728323,5.045725952,4.46,4.275452941,3.94207662,1.846674681,0.11719606,92.27114973,3.362053353,0.21832786,89.58915787,4.092713803,0.28185469,91.85511456,-1.599887088,0.10697335,84.84412329,-1.823268052,0.20993063,83.45718071,-0.960351329,0.06571742,79.22176649,-9.26539756,,,,,,,,,,,,,,113.6254237,104.4529101,76.1706422,92.56710013,108.6345679,,83.72305085,,95.15801387,103.4944505,101.0502373,,Kyle Gibson,SP,R,R,PHI,35,9.039,1.846674681,,,0,,,BAL,1.0,10000000.0,10000000.0
10133,Brad Boxberger,MIL,4,3,1,70,0,64.0,9.56250114,3.796875453,0.843750101,0.278787879,0.79889807,0.343373493,0.081081081,2.953125352,3.44,3.565556056,4.058483238,0.747110128,0.54954128,92.79383608,5.351885729,,,,,,,0.22568807,81.27496189,1.654645056,0.22477064,87.36246811,-0.754442949,,,,,,,,,,,,,,,,,82.94796748,,82.88998331,,116.7457143,,,,90.51284404,98.80688073,98.23422018,,Brad Boxberger,RP,R,R,MIL,35,9.033,0.747110128,,,0,,,CHC,1.0,2800000.0,2800000.0
10197,Shelby Miller,SFG,0,1,0,4,0,7.0,18.00000245,3.857143383,0.0,0.461538462,0.44444444,0.153846153,0.0,6.428572304,1.9,0.398144918,1.667033151,0.382685661,0.4488189,94.10233347,1.833115984,,,,,,,,,,0.5511811,81.78447963,-0.886465009,,,,,,,,,,,,,,,,,,,126.3368421,,120.7242857,,,,123.2433071,103.619685,111.1417323,,Shelby Miller,RP,R,R,SFG,32,7.016,0.382685661,,,0,,,LAD,1.0,1500000.0,1500000.0
10233,Aroldis Chapman,NYY,4,4,9,43,0,36.1,10.65137764,6.935780787,0.990825827,0.238095238,0.73839662,0.356321839,0.1,4.458716221,4.46,4.571146802,4.769718651,-0.186308637,0.55670103,97.52692006,-1.46184057,,,,0.04860088,100.2689394,0.947543647,,,,0.24594993,85.78724972,-0.345496163,,,,,,,0.14874816,88.12930268,0.553611767,,,,,,,,,,110.6164456,167.1205882,126.8796407,,,143.1950495,122.3199115,86.84144543,98.09616519,,Aroldis Chapman,RP,L,L,NYY,35,12.009,-0.186308637,,,0,,,KCR,1.0,3750000.0,3750000.0
10314,Erasmo Ramírez,WSN,4,2,0,60,2,86.1,6.359073734,1.459459545,1.146718214,0.266666667,0.81339713,0.452471482,0.122222222,2.918919091,3.49,4.050654995,3.937526568,0.317608431,0.04500818,93.86314919,-0.648298267,0.45908347,89.21274875,10.17123713,0.39443535,93.12557793,-4.572784323,0.03355155,85.33663866,1.147501357,0.00163666,78.00779724,0.01247862,0.06628478,80.51672062,2.115471661,,,,,,,,,,,,,,79.76190476,89.51358025,89.19464286,98.98461538,,,80.21053571,,88.64644708,103.4237933,98.92481769,,Erasmo Ramírez,RP,R,R,WSN,33,7.169,0.317608416,,,0,,,WSN,1.0,1000000.0,1000000.0
10430,Mychal Givens,- - -,7,3,2,59,1,61.1,10.4184801,3.668478907,1.17391325,0.317880795,0.78877005,0.427672955,0.137931034,3.375000595,3.7,3.960257238,3.664519557,0.167864662,0.50974659,93.61157437,-0.916842554,,,,,,,0.18421053,82.19884543,-1.662066314,0.2962963,84.91691961,1.862705301,,,,,,,,,,,,,,,,0.00974659,60.04791623,,101.2203422,,95.67894737,,,,92.01878342,98.12653592,96.23124048,,Mychal Givens,RP,R,R,NYM,33,7.069,0.167864665,,,0,,,BAL,1.0,5000000.0,5000000.0
10688,Tyler Thornburg,- - -,0,1,0,14,0,19.0,6.631579946,5.2105271,0.473684282,0.25,0.67669173,0.327868852,0.032258064,3.315789973,3.1,4.217694326,5.948823614,-0.00470078,0.5801105,93.52378162,0.465312429,,,,,,,0.13812155,84.74070068,-0.713732809,0.06629834,83.26111348,1.319680098,0.21546961,76.06195851,-0.076631147,,,,,,,,,,,,,,81.932,63.42435897,111.7933333,,102.8416667,,,,96.51359455,91.11824247,91.2424841,,Tyler Thornburg,RP,R,R,MIN,34,6.115,-0.00470078,,,0,,,,,,
10855,Chasen Shreve,NYM,1,1,0,25,0,26.1,9.911395037,3.417722427,2.050633456,0.304347826,0.62937063,0.4,0.206896551,6.493672611,4.91,5.011165683,3.679420243,-0.256421864,0.44142259,90.68316795,-1.074953385,,,,,,,,,,,,,0.18200837,80.89609151,-1.359568834,,,,0.36820084,83.03666548,0.30731355,,,,,,,0.0083682,,,94.65747664,,107.8431818,,,100.2380682,99.10826271,100.7379237,97.16758475,,Chasen Shreve,RP,L,L,NYM,32,5.158,-0.256421864,,,0,,,DET,1.0,1250000.0,1250000.0
10954,Jacob deGrom,NYM,5,4,0,11,11,64.1,14.26943118,1.119171073,1.259067457,0.258333333,0.73446328,0.393700787,0.16981132,3.077720451,2.24,2.133156313,1.534082355,2.232882738,0.47284345,98.90497431,6.319318604,,,,0.00212993,98.33465576,0.117643647,0.08093717,92.03196957,-0.597127385,0.39297125,92.63686695,8.626096174,0.05111821,83.42760213,2.098569039,,,,,,,,,,,,,,74.0025974,108.99375,136.7403587,,146.7604336,,,,134.117766,107.0419149,115.8591489,,Jacob deGrom,SP,L,R,NYM,35,8.139,2.232882738,,3.0,120000000,40000000.0,19650000.0,TEX,5.0,185000000.0,37000000.0
11189,Vince Velasquez,CHW,3,3,0,27,9,75.1,8.243362971,2.986725714,1.314159314,0.268867925,0.66582915,0.357466063,0.101851851,4.778761143,4.65,4.254023941,4.478093356,0.404526614,0.45199063,93.33981339,6.798978452,,,,0.07103825,92.21722882,-1.157652754,0.08587041,88.3493386,-2.954883542,0.2217018,84.83974747,-1.853444342,0.16939891,81.72424935,-1.554319926,,,,,,,,,,,,,,81.71727273,,99.01230228,74.2377551,100.79,99.92206573,,,96.31467619,101.596014,100.8824971,,Vince Velasquez,SP,R,R,CHW,31,7.086,0.404526621,,,0,,,PIT,1.0,3150000.0,3150000.0
11384,Tommy Kahnle,LAD,0,0,1,13,0,12.2,9.94736892,2.131579054,1.421052703,0.125,0.85365854,0.68,0.285714285,2.842105406,2.39,4.37558896,3.1410562,-0.041938089,0.22988506,95.61595459,-2.89520536,,,,,,,0.76436782,89.63994948,5.945336062,0.00574713,87.18360138,0.039891187,,,,,,,,,,,,,,,,,130.0315789,,90.7575,,,,,,120.7126437,100.1741379,100.337931,,Tommy Kahnle,RP,R,R,LAD,33,7.131,-0.041938089,,,0,,,NYY,2.0,11500000.0,5750000.0
11423,Jose Quintana,- - -,6,7,0,32,32,165.2,7.44265605,2.553319959,0.434607653,0.301652893,0.74170124,0.464212678,0.052631578,2.933601655,3.83,2.991706654,3.72218644,3.96931994,0.36186627,91.28503331,15.91145321,0.00110213,89.64483643,-0.164719667,0.16127847,91.50809724,4.022634096,0.19507715,86.46456972,-10.10334257,,,,0.28067597,78.45437255,10.43451077,,,,,,,,,,,,,,71.09246704,109.2708877,70.29388379,82.07286996,,,,,83.37531618,102.7305049,96.29399137,,Jose Quintana,SP,R,L,STL,34,10.133,3.96931982,,2.0,24000000,12000000.0,,NYM,2.0,26000000.0,13000000.0
11487,Joely Rodríguez,NYM,2,4,0,55,0,50.1,10.19205555,4.649007797,0.536423977,0.302325581,0.63271605,0.538461538,0.088235294,4.470199805,3.62,3.23163633,3.45678658,0.413046271,0.06057007,92.83021216,-1.714575939,,,,0.49287411,92.80396273,5.225787807,0.3871734,87.81061278,3.514046472,0.05938242,83.925,-1.583176672,,,,,,,,,,,,,,,,,117.4504587,,102.532,96.88485577,120.0530612,,,,106.4114422,101.5258641,100.5675805,,Joely Rodríguez,RP,L,L,NYM,31,3.096,0.413046271,,,0,,,BOS,1.0,2000000.0,2000000.0
11490,Aaron Sanchez,- - -,3,4,0,15,10,60.0,6.150000293,2.250000107,1.200000057,0.357142857,0.59907834,0.52763819,0.137931034,6.600000315,4.53,4.479097733,4.176788143,0.217748006,0.17097416,92.55057259,0.023823433,,,,0.44632207,92.12743923,-5.137387145,0.09840954,87.63948074,1.555573799,,,,0.28429423,79.07385339,-5.769028142,,,,,,,,,,,,,,67.11851852,114.2566434,68.50304569,84.34674699,,,,,87.88230483,101.9930388,98.3420272,,Aaron Sanchez,SP,R,R,MIN,30,6.113,0.217748001,,,0,,,MIN,1.0,0.0,
11589,José Ureña,- - -,3,8,0,21,17,97.0,5.84536117,3.989690957,1.020618617,0.312101911,0.66133721,0.49691358,0.117021276,5.010309574,4.91,4.648513567,4.608871543,0.71473667,0.06411837,96.0392773,-2.37828327,,,,0.53144266,95.61111797,-1.943490397,0.15906289,90.14103947,-5.913669724,0.24537608,86.73158947,0.57260108,,,,,,,,,,,,,,,,,48.25807692,,92.64418605,98.71149701,97.35301508,,,,89.73779285,98.30228113,95.2810111,,José Ureña,SP,R,R,COL,31,6.165,0.7147367,,,0,,,COL,1.0,3500000.0,3500000.0
11632,Heath Hembree,- - -,3,1,0,26,0,22.0,6.954547263,6.954547263,2.454546093,0.298507463,0.69364162,0.246575342,0.176470588,7.363638279,7.55,7.430613943,6.173002695,-0.695595063,0.51879699,94.40851921,-7.166462813,0.00501253,93.41484833,-0.007782944,,,,,,,0.44611529,84.41041136,-0.76046247,0.03007519,79.5817159,-1.287265018,,,,,,,,,,,,,,,89.21666667,84.91014493,,105.8539326,,,,94.30984512,93.75913468,94.13511448,,Heath Hembree,RP,R,R,LAD,34,6.096,-0.695595086,,,0,,,TBR,1.0,0.0,
11674,Jameson Taillon,NYY,14,5,0,32,32,177.1,7.663534054,1.624060197,1.31954891,0.276264591,0.75326216,0.400749063,0.123809523,3.907894849,4.2,3.941378394,3.788432383,2.41018796,0.35935829,94.05187407,-1.718090687,0.10766488,90.71153896,-0.593159687,0.10695187,94.11740234,-0.192922506,0.08306595,87.69940317,-4.696411178,0.19001783,86.14469981,1.990977213,0.14688057,81.04141383,4.951956369,,,,,,,,,,,,,0.00606061,83.1802521,103.6070048,97.98413655,90.27346278,102.5685009,,96.64321767,,97.38808587,105.8755277,103.9417174,,Jameson Taillon,SP,R,R,NYY,31,6.11,2.41018796,,3.0,36000000,12000000.0,,CHC,4.0,68000000.0,17000000.0
11760,Drew Smyly,CHC,7,8,0,22,22,106.1,7.702194726,2.200627065,1.35423204,0.275080906,0.78467153,0.401234567,0.116788321,3.470219602,4.14,4.231553312,4.182750254,1.217162132,,,,0.19210679,88.66724297,-2.848867226,0.37608822,92.69397425,-1.207062367,0.00232153,84.4987793,0.203924451,,,,0.42948346,78.84853252,1.33198921,,,,,,,,,,,,,,29.43333333,,,80.67990581,,119.5037838,79.45117647,,96.94541231,105.7504065,103.2518583,,Drew Smyly,SP,L,L,CHC,34,10.143,1.217162132,,1.0,7000000,7000000.0,,CHC,2.0,23000000.0,11500000.0
11762,Noah Syndergaard,- - -,10,10,0,25,24,134.2,6.349010381,2.071782335,0.935643635,0.294536817,0.72359844,0.427906976,0.085365853,3.943069605,4.4,3.832728086,4.284069077,2.220269449,0.14856861,94.46213549,-5.921737026,,,,0.3242843,93.90969361,13.81432609,0.19595262,88.78267153,-6.269907169,0.22359329,85.01266486,-1.125649299,0.10760118,76.79117493,-0.676832654,,,,,,,,,,,,,,66.25275,114.8809689,51.9654485,85.2403698,97.953125,,,,81.78619616,105.5523905,100.7942897,,Noah Syndergaard,SP,L,R,PHI,30,7.149,2.220269442,,2.0,28000000,14000000.0,,LAD,1.0,13000000.0,13000000.0
11801,Hansel Robles,BOS,1,3,2,26,0,24.2,7.662164137,5.108109425,1.824324795,0.281690141,0.625,0.394736842,0.172413793,5.837839343,6.49,5.747566816,4.85286575,-0.6453107,0.507109,96.2029881,-0.995174687,,,,,,,0.16350711,90.46308877,-0.300415114,0.32938389,88.92210685,-2.433197729,,,,,,,,,,,,,,,,,48.77714286,,94.41380952,68.3,124.1194245,,,,96.44265403,93.83530806,93.43341232,,Hansel Robles,RP,R,R,BOS,32,6.119,-0.6453107,,,0,,,,,,
11836,Taijuan Walker,NYM,12,5,0,29,29,157.1,7.550847702,2.574152626,0.858050875,0.283813747,0.75722543,0.462365591,0.095541401,3.489406892,3.94,3.646329324,3.88415558,2.674705982,0.2992,93.83921708,-1.871008612,0.0496,88.88925466,-1.174348578,0.1064,92.9390346,1.246568296,,,,0.1816,85.20468234,-2.372286741,0.0868,75.07803949,0.918935433,,,,0.276,88.85609149,14.9788208,,,,,,,0.0004,,91.2281106,84.40806452,90.86702899,113.9235732,,100.18,150.337881,109.6822302,100.7168873,101.7888087,,Taijuan Walker,SP,R,R,NYM,30,8.142,2.674705982,,3.0,39000000,13000000.0,,PHI,4.0,72000000.0,18000000.0
11847,Chris Martin,- - -,4,1,2,60,0,56.0,11.89285917,0.803571565,0.964285879,0.316546763,0.75630252,0.489510489,0.130434782,3.053571949,2.55,2.183859415,2.007019967,1.597569197,0.4294049,95.3615988,9.341263108,0.31738623,91.70447854,4.486761868,0.08168028,94.70260707,-2.54480968,,,,0.07934656,84.27942433,-4.801062472,,,,,,,0.09218203,88.47517801,-0.86554056,,,,,,,,,116.621875,85.64308943,85.43098592,106.1162465,,107.6430147,89.59584087,94.92877786,109.9899667,101.6943273,,Chris Martin,RP,R,R,LAD,37,5.133,1.597569227,,,0,,,BOS,2.0,17500000.0,8750000.0
12272,Aaron Brooks,STL,0,0,0,5,0,9.1,6.75000092,1.928571691,2.892857537,0.266666667,0.6122449,0.393939393,0.23076923,7.714286765,10.18,6.755288641,4.638660022,-0.176399142,0.24025974,93.76959064,0.448728975,,,,0.25324675,92.99213116,-3.727877542,0.24025974,85.61572925,0.258357882,0.22077922,85.90548168,-0.557284445,0.04545455,79.74140276,0.0051548,,,,,,,,,,,,,,95.68421053,,75.30555556,99.1974359,113.2771429,54.75,,,94.21363636,99.50779221,99.4461039,,Aaron Brooks,RP,R,R,STL,33,2.102,-0.176399142,,,0,,,SDP,1.0,0.0,
12304,Chris Bassitt,NYM,15,9,0,30,30,181.2,8.273394959,2.427523072,0.941284456,0.281690141,0.77160494,0.48828125,0.109195402,3.418348815,3.44,3.657385161,3.715647235,2.83988142,0.12765217,93.32805049,-3.608762365,0.17773913,89.17116408,7.090932015,0.336,92.78953157,16.4235411,0.05878261,85.2823768,-5.331580754,0.16104348,78.86883268,-3.86128132,0.13878261,71.57419917,5.447108135,,,,,,,,,,,,,,75.35657143,119.5645885,69.88783069,93.28695652,126.392735,,91.12269076,,97.87792433,102.8704269,101.4161055,,Chris Bassitt,SP,R,R,NYM,34,6.13,2.83988142,,3.0,48000000,16000000.0,19650000.0,TOR,3.0,63000000.0,21000000.0
12323,Jacob Barnes,- - -,3,1,0,23,0,22.1,4.835821997,3.626866498,1.208955499,0.281690141,0.67114094,0.506849315,0.130434782,5.64179233,4.78,5.261685222,5.039976051,-0.278482879,0.47645429,95.40815132,-1.075737551,0.42105263,89.21555369,-0.976631112,,,,,,,0.10249307,84.62427418,0.061436132,,,,,,,,,,,,,,,,,,,126.5445087,,104.9028571,,91.50915033,,109.5975069,98.39418283,100.0878116,,Jacob Barnes,RP,R,R,NYY,33,4.157,-0.278482884,,,0,,,TEX,1.0,0.0,
12447,Seth Lugo,NYM,3,2,3,62,0,65.0,9.553847275,2.492307985,1.246153992,0.283236994,0.79819277,0.455555555,0.132352941,3.600000423,3.46,3.758584924,3.50727904,0.256202787,0.29321872,94.40460225,4.295706708,,,,0.21872015,94.41521391,-2.863079567,0.01623687,87.45672248,0.227060769,0.13658071,88.92998798,-0.177916441,0.33524355,79.7724192,1.456699118,,,,,,,,,,,,,,79.33888889,107.3307902,92.51800643,85.62288136,116.8232877,,,,99.1,100.7201112,102.0179796,,Seth Lugo,RP,R,R,NYM,33,6.082,0.256202787,,1.0,5000000,5000000.0,,SDP,2.0,15000000.0,7500000.0
12730,Nick Martinez,SDP,4,4,8,47,10,106.1,8.040753024,3.470219726,1.269592583,0.276450512,0.80833333,0.473856209,0.144230769,3.470219726,3.83,4.429045532,4.043074509,0.421830306,0.24883721,93.45058092,-12.3477614,0.17732558,88.48116355,2.135350313,0.15930233,93.28201984,6.15746903,0.25581395,79.72183061,5.093389928,,,,0.15872093,81.71270461,1.168818351,,,,,,,,,,,,,,110.4624146,107.8956044,98.2518847,102.043254,,,91.97016393,,102.2844767,102.0297674,104.0621512,,Nick Martinez,SP,L,R,SDP,32,4.002,0.421830297,,2.0,16000000,8000000.0,,SDP,3.0,26000000.0,8666666.667
12760,Rafael Montero,HOU,5,2,14,71,0,68.1,9.614634862,3.029268518,0.395121981,0.26035503,0.73746313,0.529411764,0.056603773,2.370731884,2.7,2.644138284,3.221595572,1.495330334,0.45928637,96.48475629,5.5361767,,,,0.22506862,95.98119125,6.020442177,0.19396157,91.17917158,6.014499705,0.12168344,87.95864662,0.838772155,,,,,,,,,,,,,,,,,121.070283,,112.6018036,105.4128514,128.5345865,,,,114.5347388,106.0073327,105.2553621,,Rafael Montero,RP,R,R,HOU,32,6.138,1.495330334,,,0,,,HOU,3.0,34500000.0,11500000.0
12763,Chris Devenski,- - -,2,1,0,13,0,14.2,7.36363764,0.61363647,1.84090941,0.36,0.4787234,0.415094339,0.136363636,8.590910581,5.11,4.544249432,4.105712553,-0.022756621,0.43568465,94.12840867,-3.615512826,,,,,,,0.40248963,82.97600626,0.105730936,0.14937759,81.84493849,-2.180551186,0.01244813,76.82359823,-0.014933947,,,,,,,,,,,,,,131.7721649,,69.70190476,,135.8805556,13.4,,,104.4170124,102.4609959,103.5518672,,Chris Devenski,RP,R,R,PHI,32,6.036,-0.022756621,,,0,,,LAA,1.0,0.0,
12763,Chris Devenski,- - -,2,1,0,13,0,14.2,7.36363764,0.61363647,1.84090941,0.36,0.4787234,0.415094339,0.136363636,8.590910581,5.11,4.544249432,4.105712553,-0.022756621,0.43568465,94.12840867,-3.615512826,,,,,,,0.40248963,82.97600626,0.105730936,0.14937759,81.84493849,-2.180551186,0.01244813,76.82359823,-0.014933947,,,,,,,,,,,,,,131.7721649,,69.70190476,,135.8805556,13.4,,,104.4170124,102.4609959,103.5518672,,Chris Devenski,RP,R,R,PHI,32,6.036,-0.022756621,,,0,,,LAA,1.0,900000.0,900000.0
12800,Noé Ramirez,ARI,5,4,0,55,0,50.0,9.180003502,4.680001785,1.620000618,0.285714286,0.68403909,0.378787878,0.163636363,5.220001991,4.14,5.15243178,4.440837853,-0.684255719,0.38100962,89.64952188,1.500371069,,,,,,,0.30528846,83.88267409,-2.899806902,0.31370192,77.79259459,-2.568969335,,,,,,,,,,,,,,,,,103.9540541,88.70342205,76.53291925,,,,,,88.72412965,99.32665066,97.08883553,,Noé Ramirez,RP,R,R,ARI,33,5.061,-0.684255719,,,0,,,,,,
12804,Matt Wisler,TBR,3,3,1,39,5,44.0,7.15909184,2.863636736,1.227272887,0.198347107,0.73033708,0.248,0.083333333,2.250000293,3.27,4.248794786,4.898490259,0.199226245,0.07076101,90.02032816,-0.439631995,,,,0.01335113,89.80432129,-0.155269984,0.00133511,88.08850098,0.048935145,0.91455274,80.08054074,6.943734176,,,,,,,,,,,,,,,,,,,53.8828125,,118.0681287,,,,112.5708166,100.5642486,106.6385366,,Matt Wisler,RP,R,R,TBR,30,5.042,0.199226245,,,0,,,DET,1.0,0.0,
12808,Mike Clevinger,SDP,7,7,0,23,22,114.1,7.163265625,2.755102163,1.574344093,0.249240122,0.76470588,0.351585014,0.125786163,4.329446257,4.65,4.975404845,4.760058497,0.411009166,0.40758048,93.52841074,1.542890057,0.1443406,86.75794204,0.782143995,0.11266874,93.04602895,4.339244109,0.09293873,86.22782821,-2.805068247,0.20924195,79.8682432,-5.928158827,0.03322949,76.7541405,-1.089974418,,,,,,,,,,,,,,72.24064171,80.65538462,96.36502116,99.0965035,109.5329975,,67.31879433,,92.33903788,100.0966104,100.870155,,Mike Clevinger,SP,R,R,SDP,32,6.033,0.411009163,,1.0,8000000,8000000.0,,CHW,1.0,12000000.0,12000000.0
12880,Tyler Anderson,LAD,15,5,0,30,28,178.2,6.951492339,1.712686518,0.705223861,0.255859375,0.77790974,0.401151631,0.06392694,2.569029778,3.1,3.308326518,4.104227053,4.058880061,0.37732919,90.7401972,7.60433672,0.22088509,85.65393903,8.570168026,0.07298137,89.11207613,-1.935339324,0.31638199,79.04075531,15.26644315,,,,0.01242236,73.28035736,-0.056143943,,,,,,,,,,,,,,105.8910429,72.759375,79.85291113,74.66393443,,,110.8312169,,94.44818657,104.655379,104.7297942,,Tyler Anderson,SP,L,L,LAD,33,7.065,4.058879852,,3.0,43500000,14500000.0,19650000.0,LAA,3.0,39000000.0,13000000.0
12910,Ken Giles,SEA,0,0,0,5,0,4.1,12.46153938,8.307692917,0.0,0.125,1.0,0.375,0.0,0.0,2.94,3.112431002,4.137302203,0.029496577,0.46031746,94.8176943,-0.682928648,,,,,,,,,,0.53968254,84.28303797,2.212061308,,,,,,,,,,,,,,,,,,,80.33793103,,111.6647059,,,,98.42727273,84.38787879,88.56060606,,Ken Giles,RP,R,R,SEA,32,7.113,0.029496577,,,0,,,,,,
12917,Dylan Bundy,MIN,8,8,0,29,29,140.0,6.042857143,1.8,1.542857143,0.284753363,0.69407008,0.340471092,0.112149532,4.885714286,4.31,4.662431002,4.696709948,0.75713712,0.40917431,89.06146651,0.713929877,,,,0.05779817,90.01142423,-2.54206213,,,,0.23990826,79.16555629,-6.908334713,0.1059633,72.22689225,3.019488104,,,,0.18715596,81.16117111,-4.915133908,,,,,,,,91.86348039,88.94545455,98.78936416,81.98823529,104.2978967,,,,96.59243119,105.9564679,102.6941284,,Dylan Bundy,SP,S,R,MIN,30,7.026,0.75713712,,1.0,5000000,5000000.0,,NYM,1.0,0.0,
12918,Archie Bradley,LAA,0,1,2,21,0,18.2,7.23214532,3.37500115,0.482143021,0.290909091,0.48672566,0.571428571,0.066666666,4.821430214,3.36,3.326716789,3.819870942,0.226552904,0.29508197,93.95419922,-0.406823307,,,,0.27540984,93.54275949,1.857317623,0.15737705,85.85626221,0.423912156,0.15081967,80.35499639,-0.208781566,0.12131148,79.78291939,0.586505949,,,,,,,,,,,,,,89.75208333,,85.08555556,92.32380952,,88.01927711,,,88.56912752,98.93053691,96.18926174,,Archie Bradley,RP,R,R,LAA,30,7.112,0.226552904,,,0,,,,,,
12988,Andrew Chafin,DET,2,3,3,64,0,57.1,10.51744419,2.982558801,0.784883895,0.288590604,0.6984127,0.513333333,0.096153846,2.825582022,2.92,3.060105409,3.269045147,0.923651278,0.27474972,91.79201196,0.870014869,,,,0.40266963,91.68037811,0.095780615,0.00333704,84.90556844,-0.082237702,0.3192436,82.96151595,6.726688247,,,,,,,,,,,,,,,,,53.63333333,,63.34140625,76.50566572,124.5452962,,,,88.02761693,98.13619154,96.33407572,,Andrew Chafin,RP,R,L,DET,33,8.02,0.923651278,,,0,,,ARI,1.0,6250000.0,6250000.0
13182,Kyle Crick,CHW,2,0,0,14,0,15.2,10.91489539,6.319149962,0.0,0.294117647,0.69565217,0.323529411,0.0,4.021277249,4.37,3.176260799,4.121177593,0.136051074,0.04301075,92.27083333,0.300771181,,,,0.38351254,92.38912821,1.393432993,,,,0.5734767,79.8928772,-0.144467231,,,,,,,,,,,,,,,,,,,41.71666667,106.7046729,126.7525,,,,115.4064516,91.1483871,99.80143369,,Kyle Crick,RP,L,R,CHW,30,5.027,0.136051074,,,0,,,TBR,1.0,0.0,
13183,Zach Davies,ARI,2,5,0,27,27,134.1,6.833747157,3.4838711,1.406947944,0.256997455,0.75034106,0.428571428,0.130434782,4.08684879,4.56,4.832034044,4.574015231,0.445978314,,,,0.05802792,87.4448646,-1.174807116,0.54101222,89.43458291,-9.653405689,0.33246073,79.59836368,9.455174383,0.0095986,76.1192516,-0.615280297,0.05890052,74.54253472,-2.261854336,,,,,,,,,,,,,,103.6653543,85.1080292,,67.24204046,84.55,,58.21937984,,80.2541958,101.6484266,96.79755245,,Zach Davies,SP,R,R,ARI,30,7.02,0.445978314,,,0,,,ARI,1.0,5000000.0,5000000.0
13218,Michael Fulmer,- - -,5,6,3,67,0,63.2,8.623037769,3.958115697,0.5654451,0.308988764,0.75231481,0.35359116,0.05479452,3.392670598,3.78,3.567928443,4.448561539,0.680271629,0.15244487,94.34050093,-2.820470434,,,,0.13135187,94.50549584,0.146954022,0.06040268,86.63643198,-0.88751971,0.63470757,90.28694711,7.713639565,0.021093,78.99639962,-2.02667312,,,,,,,,,,,,,,84.96190476,101.5045455,94.30552147,105.9896296,,,,,108.9842761,93.94141898,98.77488015,,Michael Fulmer,RP,R,R,MIN,30,6.157,0.680271626,,,0,,,CHC,1.0,4000000.0,4000000.0
13273,Ross Stripling,TOR,10,4,1,32,24,134.1,7.436724953,1.339950442,0.803970265,0.268542199,0.73649755,0.4375,0.076923076,3.014888494,3.54,3.112431002,3.670279371,3.006039905,0.33498268,91.94653284,2.125230063,,,,0.07521029,89.84356609,2.953059595,0.27263731,82.5471311,3.804460298,0.22018803,87.0771638,7.391937431,0.09698169,76.07989253,-1.340542667,,,,,,,,,,,,,,113.1271248,,83.82058394,76.53071895,111.9136771,127.005102,,,101.5530595,108.0472608,101.824595,,Ross Stripling,SP,R,R,TOR,33,6.115,3.006040096,,2.0,22000000,11000000.0,,SFG,2.0,25000000.0,12500000.0
13293,Danny Coulombe,MIN,0,0,0,10,0,12.1,6.567568753,6.567568753,0.0,0.2,0.8125,0.371428571,0.0,1.459459723,3.08,3.842160863,5.52258049,0.029499618,0.35111111,91.75343651,2.1998653,,,,0.01777778,90.9504776,-0.574099865,0.19555556,76.59944292,-0.436498206,0.28444444,83.27099609,0.753695119,0.15111111,79.86404239,0.689204697,,,,,,,,,,,,,,135.7295455,117.9,101.8042857,42.11538462,137.165625,,,,116.1708696,87.05913043,89.21086957,,Danny Coulombe,RP,L,L,MIN,33,4.008,0.029499618,,,0,,,MIN,1.0,1000000.0,1000000.0
13435,Pierce Johnson,SDP,1,2,0,15,0,14.1,13.18604856,5.023256594,0.627907074,0.382352941,0.67961165,0.542857142,0.111111111,5.023256594,2.64,2.763593738,2.786151274,0.293300927,0.38571429,94.71208587,-0.936044004,,,,,,,,,,,,,0.61428571,84.10720612,1.408799164,,,,,,,,,,,,,,,125.8526316,92.16944444,,,,,,113.1176259,103.4852518,102.7992806,,Pierce Johnson,RP,R,R,SDP,32,3.137,0.293300927,,,0,,,COL,1.0,5000000.0,5000000.0
13449,Taylor Rogers,- - -,4,8,31,66,0,64.1,11.75129696,2.658031456,0.979274747,0.326797386,0.63471503,0.424050632,0.118644067,4.756477342,4.08,3.314503568,3.257640268,1.005404353,0.00092166,94.32740021,0.081322357,,,,0.42857143,94.33472152,-0.987294745,,,,0.57050691,80.91014994,1.982348457,,,,,,,,,,,,,,,,,,,46.3,81.18168103,108.788853,,,,96.86746544,96.35612903,99.4243318,,Taylor Rogers,RP,L,L,MIL,32,6.145,1.005404353,,2.0,15000000,7500000.0,,SFG,3.0,33000000.0,11000000.0
13475,Daniel Norris,- - -,2,4,0,41,3,58.2,10.12500126,4.448864191,1.68750021,0.248175182,0.6402439,0.469387755,0.215686274,5.215909741,4.49,5.140840345,3.990252241,-0.421548374,0.33531746,91.46658921,-0.598750859,,,,0.08531746,90.91900493,-1.52959834,0.27876984,86.88419871,5.376080137,0.28571429,80.16134771,-3.662188798,0.01488095,76.33031006,-0.301336575,,,,,,,,,,,,,,117.0300353,64.40666667,85.4684058,61.53417722,90.46027875,,,,93.67388898,91.35374145,93.47468314,,Daniel Norris,RP,L,L,DET,30,7.063,-0.421548367,,,0,,,CIN,1.0,0.0,
13758,Tyler Duffey,MIN,2,4,2,40,0,44.0,7.977273419,3.068182084,1.636363778,0.303278689,0.74297189,0.446153846,0.235294117,4.909091335,5.53,4.794249329,3.574534672,-0.423156619,0.36842105,92.33619505,-1.747941434,,,,0.14304993,92.45658903,2.599830344,0.04453441,79.02490234,1.224895235,0.11470985,83.81391314,-1.433232613,0.317139,82.11678856,-4.544582497,0.01214575,72.5967475,-0.508384593,,,,,,,,,,,82.97272727,,78.32124542,78.76132075,,116.1012658,,,94.20401107,101.6439834,101.1878285,,Tyler Duffey,RP,R,R,MIN,32,5.074,-0.423156619,,,0,,,CHC,1.0,0.0,
13763,Dominic Leone,SFG,4,5,3,55,0,49.1,9.486488198,4.378379168,1.094594792,0.35,0.77903683,0.388888888,0.109090909,4.013514238,3.7,4.044863602,4.114194369,0.019012814,0.3716707,95.41477504,-7.967460833,0.27118644,91.20858329,1.157280341,0.00242131,95.43855286,0.095175445,,,,0.35472155,85.00227976,1.229924571,,,,,,,,,,,,,,,,,,,110.4333333,75.6,120.9901695,,92.63794643,,109.3256442,99.11656442,101.1909202,,Dominic Leone,RP,R,R,SFG,31,6.153,0.019012814,,,0,,,TEX,1.0,0.0,
13774,Zach Eflin,PHI,3,5,1,20,13,75.2,7.731277598,1.784140984,0.951541858,0.281818182,0.65989848,0.44493392,0.096385542,4.044052897,3.24,3.561770212,3.811162204,1.389717817,0.15410385,93.28007275,1.955347832,0.13902848,90.35456719,-2.766397476,0.40033501,92.91666939,-0.379331764,0.06030151,87.16293674,2.742240869,0.04522613,86.3869482,-0.553958956,0.20100503,78.48635712,2.474855177,,,,,,,,,,,,,,66.39452055,104.2325,74.4027027,93.53865546,87.81219512,,78.09462291,,88.61505878,107.3210021,102.5713596,,Zach Eflin,SP,R,R,PHI,29,6.018,1.389717817,,3.0,30000000,10000000.0,,TBR,3.0,41000000.0,13333333.0
13799,Matt Strahm,BOS,4,4,4,50,0,44.2,10.47761522,3.425374207,1.007463002,0.289473684,0.67924528,0.367521367,0.094339622,3.828359408,3.34,3.716908803,4.018242742,0.325621068,0.40837696,94.33205629,4.1948222,,,,0.12172775,94.17374412,0.056114964,0.09031414,88.24559132,-4.915717173,0.20811518,88.81059601,0.887959119,0.17146597,82.85016102,1.199080758,,,,,,,,,,,,,,88.22285714,102.1581395,108.8458194,110.2,80.7,,,,104.7796855,100.9547837,99.77706422,,Matt Strahm,RP,R,L,BOS,31,6.064,0.325621068,,,0,,,PHI,2.0,15000000.0,7500000.0
13801,Austin Adams,SDP,1,0,0,2,0,2.1,7.714286765,11.57143015,0.0,0.0,1.0,1.0,0.0,0.0,3.78,5.255288436,5.255288436,-0.01758913,0.21276596,92.65344849,-0.20572162,,,,,,,,,,0.78723404,86.05513619,1.196236916,,,,,,,,,,,,,,,,,,,73.82,,94.87027027,,,,90.65,89.01666667,93.05833333,,Austin Adams,RP,R,R,SDP,32,4.015,-0.01758913,,,0,,,ARI,1.0,0.0,
13834,Alec Mills,CHC,0,1,0,7,2,17.2,5.603774392,1.528302107,3.566038249,0.35,0.5785124,0.343283582,0.225806451,9.679246676,8.18,8.036960012,5.48364558,-0.577136174,0.22516556,88.7559599,-3.195254937,,,,0.37417219,88.57679843,0.440552916,0.18543046,79.03673444,-5.274294738,0.12913907,76.1864671,-2.500001263,0.08609272,65.91770113,-0.980362251,,,,,,,,,,,,,,75.79642857,70.54230769,79.32714286,72.2963964,86.69487179,,,,76.25264901,102.5122517,97.66092715,,Alec Mills,SP,R,R,CHC,31,3.097,-0.577136159,,,0,,,,,,
14078,Michael Wacha,BOS,11,2,0,23,23,127.1,7.350785634,2.191099564,1.27225136,0.259776536,0.80298013,0.409574468,0.124137931,3.321989661,4.56,4.141226854,3.989291484,1.533195734,0.36121088,93.24685946,-9.942448273,0.17393535,88.96260831,4.723294936,0.09286814,92.69547436,7.179606482,0.29758851,84.53808594,6.300758868,,,,0.07439713,74.95262662,-3.161437668,,,,,,,,,,,,,,116.4055172,68.34896552,89.08398134,74.81755102,,,81.475,,92.56680349,103.9332478,97.07742432,,Michael Wacha,SP,R,R,BOS,31,9.062,1.533195734,,2.0,20000000,10000000.0,,SDP,4.0,26000000.0,6500000.0
14361,Ty Blach,COL,1,0,1,24,1,44.1,5.887218721,2.233082963,0.812030168,0.319727891,0.59931507,0.429530201,0.070175438,5.887218721,4.08,3.856791989,4.587191833,0.302146874,0.54977712,91.23244101,2.452048838,,,,,,,0.19465082,80.82758826,-4.66501018,0.16939079,85.17896659,4.403203566,0.08618128,79.32212146,-6.293091394,,,,,,,,,,,,,,32.91818182,71.88275862,,94.92243243,,,71.01140351,,76.82552757,106.3284755,93.03255647,,Ty Blach,RP,R,L,COL,32,3.007,0.302146882,,,0,,,COL,1.0,1100000.0,1100000.0
14542,Carlos Estévez,COL,4,4,2,62,0,57.0,8.526316931,3.631579433,1.105263306,0.246666667,0.70446735,0.361290322,0.101449275,3.473684675,4.17,4.077343412,4.27287833,0.327445805,0.703,97.53696213,2.414131518,,,,,,,0.148,88.498357,1.281336769,0.149,87.306444,0.278842989,,,,,,,,,,,,,,,,,93.61283784,,107.7174757,,119.5966887,,,,107.4048972,98.94299706,99.95210578,,Carlos Estévez,RP,R,R,COL,30,6.022,0.327445805,,,0,,,LAA,2.0,13500000.0,6750000.0
14710,Edwin Díaz,NYM,3,1,32,61,0,62.0,17.12903437,2.612903547,0.435483925,0.329787234,0.90361446,0.46875,0.09375,1.306451774,1.69,0.90275331,1.037782697,3.000324011,0.41918103,99.14885925,1.157835413,,,,,,,,,,0.58081897,90.79634595,20.54078411,,,,,,,,,,,,,,,,,,,114.0886889,,164.6033395,,,,143.3457701,100.3119306,112.3546638,,Edwin Díaz,RP,R,R,NYM,29,6.121,3.000324011,,5.0,100000000,20000000.0,,NYM,5.0,102000000.0,18600000.0
14843,Michael Lorenzen,LAA,8,6,0,18,18,97.2,7.832764709,4.054607614,1.013651904,0.262172285,0.71302817,0.501805054,0.123595505,4.23890796,3.91,4.310383251,4.195224992,0.994760513,0.20012092,95.04755358,-2.240630656,0.10882709,90.8480089,-3.590044312,0.24002418,94.23388303,8.172485292,0.22309553,86.01800157,3.058562253,0.20677146,83.66372556,2.298821438,0.02116082,81.392899,-1.769803975,,,,,,,,,,,,,,102.6235772,84.37428571,95.56515581,89.09385027,112.4847507,,93.38516484,,98.74824029,97.7839199,97.34490291,,Michael Lorenzen,SP,R,R,LAA,31,7.159,0.994760513,,,0,,,DET,1.0,8500000.0,8500000.0
14875,Caleb Smith,ARI,1,3,0,44,1,70.0,8.357143768,5.014286261,1.800000196,0.234972678,0.80103359,0.30927835,0.13592233,4.114286163,3.86,5.569574127,5.147831918,-0.794796377,0.45623987,91.75323757,-5.431664269,,,,,,,0.22366288,83.39344931,5.137854077,0.28768233,85.2415082,-2.757712655,0.03160454,78.70153652,-1.036752488,,,,,,,,,,,,,0.00081037,80.16021898,88.71171429,85.80923623,,96.69495798,,,,87.80843006,98.55932194,96.08259864,,Caleb Smith,RP,R,L,ARI,31,5.077,-0.794796407,,,0,,,PIT,1.0,0.0,
14966,Reyes Moronta,- - -,2,2,2,39,0,37.2,9.07964709,4.300885464,1.194690407,0.255102041,0.69767442,0.316831683,0.092592592,4.300885464,3.27,4.413316111,4.809951941,0.128598765,0.53354134,95.31183468,-0.035011746,,,,,,,0.09672387,88.91151084,0.188847922,0.36973479,82.00969352,1.656926785,,,,,,,,,,,,,,,,,93.65967742,,99.96491228,,113.7299578,,,,104.4427564,95.80900311,97.2605459,,Reyes Moronta,RP,R,R,ARI,30,4.111,0.128598765,,,0,,,TEX,1.0,0.0,
14975,Chad Kuhl,COL,6,11,0,27,27,137.0,7.226277372,3.810218978,1.642335766,0.31026253,0.69398907,0.36590909,0.142857142,5.715328467,5.28,5.258416403,4.777136445,0.450533181,0.03663158,93.55914938,-4.178068195,,,,0.41347368,92.76882319,-17.10464524,0.06905263,87.79989996,-6.14932394,0.36589474,86.60663298,3.666249469,0.11452632,79.56221996,-4.452202626,0.00042105,63.64450073,-0.036456525,,,,,,,,,,,66.43918129,,77.8440678,80.03253493,116.1091954,119.1677656,,,96.7342616,95.42810127,94.52949367,,Chad Kuhl,SP,R,R,COL,30,6.079,0.450533181,,,0,,,WSN,1.0,946237.0,946237.0
15010,Corey Knebel,PHI,3,5,12,46,0,44.2,8.261195206,5.641791848,0.805970264,0.243697479,0.71428571,0.393442622,0.085106382,3.425373622,3.8,4.455714775,4.849237861,-0.018493634,0.69911504,95.8242682,5.052337658,,,,,,,,,,0.03034134,79.76295471,-0.110449616,0.27054362,78.90066443,-2.016659442,,,,,,,,,,,,,,,,109.6578662,,154.825,80.05841121,,,103.0363522,94.75295597,94.10540881,,Corey Knebel,RP,R,R,PHI,31,7.151,-0.018493634,,,0,,,,,,
15046,Trevor Gott,MIL,3,4,0,45,0,45.2,8.671534054,2.364963833,1.576642555,0.226890756,0.6443299,0.436507936,0.156862745,4.138686708,2.94,4.448197611,3.824084523,-0.119867362,0.32720105,95.30506401,0.523550738,,,,0.22076216,95.16572498,-0.315401353,0.01051248,90.20739746,-1.588681169,0.33771353,91.63919625,4.09173457,0.10381078,82.80221519,0.15112076,,,,,,,,,,,,,,124.175,117.7506329,108.1388,94.37005988,,,88.11712062,,99.48118421,101.0702632,100.8602632,,Trevor Gott,RP,R,R,MIL,30,4.057,-0.119867362,,,0,,,SEA,1.0,1200000.0,1200000.0
15291,Steven Brault,CHC,0,0,0,9,0,9.0,8.000002543,5.000001589,0.0,0.32,0.71428571,0.44,0.0,3.000000954,2.83,3.334653295,5.308479794,0.088804558,0.31210191,91.23191366,-1.085960314,,,,0.32484076,90.99753945,2.729488306,0.05095541,85.58488464,-0.714893114,0.31210191,82.01944157,-0.855782583,,,,,,,,,,,,,,,,,83.61428571,,77.928,78.86470588,102.4714286,,,,86.19358974,93.03589744,86.82948718,,Steven Brault,RP,L,L,CHC,31,4.167,0.088804558,,,0,,,,,,
15423,Andrew Heaney,LAD,4,4,0,16,14,72.2,13.62385369,2.353211092,1.733945015,0.291139241,0.78947368,0.345238095,0.179487179,3.096330384,3.39,3.745458547,2.829891728,1.139724225,0.62520325,92.98031382,-0.727540482,,,,,,,0.05121951,84.94215805,-3.096358031,0.32357724,83.42399559,2.561747465,,,,,,,,,,,,,,,,,85.26507937,,94.61677503,,95.20427136,,,,94.33211915,101.9578972,101.0858961,,Andrew Heaney,SP,L,L,LAD,32,7.15,1.139724255,,2.0,20000000,10000000.0,,TEX,2.0,25000000.0,12500000.0
15440,Matthew Boyd,SEA,2,0,0,10,0,13.1,8.775000837,5.400000515,0.0,0.161290323,0.85714286,0.413793103,0.0,1.350000129,2.7,3.187431009,4.408735884,0.102375232,0.32291667,92.69684822,0.554662649,,,,0.15104167,90.69265221,2.462699279,0.1875,80.69070095,1.099684302,0.32291667,80.80715253,1.693174496,0.015625,71.95420329,0.043325849,,,,,,,,,,,,,,109.6583333,79.9,80.3796875,72.11851852,107.7145161,,,,93.53177083,94.3578125,91.62864583,,Matthew Boyd,SP,L,L,SEA,32,6.136,0.102375232,,,0,,,DET,1.0,10000000.0,10000000.0
15552,Chad Green,NYY,1,1,1,14,0,15.0,9.600001221,3.000000381,0.600000076,0.3,0.72289157,0.25,0.045454545,3.000000381,3.24,2.845764301,4.150306259,0.332882762,0.63865546,94.81670179,0.525945991,,,,,,,,,,0.3487395,84.70908438,1.646762729,,,,,,,0.01260504,88.409729,0.145650517,,,,,,,,120.2666667,134.4,111.5192053,122.5,,,,,116.3138075,105.0518828,112.358159,,Chad Green,RP,L,R,NYY,32,6.05,0.332882762,,1.0,5000000,5000000.0,,TOR,3.0,23250000.0,2250000.0
15594,Nick Wittgren,STL,1,0,1,29,0,29.0,5.27586311,3.103448888,0.310344889,0.333333333,0.6302521,0.43,0.029411764,5.896552888,4.2,3.836569076,5.123898976,0.088830791,0.32016632,91.58958376,-0.354787577,0.21413721,88.26070426,1.927198965,0.12681913,91.18522669,-1.955137677,0.23076923,84.20996094,-0.949490312,0.10810811,82.12945087,-1.879463427,,,,,,,,,,,,,,,,,103.3486486,,61.97735849,65.77142857,105.8576923,,84.12912621,,81.70935551,98.5970894,92.17276507,,Nick Wittgren,RP,R,R,STL,32,5.071,0.088830791,,,0,,,KCR,1.0,0.0,
15684,Miguel Castro,NYY,5,0,0,34,0,29.0,9.620692186,4.655173638,0.620689818,0.316455696,0.69444444,0.475,0.08,4.03448382,4.87,3.836569123,4.21619802,0.09002661,,,,,,,0.36398467,97.88879523,-2.657885659,0.18582375,92.42948615,-0.238213029,0.44061303,85.67922045,0.595480952,,,,,,,,,,,,,,,,0.00957854,95.590625,,,66.67989418,147.1430435,,,,107.7103516,92.58300781,98.78242187,,Miguel Castro,RP,R,R,NYY,28,6.079,0.09002661,,,0,,,ARI,2.0,8500000.0,3500000.0
15823,Zack Littell,SFG,3,3,1,39,0,44.1,7.917294823,2.639098274,1.624060476,0.310077519,0.72834646,0.433823529,0.145454545,5.075188989,3.64,4.646265896,4.136949641,-0.260842979,0.50659631,94.40799967,-0.839380525,,,,,,,,,,0.36939314,87.75958426,-3.610215858,,,,,,,0.12401055,85.52103765,-0.347665731,,,,,,,,,,94.73619792,,110.0487544,,,94.64301075,100.4013193,103.9914248,103.844723,,Zack Littell,RP,R,R,SFG,27,3.067,-0.260842979,,,0,,,TEX,1.0,0.0,
15873,Sean Manaea,SDP,8,9,0,30,28,158.0,8.886075949,2.848101266,1.651898734,0.290993072,0.67502987,0.381578947,0.149484536,4.955696203,4.05,4.530152521,3.961745333,1.082378574,,,,,,,0.60878324,91.11502433,1.638758175,0.24576954,84.76085745,-7.607833996,0.14544722,81.11965731,-1.634026438,,,,,,,,,,,,,,,,,87.91885246,,,91.10297872,83.61064426,,,,86.7992578,100.9622961,98.12519758,,Sean Manaea,SP,R,L,SDP,31,6.157,1.082378626,,2.0,22000000,11000000.0,,SFG,1.0,12500000.0,12500000.0
16137,Carlos Rodón,SFG,14,8,0,31,31,178.0,11.98314607,2.629213483,0.606741573,0.293103448,0.75059102,0.341404358,0.065217391,2.882022472,2.64,2.25288044,2.906745442,6.2333498,0.61172529,95.45985932,24.87014592,,,,,,,0.01976549,84.44182832,-1.24902232,0.31088777,85.27819403,10.11560665,0.05762144,79.671875,1.506646797,,,,,,,,,,,,,,97.96101695,96.93391813,116.5550931,,126.0600646,,,,117.9950638,102.9760242,107.6073539,,Carlos Rodón,SP,L,L,SFG,30,7.168,6.2333498,,5.0,135000000,27000000.0,19650000.0,NYY,6.0,162000000.0,27000000.0
16350,Ryan Borucki,- - -,2,0,0,32,0,25.1,7.460528095,3.907895669,2.131579456,0.253521127,0.73426573,0.486842105,0.24,5.684211882,5.9,6.072958023,4.454901128,-0.636488587,,,,,,,0.50241546,95.10468938,1.73591033,0.11111111,84.61290442,-1.223376621,0.38647343,87.69761963,-4.61306496,,,,,,,,,,,,,,,,,90.84565217,,,101.0798077,101.059375,,,,99.95008341,93.31695644,95.93133642,,Ryan Borucki,RP,L,L,SEA,29,4.066,-0.636488557,,,0,,,CHC,1.0,0.0,
16502,Ryan Yarbrough,TBR,3,8,0,20,9,80.0,6.862500654,2.475000236,1.350000129,0.305220884,0.73896353,0.37890625,0.115384615,4.500000429,4.4,4.77493116,4.749411383,0.058477581,0.18625277,86.88998171,-0.298303623,0.3045085,82.54807911,-5.796087548,,,,0.23872875,78.82190282,-3.122232307,0.27050998,71.49211813,-1.693875547,,,,,,,,,,,,,,,,,68.31052632,93.25218579,,84.78571429,,,86.7513382,,85.08811808,101.1321033,92.60273063,,Ryan Yarbrough,SP,R,L,TBR,31,4.117,0.058477577,,,0,,,KCR,1.0,3000000.0,3000000.0
16918,Luke Weaver,- - -,1,1,0,26,1,35.2,9.58878573,3.280374066,0.252336467,0.428571429,0.58558559,0.4,0.027777777,6.560748131,5.45,2.691870224,3.821588955,0.464655437,0.60194175,94.80495133,-3.305477124,0.0443828,87.05208588,-1.724483736,,,,0.26074896,86.88612268,-1.768740278,,,,0.09292649,82.29244722,-1.031557932,,,,,,,,,,,,,,83.62879229,93.85652985,98.88603113,101.6,104.4699219,,,,93.52203097,102.8855491,100.2073509,,Luke Weaver,SP,R,R,SEA,29,5.112,0.464655429,,,0,,,CIN,1.0,2000000.0,2000000.0
16929,Touki Toussaint,LAA,1,1,0,8,2,25.1,9.236843264,6.750000847,0.710526405,0.228070175,0.71022727,0.535714285,0.117647058,4.618421632,4.02,4.809799636,4.776889626,0.037917316,0.08584687,93.02410559,1.451122243,,,,0.38283063,91.92108191,-1.805552702,,,,,,,0.32946636,75.55166325,1.104973081,,,,0.20185615,86.57167071,2.937753499,,,,,,,,,102.8633803,84.95483871,81.15380117,,,,91.61149425,90.69071926,89.66078886,89.76890951,,Touki Toussaint,RP,R,R,LAA,27,2.135,0.037917309,,,0,,,CLE,1.0,0.0,
16977,Trevor Williams,NYM,3,5,1,30,9,89.2,8.431227364,2.30855035,1.204461052,0.301204819,0.82304527,0.361867704,0.110091743,3.211896139,3.67,3.881947785,3.941727697,0.697281161,0.52773826,91.2370441,11.29300986,,,,0.12944523,88.89932553,2.044996668,0.12802276,84.37492405,-3.329169694,0.16571835,82.01471969,-5.696801167,0.04907539,78.06655132,-1.175029647,,,,,,,,,,,,,,61.93369565,95.3649635,78.08061911,76.14382022,80.15333333,,,,77.67862084,104.6019508,96.50301151,,Trevor Williams,SP,R,R,NYM,31,6.027,0.697281182,,,0,,,WSN,2.0,13000000.0,6500000.0
17432,Jeff Hoffman,CIN,2,0,0,35,1,44.2,9.067165857,4.634329216,1.007462873,0.289256198,0.74576271,0.285714285,0.074626865,3.828358917,4.2,4.298998385,5.064328752,0.22617726,0.52004717,94.38203191,-1.838891413,,,,,,,,,,0.2370283,81.39060374,-2.056690313,,,,,,,0.24292453,87.78337349,-0.061204504,,,,,,,,89.6,,98.2295082,,89.30348259,,,,90.15352462,92.11207888,90.81823574,,Jeff Hoffman,RP,R,R,CIN,30,4.105,0.22617726,,,0,,,MIN,1.0,0.0,
18088,Cody Stashak,MIN,3,0,0,11,0,16.1,8.265307731,0.0,0.551020515,0.306122449,0.61643836,0.26,0.038461538,3.857143608,2.83,2.071614473,3.632202807,0.372368246,0.48898678,90.88536388,-1.413188383,,,,,,,0.01762115,84.43374634,0.172943849,0.49339207,82.27409145,3.29697492,,,,,,,,,,,,,,,,,39.6,,89.22342342,,142.18125,,,,112.5772894,100.2014652,105.1930403,,Cody Stashak,RP,R,R,MIN,29,3.064,0.372368246,,,0,,,,,,
18282,Jarlín García,SFG,1,4,1,58,0,65.0,7.753847064,2.492307985,1.384615547,0.27027027,0.69230769,0.390625,0.114942528,3.738461977,4.28,4.266277291,4.247694799,-0.080961667,0.42857143,93.67506286,3.086635586,,,,,,,0.28768473,85.12544815,-1.150817093,0.28374384,82.52598741,0.201195758,,,,,,,,,,,,,,,,,100.1600683,,85.90666667,,102.2979094,,,,94.6593254,98.6405754,98.19107143,,Jarlín García,RP,L,L,SFG,30,5.114,-0.080961667,,,0,,,PIT,1.0,2500000.0,2500000.0
18333,Alex Young,- - -,1,1,0,25,1,26.2,7.087502474,3.712501296,0.0,0.34939759,0.73170732,0.542168674,0.0,2.362500825,3.64,2.887430923,4.053222236,0.412933227,0.03820225,91.47070313,0.088585578,0.00674157,84.87963359,0.387696885,0.23595506,90.5632806,-0.372718528,0.32134831,86.09885844,1.906086285,0.24494382,82.75726486,0.820945829,0.15280899,82.15780729,-1.287352759,,,,,,,,,,,,,,118.4722973,98.26201117,61.65555556,55.56262626,,,68.0,,93.56218322,97.60188031,98.43034036,,Alex Young,RP,L,L,SFG,29,2.143,0.41293323,,,0,,,CIN,1.0,0.0,
18333,Alex Young,- - -,1,1,0,25,1,26.2,7.087502474,3.712501296,0.0,0.34939759,0.73170732,0.542168674,0.0,2.362500825,3.64,2.887430923,4.053222236,0.412933227,0.03820225,91.47070313,0.088585578,0.00674157,84.87963359,0.387696885,0.23595506,90.5632806,-0.372718528,0.32134831,86.09885844,1.906086285,0.24494382,82.75726486,0.820945829,0.15280899,82.15780729,-1.287352759,,,,,,,,,,,,,,118.4722973,98.26201117,61.65555556,55.56262626,,,68.0,,93.56218322,97.60188031,98.43034036,,Alex Young,RP,L,L,SFG,29,2.143,0.41293323,,,0,,,CIN,1.0,1150000.0,1150000.0
30115,Robert Suarez,SDP,5,1,1,45,0,47.2,11.51748405,3.965035494,0.755244856,0.247524752,0.84710744,0.432692307,0.111111111,2.265734568,3.27,3.217326121,3.244458261,0.693247437,0.44444444,97.92277475,1.822600964,0.08988764,94.57992893,-0.326733734,0.20099875,96.88819876,5.686530154,0.20973783,89.23331124,1.778894067,0.00998752,88.17463684,-0.270883258,0.04494382,80.63583713,-0.352503125,,,,,,,,,,,,,,106.164881,123.2636364,128.0265363,111.2911243,,,82.07462687,,115.447375,100.277125,104.2505,,Robert Suarez,RP,R,R,SDP,32,1.0,0.693247437,,,0,,,SDP,5.0,46000000.0,9200000.0
