playerid,Name_x,Position,Bats,Throws,Prev_Team,Age,Service,WAR_19,WAR_proj,Years_Med,Total_Med,AAV_Med,QO,Signing_Team,Years,Total,AAV,Name_y,Team,G,PA,HR,R,RBI,SB,BB%,K%,ISO,BABIP,AVG,OBP,SLG,wOBA,xwOBA,wRC+,BsR,Off,Def,WAR
18655,A.J. Minter,RP,L,L,ATL,31,6.2,-0.1,0.5,1.0,"$5,000,000","$5,000,000",,NYM,2.0,"$22,000,000","$11,000,000",A.J. Minter,ATL,39,0,0,0,0,0,0.0,0.0,0.0,0.0,0.0,0.0,0.0,0.0,,,0.0,0.0,0.0,0.0
16258,Aaron Bummer,RP,L,L,ATL,31,6.2,1.1,0.7,,$0,,,ATL,2.0,"$13,000,000","$6,500,000",Aaron Bummer,ATL,56,0,0,0,0,0,0.0,0.0,0.0,0.0,0.0,0.0,0.0,0.0,,,0.0,0.0,0.0,0.0
19844,Abraham Toro,3B/1B,S,R,ATH,28,3.2,0.7,0.5,,$0,,,,,,,Abraham Toro,OAK,94,364,6,34,26,4,0.054945054,0.17032967,0.109792284,0.278810408,0.240356083,0.292817679,0.350148367,0.283005854,0.291,86.83298533,0.598980911,-4.884979494,-0.101663977,0.738176289
15288,Adam Cimber,RP,R,R,LAA,34,6.1,0.0,-0.2,,$0,,,,,,,Adam Cimber,LAA,28,0,0,0,0,0,0.0,0.0,0.0,0.0,0.0,0.0,0.0,0.0,,,0.0,0.0,0.0,0.0
10950,Adam Duvall,LF/RF,R,R,ATL,36,8.2,-1.0,0.0,1.0,"$3,000,000","$3,000,000",,,,,,Adam Duvall,ATL,104,330,11,29,30,0,0.063636363,0.3,0.141914192,0.226804123,0.181518151,0.245454545,0.323432343,0.251942584,0.283,58.0482845,-0.275492713,-16.83033124,-4.005969144,-1.016972752
15223,Adam Frazier,2B/RF/LF,L,R,KCR,33,8.1,-0.6,0.2,,$0,,,,,,,Adam Frazier,KCR,104,294,4,35,22,3,0.074829931,0.200680272,0.091603053,0.246231155,0.202290076,0.281786941,0.293893129,0.261305982,0.286,63.12998519,0.203773685,-12.19921221,-3.254200816,-0.58380512
1247,Adam Ottavino,RP,S,R,NYM,39,13.1,0.5,0.2,,$0,,,,,,,Adam Ottavino,NYM,60,0,0,0,0,0,0.0,0.0,0.0,0.0,0.0,0.0,0.0,0.0,,,0.0,0.0,0.0,0.0
17859,Adbert Alzolay,RP,R,R,CHC,30,4.1,-0.8,0.0,,$0,,,,,,,Adbert Alzolay,CHC,18,0,0,0,0,0,0.0,0.0,0.0,0.0,0.0,0.0,0.0,0.0,,,0.0,0.0,0.0,0.0
12718,Adrian Houser,SP,R,R,NYM,32,5.1,-0.1,0.0,,$0,,,TEX,1.0,$0,,Adrian Houser,NYM,23,0,0,0,0,0,0.0,0.0,0.0,0.0,0.0,0.0,0.0,0.0,,,0.0,0.0,0.0,0.0
15937,Aledmys Díaz,3B/2B/1B/SS,R,R,HOU,34,8.1,-0.5,0.0,,$0,,,,,,,Aledmys Díaz,- - -,14,34,0,2,1,0,0.029411764,0.264705882,0.0,0.125,0.09090909,0.117647058,0.09090909,0.098066554,0.204,-41.81719926,-0.07486267,-5.659110805,-0.655495673,-0.535102431
17678,Alex Bregman,3B,R,R,HOU,31,8.1,4.1,4.0,6.0,"$162,000,000","$27,000,000","$21,050,000",,,,,Alex Bregman,HOU,145,634,26,79,75,3,0.06940063,0.135646687,0.192771085,0.264270613,0.259896729,0.315457413,0.452667814,0.330704212,0.319,117.9599455,-2.298741914,10.72992192,8.094865084,4.126927443
6562,Alex Cobb,SP,R,R,CLE,37,13.1,0.3,1.9,1.0,"$10,000,000","$10,000,000",,DET,1.0,"$15,000,000","$15,000,000",Alex Cobb,CLE,3,0,0,0,0,0,0.0,0.0,0.0,0.0,0.0,0.0,0.0,0.0,,,0.0,0.0,0.0,0.0
17027,Alex Verdugo,RF/LF,L,L,NYY,29,6.1,0.6,1.1,2.0,"$16,000,000","$8,000,000",,,,,,Alex Verdugo,NYY,149,621,13,74,61,2,0.078904991,0.149758454,0.123434705,0.252699784,0.232558139,0.290791599,0.355992844,0.283420814,0.302,83.14835691,-2.461504117,-14.4355098,-0.496343613,0.595861637
13781,Alex Wood,SP,R,L,ATH,34,11.1,-0.1,0.7,,$0,,,,,,,Alex Wood,OAK,9,0,0,0,0,0,0.0,0.0,0.0,0.0,0.0,0.0,0.0,0.0,,,0.0,0.0,0.0,0.0
15518,Amed Rosario,2B/3B/SS/RF,R,R,CIN,29,7.1,0.3,0.6,,$0,,,WSN,1.0,"$2,000,000","$2,000,000",Amed Rosario,- - -,103,346,3,29,32,13,0.02601156,0.210982658,0.099397591,0.350194552,0.280120481,0.306358381,0.379518072,0.298900495,0.28,96.17568022,0.693409391,-1.115998255,-7.809566021,0.269149617
12988,Andrew Chafin,RP,R,L,TEX,35,10.0,0.4,0.2,,$0,,,,,,,Andrew Chafin,- - -,62,0,0,0,0,0,0.0,0.0,0.0,0.0,0.0,0.0,0.0,0.0,,,0.0,0.0,0.0,0.0
15423,Andrew Heaney,SP,L,L,TEX,34,9.2,2.2,1.6,2.0,"$25,000,000","$12,500,000",,,,,,Andrew Heaney,TEX,32,0,0,0,0,0,0.0,0.0,0.0,0.0,0.0,0.0,0.0,0.0,,,0.0,0.0,0.0,0.0
12828,Andrew Kittredge,RP,R,R,STL,35,6.1,0.3,0.2,1.0,"$3,000,000","$3,000,000",,BAL,1.0,"$10,000,000","$10,000,000",Andrew Kittredge,STL,74,0,0,0,0,0,0.0,0.0,0.0,0.0,0.0,0.0,0.0,0.0,,,0.0,0.0,0.0,0.0
9847,Andrew McCutchen,DH,R,R,PIT,38,15.1,0.5,0.1,,$0,,,PIT,1.0,"$5,000,000","$5,000,000",Andrew McCutchen,PIT,120,515,20,66,50,3,0.112621359,0.258252427,0.178571428,0.282828282,0.232142857,0.328155339,0.410714285,0.324504187,0.327,105.4933599,-2.859444089,0.523591518,-12.95872879,0.486941856
3473,Anthony Rizzo,1B,L,L,NYY,35,12.2,-0.2,0.3,1.0,"$8,000,000","$8,000,000",,,,,,Anthony Rizzo,NYY,92,375,8,38,35,0,0.072,0.173333333,0.106824926,0.259398496,0.228486646,0.301333333,0.335311572,0.284789361,0.297,84.11102083,-2.809596144,-9.627217397,-5.278091669,-0.248329984
14551,Anthony Santander,RF/LF,S,R,BAL,30,6.2,3.3,2.7,4.0,"$80,000,000","$20,000,000","$21,050,000",TOR,5.0,"$92,500,000","$18,500,000",Anthony Santander,BAL,155,665,44,91,102,2,0.087218045,0.193984962,0.270588235,0.224824355,0.235294117,0.308270676,0.505882352,0.345174366,0.324,129.2176422,-2.698790558,19.53289646,-9.623647571,3.312878245
10233,Aroldis Chapman,RP,L,L,PIT,37,14.0,1.1,0.8,1.0,"$10,000,000","$10,000,000",,BOS,1.0,"$10,750,000","$10,750,000",Aroldis Chapman,PIT,68,0,0,0,0,0,0.0,0.0,0.0,0.0,0.0,0.0,0.0,0.0,,,0.0,0.0,0.0,0.0
13801,Austin Adams,RP,R,R,ATH,34,5.2,0.0,0.1,,$0,,,BOS,1.0,$0,,Austin Adams,OAK,56,0,0,0,0,0,0.0,0.0,0.0,0.0,0.0,0.0,0.0,0.0,,,0.0,0.0,0.0,0.0
19363,Austin Hays,LF/RF/CF,R,R,PHI,29,5.1,0.2,0.5,,$0,,,,,,,Austin Hays,- - -,85,255,5,26,20,2,0.035294117,0.231372549,0.140425532,0.317919075,0.255319148,0.303149606,0.39574468,0.303264681,0.287,97.83391462,-0.10506933,-0.799446501,-5.674849391,0.208982583
12976,Austin Hedges,C,R,R,CLE,32,8.2,0.4,0.7,,$0,,,CLE,1.0,"$4,000,000","$4,000,000",Austin Hedges,CLE,66,146,2,12,15,2,0.04109589,0.342465753,0.068181818,0.219512195,0.151515151,0.202797202,0.219696969,0.191493578,0.166,19.73448682,-0.655395001,-14.06411895,13.23141313,0.416651362
16153,Austin Slater,RF/LF/CF,R,R,BAL,32,6.1,-0.1,0.5,1.0,"$4,000,000","$4,000,000",,CHW,1.0,"$1,750,000","$1,750,000",Austin Slater,- - -,84,212,2,24,18,3,0.122641509,0.283018867,0.056497175,0.294117647,0.209039548,0.320754716,0.265536723,0.273435838,0.303,76.36256353,-0.767416834,-6.76852706,-1.691568464,-0.14433642
15047,Austin Voth,RP,R,R,SEA,33,5.1,0.0,0.0,,$0,,,,,,,Austin Voth,SEA,68,0,0,0,0,0,0.0,0.0,0.0,0.0,0.0,0.0,0.0,0.0,,,0.0,0.0,0.0,0.0
15271,Austin Wynns,C,R,R,CIN,34,4.0,0.4,0.0,,$0,,,CIN,1.0,$0,,Austin Wynns,CIN,7,20,0,3,2,0,0.0,0.25,0.210526316,0.5,0.368421052,0.4,0.578947368,0.419155437,0.307,165.3123913,0.039912052,1.60193304,1.243046388,0.362608049
12160,Ben Gamel,RF/LF,L,L,HOU,33,6.2,0.0,0.2,,$0,,,,,,,Ben Gamel,- - -,38,99,1,22,4,1,0.181818181,0.242424242,0.086419753,0.339285714,0.24691358,0.383838383,0.333333333,0.326615088,0.343,114.5360374,-0.734393343,0.925636204,-4.431650698,-0.021361272
13543,Blake Snell,SP,L,L,SFG,32,8.1,3.1,3.4,4.0,"$120,000,000","$30,000,000",,LAD,5.0,"$182,000,000","$31,357,257",Blake Snell,SFG,20,0,0,0,0,0,0.0,0.0,0.0,0.0,0.0,0.0,0.0,0.0,,,0.0,0.0,0.0,0.0
12572,Blake Treinen,RP,R,R,LAD,37,10.1,1.0,0.6,1.0,"$8,000,000","$8,000,000",,LAD,2.0,"$22,000,000","$11,000,000",Blake Treinen,LAD,50,0,0,0,0,0,0.0,0.0,0.0,0.0,0.0,0.0,0.0,0.0,,,0.0,0.0,0.0,0.0
11615,Brandon Drury,2B/1B/3B,R,R,LAA,32,8.0,-2.1,0.3,,$0,,,,,,,Brandon Drury,LAA,97,360,4,28,15,1,0.075,0.225,0.058461538,0.209876543,0.169230769,0.241666666,0.227692307,0.216617578,0.259,34.39195647,-1.923567489,-28.94853591,-3.278495073,-2.088920356
17907,Brendan Rodgers,2B,R,R,COL,28,5.1,0.8,1.0,,$0,,,,,,,Brendan Rodgers,COL,135,539,13,67,54,1,0.057513914,0.244897959,0.139720559,0.337988826,0.267465069,0.314126394,0.407185628,0.313601778,0.295,87.63701094,-0.864039034,-8.83248321,-1.588923693,0.777457396
13942,Brent Suter,RP,L,L,CIN,35,7.2,0.2,-0.1,,$0,,,CIN,1.0,"$2,500,000","$2,500,000",Brent Suter,CIN,47,0,0,0,0,0,0.0,0.0,0.0,0.0,0.0,0.0,0.0,0.0,,,0.0,0.0,0.0,0.0
10061,Brooks Raley,RP,L,L,NYM,37,5.0,0.3,0.1,1.0,"$4,000,000","$4,000,000",,,,,,Brooks Raley,NYM,8,0,0,0,0,0,0.0,0.0,0.0,0.0,0.0,0.0,0.0,0.0,,,0.0,0.0,0.0,0.0
19600,Bryan De La Cruz,RF/LF/CF,R,R,PIT,28,3.1,-1.2,0.0,,$0,,,ATL,0.0,$0,,Bryan De La Cruz,- - -,149,622,21,61,68,5,0.046623794,0.273311897,0.150684931,0.288944723,0.232876712,0.2705314,0.383561643,0.282601914,0.302,77.31262602,-2.591940679,-19.4666344,-13.1912818,-1.233620911
19990,Bryse Wilson,SP,R,R,MIL,27,4.0,-0.2,0.2,,$0,,,CHW,1.0,"$1,050,000","$1,050,000",Bryse Wilson,MIL,34,0,0,0,0,0,0.0,0.0,0.0,0.0,0.0,0.0,0.0,0.0,,,0.0,0.0,0.0,0.0
14814,Buck Farmer,RP,L,R,CIN,34,7.1,0.6,0.0,,$0,,,,,,,Buck Farmer,CIN,61,0,0,0,0,0,0.0,0.0,0.0,0.0,0.0,0.0,0.0,0.0,,,0.0,0.0,0.0,0.0
12784,Burch Smith,RP,R,R,BAL,35,5.1,0.3,0.0,,$0,,,PIT,1.0,$0,,Burch Smith,- - -,50,0,0,0,0,0,0.0,0.0,0.0,0.0,0.0,0.0,0.0,0.0,,,0.0,0.0,0.0,0.0
19312,Cal Quantrill,SP,L,R,COL,30,5.1,0.5,0.7,,$0,,,,,,,Cal Quantrill,COL,29,0,0,0,0,0,0.0,0.0,0.0,0.0,0.0,0.0,0.0,0.0,,,0.0,0.0,0.0,0.0
19349,Caleb Ferguson,RP,R,L,HOU,28,6.1,0.3,0.4,1.0,"$3,000,000","$3,000,000",,PIT,1.0,"$3,000,000","$3,000,000",Caleb Ferguson,- - -,62,0,0,0,0,0,0.0,0.0,0.0,0.0,0.0,0.0,0.0,0.0,,,0.0,0.0,0.0,0.0
10078,Caleb Thielbar,RP,R,L,MIN,38,6.1,0.2,0.4,1.0,"$3,000,000","$3,000,000",,CHC,1.0,"$2,750,000","$2,750,000",Caleb Thielbar,MIN,59,0,0,0,0,0,0.0,0.0,0.0,0.0,0.0,0.0,0.0,0.0,,,0.0,0.0,0.0,0.0
6632,Carlos Carrasco,SP,R,R,CLE,38,13.1,0.1,0.0,,$0,,,,,,,Carlos Carrasco,CLE,21,0,0,0,0,0,0.0,0.0,0.0,0.0,0.0,0.0,0.0,0.0,,,0.0,0.0,0.0,0.0
14542,Carlos Estévez,RP,R,R,PHI,32,8.0,1.2,0.3,2.0,"$18,000,000","$9,000,000",,,,,,Carlos Estévez,- - -,54,0,0,0,0,0,0.0,0.0,0.0,0.0,0.0,0.0,0.0,0.0,,,0.0,0.0,0.0,0.0
2396,Carlos Santana,1B,S,R,MIN,39,14.1,3.0,1.5,1.0,"$7,000,000","$7,000,000",,CLE,1.0,"$12,000,000","$12,000,000",Carlos Santana,MIN,150,594,23,63,71,4,0.109427609,0.166666666,0.182341651,0.251870324,0.238003838,0.328282828,0.420345489,0.326450448,0.33,114.0985215,-0.937629767,8.644578913,0.786955833,3.019100983
13620,Carson Kelly,C,R,R,TEX,30,6.2,1.8,1.5,,$0,,,CHC,2.0,"$11,500,000","$5,750,000",Carson Kelly,- - -,91,313,9,32,37,0,0.079872204,0.175718849,0.135231317,0.266055045,0.238434163,0.313099041,0.37366548,0.304146829,0.314,98.5121632,-3.013977058,-3.546827392,10.5049994,1.796226028
19252,Cavan Biggio,2B/3B/LF/RF,L,R,ATL,30,5.1,0.1,0.0,,$0,,,KCR,1.0,$0,,Cavan Biggio,- - -,78,224,5,27,19,2,0.107142857,0.321428571,0.106382979,0.288288288,0.19680851,0.313636363,0.303191489,0.284668858,0.256,84.38124445,0.441904828,-3.649749232,-2.365739102,0.149593495
4676,Charlie Morton,SP,R,R,ATL,41,16.0,1.1,1.4,1.0,"$14,000,000","$14,000,000",,BAL,1.0,"$15,000,000","$15,000,000",Charlie Morton,ATL,30,0,0,0,0,0,0.0,0.0,0.0,0.0,0.0,0.0,0.0,0.0,,,0.0,0.0,0.0,0.0
12763,Chris Devenski,RP,R,R,TBR,34,7.1,-0.7,0.0,,$0,,,NYM,1.0,$0,,Chris Devenski,TBR,19,0,0,0,0,0,0.0,0.0,0.0,0.0,0.0,0.0,0.0,0.0,,,0.0,0.0,0.0,0.0
13896,Chris Flexen,SP,R,R,CHW,30,4.1,1.3,0.5,,$0,,,,,,,Chris Flexen,CHW,33,0,0,0,0,0,0.0,0.0,0.0,0.0,0.0,0.0,0.0,0.0,,,0.0,0.0,0.0,0.0
11847,Chris Martin,RP,R,R,BOS,39,7.1,0.9,0.7,1.0,"$7,000,000","$7,000,000",,TEX,1.0,"$5,500,000","$5,500,000",Chris Martin,BOS,45,0,0,0,0,0,0.0,0.0,0.0,0.0,0.0,0.0,0.0,0.0,,,0.0,0.0,0.0,0.0
10028,Christian Bethancourt,C,R,R,CHC,33,5.0,0.2,0.4,,$0,,,TOR,1.0,$0,,Christian Bethancourt,- - -,62,147,5,18,22,3,0.034013605,0.244897959,0.158273381,0.244897959,0.208633093,0.24137931,0.366906474,0.263338663,0.267,65.83720853,0.472215186,-5.533046945,2.756391525,0.218803325
13419,Christian Walker,1B,R,R,ARI,34,6.1,3.0,3.1,3.0,"$54,000,000","$18,000,000","$21,050,000",HOU,3.0,"$60,000,000","$20,000,000",Christian Walker,ARI,130,552,26,72,84,2,0.099637681,0.240942028,0.217118998,0.286585365,0.25052192,0.335144927,0.467640918,0.343447817,0.351,119.1957424,-3.228512071,9.442324061,1.293997765,3.007289853
13649,Clay Holmes,SP,R,R,NYY,32,6.0,1.2,1.9,2.0,"$20,000,000","$10,000,000",,NYM,3.0,"$38,000,000","$12,666,667",Clay Holmes,NYY,67,0,0,0,0,0,0.0,0.0,0.0,0.0,0.0,0.0,0.0,0.0,,,0.0,0.0,0.0,0.0
2036,Clayton Kershaw,SP,L,L,LAD,37,16.1,0.6,1.8,,$0,,,,,,,Clayton Kershaw,LAD,7,0,0,0,0,0,0.0,0.0,0.0,0.0,0.0,0.0,0.0,0.0,,,0.0,0.0,0.0,0.0
19403,Colin Poche,RP,L,L,TBR,31,5.1,-0.3,-0.1,,$0,,,,,,,Colin Poche,TBR,43,0,0,0,0,0,0.0,0.0,0.0,0.0,0.0,0.0,0.0,0.0,,,0.0,0.0,0.0,0.0
12317,Colin Rea,SP,R,R,MIL,34,5.1,0.9,0.7,,$0,,,CHC,1.0,"$5,000,000","$5,000,000",Colin Rea,MIL,32,0,0,0,0,0,0.0,0.0,0.0,0.0,0.0,0.0,0.0,0.0,,,0.0,0.0,0.0,0.0
16572,Connor Joe,1B/RF/LF,R,R,PIT,32,3.1,0.5,0.3,,$0,,,,,,,Connor Joe,PIT,123,416,9,49,36,2,0.10576923,0.21875,0.14010989,0.278195488,0.228021978,0.319711538,0.368131868,0.304952391,0.277,92.33366157,-0.402296185,-4.215961721,-4.881349564,0.491179032
19361,Corbin Burnes,SP,R,R,BAL,30,6.0,3.7,3.6,6.0,"$180,000,000","$30,000,000","$21,050,000",ARI,6.0,"$210,000,000","$33,041,322",Corbin Burnes,BAL,32,0,0,0,0,0,0.0,0.0,0.0,0.0,0.0,0.0,0.0,0.0,,,0.0,0.0,0.0,0.0
6655,Craig Kimbrel,RP,R,R,BAL,37,13.2,0.1,0.4,1.0,"$6,000,000","$6,000,000",,,,,,Craig Kimbrel,BAL,57,0,0,0,0,0,0.0,0.0,0.0,0.0,0.0,0.0,0.0,0.0,,,0.0,0.0,0.0,0.0
12510,Curt Casali,C,R,R,SFG,36,8.1,-0.4,0.1,,$0,,,ATL,1.0,$0,,Curt Casali,SFG,41,125,1,12,8,0,0.104,0.176,0.055555556,0.235294117,0.194444444,0.292682926,0.25,0.253667602,0.265,62.36926166,-0.239080612,-5.863970653,-2.265941143,-0.409732376
19206,Dakota Hudson,SP,R,R,COL,30,5.1,0.0,0.0,,$0,,,LAA,1.0,$0,,Dakota Hudson,COL,18,0,0,0,0,0,0.0,0.0,0.0,0.0,0.0,0.0,0.0,0.0,,,0.0,0.0,0.0,0.0
14130,Daniel Vogelbach,DH,L,R,TOR,32,6.0,-0.3,0.1,,$0,,,,,,,Daniel Vogelbach,TOR,31,79,1,5,8,0,0.11392405,0.215189873,0.114285715,0.23076923,0.185714285,0.278481012,0.3,0.261974599,0.36,69.416969,-0.617504627,-3.381983171,-2.376543045,-0.322744945
13293,Danny Coulombe,RP,L,L,BAL,35,6.0,0.5,0.3,,$0,,,,,,,Danny Coulombe,BAL,33,0,0,0,0,0,0.0,0.0,0.0,0.0,0.0,0.0,0.0,0.0,,,0.0,0.0,0.0,0.0
16535,Danny Jansen,C,R,R,BOS,30,6.1,0.5,1.6,2.0,"$16,000,000","$8,000,000",,TBR,1.0,"$8,500,000","$8,500,000",Danny Jansen,- - -,94,324,9,35,24,0,0.12345679,0.188271604,0.143884892,0.227488151,0.205035971,0.308641975,0.348920863,0.294259196,0.289,90.01000079,-1.082150981,-4.785682724,-0.536925882,0.56576588
2136,David Peralta,RF/LF,L,L,SDP,37,10.1,0.4,0.2,,$0,,,,,,,David Peralta,SDP,91,260,8,35,28,2,0.084615384,0.207692307,0.148305085,0.316091954,0.266949152,0.334615384,0.415254237,0.32920126,0.313,114.9183881,-0.584995806,4.053279601,-8.522922039,0.432590906
8241,David Robertson,RP,R,R,TEX,40,15.1,1.9,0.7,1.0,"$10,000,000","$10,000,000",,,,,,David Robertson,TEX,68,0,0,0,0,0,0.0,0.0,0.0,0.0,0.0,0.0,0.0,0.0,,,0.0,0.0,0.0,0.0
17496,Diego Castillo,RP,R,R,MIN,31,4.2,0.0,0.0,,$0,,,COL,1.0,$0,,Diego Castillo,MIN,7,0,0,0,0,0,0.0,0.0,0.0,0.0,0.0,0.0,0.0,0.0,,,0.0,0.0,0.0,0.0
17796,Dillon Tate,RP,R,R,TOR,31,4.1,0.2,0.0,,$0,,,,,,,Dillon Tate,- - -,33,0,0,0,0,0,0.0,0.0,0.0,0.0,0.0,0.0,0.0,0.0,,,0.0,0.0,0.0,0.0
17766,DJ Stewart,RF/LF,L,R,NYM,31,3.1,-0.2,0.0,,$0,,,PIT,1.0,$0,,DJ Stewart,NYM,74,194,5,16,19,1,0.159793814,0.24742268,0.120253165,0.216981132,0.177215189,0.324742268,0.297468354,0.290011155,0.326,88.3776008,0.007669896,-2.688571689,-5.493547201,-0.177815842
8623,Donovan Solano,3B/1B/DH,R,R,SDP,37,9.1,0.8,0.7,,$0,,,SEA,1.0,"$3,500,000","$3,500,000",Donovan Solano,SDP,96,309,8,31,35,2,0.071197411,0.210355987,0.130742049,0.345971563,0.286219081,0.343042071,0.41696113,0.333102858,0.307,117.5444313,-3.151307814,3.331438967,-6.015869975,0.78548682
17755,Drew Smith,RP,R,R,NYM,31,6.0,0.2,0.0,1.0,"$2,000,000","$2,000,000",,,,,,Drew Smith,NYM,19,0,0,0,0,0,0.0,0.0,0.0,0.0,0.0,0.0,0.0,0.0,,,0.0,0.0,0.0,0.0
11760,Drew Smyly,RP,L,L,CHC,36,12.1,-0.3,0.3,,$0,,,,,,,Drew Smyly,CHC,50,0,0,0,0,0,0.0,0.0,0.0,0.0,0.0,0.0,0.0,0.0,,,0.0,0.0,0.0,0.0
20126,Dylan Carlson,RF/LF/CF,S,L,TBR,26,4.1,-1.0,0.6,,$0,,,,,,,Dylan Carlson,- - -,96,265,3,19,25,2,0.083018867,0.283018867,0.068085106,0.2875,0.208510638,0.286792452,0.276595744,0.256900037,0.25,66.51541656,0.302444831,-10.20099099,-8.653264701,-1.035370194
13394,Dylan Floro,RP,L,R,ARI,34,7.1,0.6,0.0,1.0,"$3,000,000","$3,000,000",,,,,,Dylan Floro,- - -,66,0,0,0,0,0,0.0,0.0,0.0,0.0,0.0,0.0,0.0,0.0,,,0.0,0.0,0.0,0.0
12155,Eddie Rosario,LF/RF/DH,L,R,ATL,33,9.1,-2.0,-0.1,,$0,,,,,,,Eddie Rosario,- - -,91,319,10,33,35,9,0.050156739,0.24137931,0.141414141,0.196261682,0.175084175,0.214511041,0.316498316,0.230368699,0.257,44.63176266,2.043008881,-19.07790303,-11.14948159,-2.024694379
11680,Elias Díaz,C,R,R,SDP,34,8.1,0.5,0.3,,$0,,,,,,,Elias Díaz,- - -,96,351,6,27,39,0,0.056980056,0.196581196,0.116923077,0.317460317,0.264615384,0.313390313,0.381538461,0.30250531,0.28,81.31288428,-2.888574217,-10.73208821,4.067534734,0.518877378
17484,Eloy Jiménez,DH/RF/LF,R,R,BAL,28,6.0,-0.9,0.5,1.0,"$6,000,000","$6,000,000",,TBR,1.0,$0,,Eloy Jiménez,- - -,98,349,6,25,23,3,0.063037249,0.200573065,0.098765433,0.285140562,0.23765432,0.28939828,0.336419753,0.275946989,0.3,78.29834419,-2.513725415,-11.17982959,-9.358102174,-0.919567719
10472,Enrique Hernández,3B/2B/SS/OF,R,R,LAD,33,10.1,0.7,0.6,1.0,"$5,000,000","$5,000,000",,,,,,Enrique Hernández,LAD,126,393,12,44,42,0,0.06870229,0.195928753,0.143646409,0.257246376,0.229281767,0.280612244,0.372928176,0.285120127,0.285,83.27034821,0.487707987,-7.374431353,1.113538589,0.705015109
18403,Enyel De Los Santos,RP,R,R,CHW,29,4.0,-0.9,0.1,,$0,,,ATL,1.0,$0,,Enyel De Los Santos,- - -,64,0,0,0,0,0,0.0,0.0,0.0,0.0,0.0,0.0,0.0,0.0,,,0.0,0.0,0.0,0.0
14309,Frankie Montas,SP,R,R,MIL,32,7.0,1.4,1.8,2.0,"$26,000,000","$13,000,000",,NYM,2.0,"$34,000,000","$17,000,000",Frankie Montas,- - -,30,0,0,0,0,0,0.0,0.0,0.0,0.0,0.0,0.0,0.0,0.0,,,0.0,0.0,0.0,0.0
15279,Garrett Cooper,1B/DH,R,R,BOS,34,6.1,-0.4,0.0,,$0,,,ATL,1.0,$0,,Garrett Cooper,- - -,36,116,1,6,11,0,0.060344827,0.301724137,0.093457944,0.295774647,0.205607476,0.267241379,0.29906542,0.253463013,0.321,57.69444711,-0.309700392,-5.884384248,-1.568273962,-0.370473003
19262,Garrett Hampson,2B/3B/SS/OF,R,R,KCR,30,6.0,0.5,0.1,,$0,,,,,,,Garrett Hampson,KCR,113,231,0,16,16,7,0.06060606,0.255411255,0.070422535,0.314102564,0.230046948,0.27510917,0.300469483,0.255045471,0.244,58.72621381,1.441787593,-9.467387124,6.445569033,0.483204289
11442,Gary Sánchez,C/DH,R,R,MIL,32,8.1,0.3,0.8,,$0,,,BAL,1.0,"$8,500,000","$8,500,000",Gary Sánchez,MIL,89,280,11,30,37,0,0.096428571,0.271428571,0.171428571,0.267080745,0.220408163,0.307142857,0.391836734,0.307086134,0.309,95.98447169,-1.299427904,-2.643931621,-3.353823766,0.343555903
19901,Gavin Sheets,1B/RF/LF,L,L,CHW,29,3.1,-0.9,0.1,,$0,,,,,,,Gavin Sheets,CHW,139,501,10,35,45,2,0.085828343,0.211576846,0.124168514,0.281065088,0.232815964,0.303393213,0.356984478,0.290676561,0.309,87.74727823,-2.868037112,-9.891898061,-15.46230888,-0.893673451
17490,Génesis Cabrera,RP,L,L,TOR,28,5.0,-0.5,0.0,,$0,,,NYM,1.0,$0,,Génesis Cabrera,TOR,69,0,0,0,0,0,0.0,0.0,0.0,0.0,0.0,0.0,0.0,0.0,,,0.0,0.0,0.0,0.0
10681,Gio Urshela,3B,R,R,ATL,33,7.1,0.7,1.4,,$0,,,ATH,1.0,"$2,150,000","$2,150,000",Gio Urshela,- - -,128,461,9,34,52,0,0.04989154,0.156182212,0.111111111,0.278089887,0.25,0.286334056,0.361111111,0.281319779,0.302,81.14010877,-2.715455964,-12.7018272,4.16437606,0.704925284
14986,Giovanny Gallegos,RP,R,R,STL,33,6.0,-0.5,-0.1,,$0,,,LAD,1.0,$0,,Giovanny Gallegos,STL,21,0,0,0,0,0,0.0,0.0,0.0,0.0,0.0,0.0,0.0,0.0,,,0.0,0.0,0.0,0.0
16997,Gleyber Torres,2B,R,R,NYY,28,6.2,1.7,3.0,3.0,"$54,000,000","$18,000,000",,DET,1.0,"$15,000,000","$15,000,000",Gleyber Torres,NYY,154,665,15,80,63,4,0.09774436,0.204511278,0.120954003,0.306306306,0.257240204,0.330316742,0.378194207,0.312672726,0.307,103.7247487,-4.568218872,-1.734059728,-3.716562986,1.726545579
19867,Griffin Canning,SP,R,R,LAA,29,5.1,0.2,0.5,,$0,,,NYM,1.0,"$4,250,000","$4,250,000",Griffin Canning,LAA,32,0,0,0,0,0,0.0,0.0,0.0,0.0,0.0,0.0,0.0,0.0,,,0.0,0.0,0.0,0.0
27506,Ha-Seong Kim,SS,R,R,SDP,29,4.0,2.6,2.6,4.0,"$73,520,000","$18,380,000",,,,,,Ha-Seong Kim,SDP,121,470,11,60,47,22,0.123404255,0.163829787,0.136476427,0.261006289,0.23325062,0.330472103,0.369727047,0.308375569,0.313,100.9012707,2.340073377,2.846614152,7.159845591,2.649892719
18030,Harrison Bader,CF,R,R,NYM,31,7.0,1.3,1.1,1.0,"$10,000,000","$10,000,000",,,,,,Harrison Bader,NYM,143,437,12,57,51,17,0.048054919,0.217391304,0.136815921,0.275747508,0.236318407,0.28375286,0.373134328,0.285329004,0.294,85.22619263,-1.653030351,-9.373347711,7.653524041,1.325333487
11804,Héctor Neris,RP,R,R,HOU,36,9.1,0.0,0.1,,$0,,,,,,,Héctor Neris,- - -,62,0,0,0,0,0,0.0,0.0,0.0,0.0,0.0,0.0,0.0,0.0,,,0.0,0.0,0.0,0.0
13346,Hoby Milner,RP,L,L,MIL,34,5.1,0.9,0.3,,$0,,,TEX,1.0,"$2,500,000","$2,500,000",Hoby Milner,MIL,61,0,0,0,0,0,0.0,0.0,0.0,0.0,0.0,0.0,0.0,0.0,,,0.0,0.0,0.0,0.0
7836,Hunter Strickland,RP,R,R,LAA,36,8.0,0.3,-0.1,,$0,,,,,,,Hunter Strickland,LAA,72,0,0,0,0,0,0.0,0.0,0.0,0.0,0.0,0.0,0.0,0.0,,,0.0,0.0,0.0,0.0
13324,Ildemaro Vargas,3B/2B/SS,S,R,WSN,33,5.0,-0.1,0.3,,$0,,,,,,,Ildemaro Vargas,WSN,97,303,1,21,30,9,0.06270627,0.102310231,0.069852941,0.269387755,0.246323529,0.295302013,0.31617647,0.27094011,0.28,72.39160171,-0.765325032,-10.76866721,1.103439093,0.043890435
16219,J.D. Davis,3B/1B,R,R,NYY,32,6.1,-0.4,0.2,,$0,,,,,,,J.D. Davis,- - -,46,157,4,13,6,0,0.076433121,0.248407643,0.11971831,0.272727272,0.218309859,0.29299363,0.338028169,0.282155767,0.284,85.67779743,-0.844253205,-3.417106787,-5.899348333,-0.421660013
6184,J.D. Martinez,DH,R,R,NYM,37,13.0,0.6,0.1,1.0,"$9,000,000","$9,000,000",,,,,,J.D. Martinez,NYM,120,495,16,46,69,0,0.098989898,0.284848484,0.170506912,0.308243727,0.235023041,0.3197556,0.405529953,0.318458867,0.351,107.5248613,-2.319280952,2.134870541,-12.63888836,0.617598455
17479,Jack Flaherty,SP,R,R,LAD,29,7.0,3.2,2.6,4.0,"$88,000,000","$22,000,000",,,,,,Jack Flaherty,- - -,28,0,0,0,0,0,0.0,0.0,0.0,0.0,0.0,0.0,0.0,0.0,,,0.0,0.0,0.0,0.0
12323,Jacob Barnes,RP,R,R,WSN,35,6.1,0.0,0.0,,$0,,,,,,,Jacob Barnes,WSN,63,0,0,0,0,0,0.0,0.0,0.0,0.0,0.0,0.0,0.0,0.0,,,0.0,0.0,0.0,0.0
13723,Jacob Stallings,C,R,R,COL,35,6.1,0.9,0.1,,$0,,,COL,1.0,"$2,500,000","$2,500,000",Jacob Stallings,COL,82,281,9,31,36,0,0.096085409,0.231316725,0.189300412,0.323529411,0.263374485,0.357142857,0.452674897,0.352632314,0.318,113.9072369,-3.500820816,1.172315581,-1.405439854,0.942353168
19274,Jacob Webb,RP,R,R,BAL,31,4.0,0.6,0.0,,$0,,,TEX,1.0,"$1,250,000","$1,250,000",Jacob Webb,BAL,60,0,0,0,0,0,0.0,0.0,0.0,0.0,0.0,0.0,0.0,0.0,,,0.0,0.0,0.0,0.0
15194,Jake Bauers,1B/RF/LF,L,L,MIL,29,4.1,0.0,0.0,,$0,,,MIL,1.0,$0,,Jake Bauers,MIL,117,346,12,45,43,13,0.112716763,0.341040462,0.162251656,0.279069767,0.198675496,0.300578034,0.360927152,0.294134459,0.302,87.26710653,1.056674317,-4.211552791,-6.834693857,0.049149797
5003,Jake Diekman,RP,R,L,NYM,38,12.0,-0.8,0.0,,$0,,,,,,,Jake Diekman,NYM,43,0,0,0,0,0,0.0,0.0,0.0,0.0,0.0,0.0,0.0,0.0,,,0.0,0.0,0.0,0.0
13619,Jakob Junis,SP,R,R,CIN,32,7.0,0.9,0.9,1.0,"$6,000,000","$6,000,000",,,,,,Jakob Junis,- - -,24,0,0,0,0,0,0.0,0.0,0.0,0.0,0.0,0.0,0.0,0.0,,,0.0,0.0,0.0,0.0
17192,Jalen Beeks,RP,L,L,PIT,31,6.0,0.6,0.3,,$0,,,,,,,Jalen Beeks,- - -,71,0,0,0,0,0,0.0,0.0,0.0,0.0,0.0,0.0,0.0,0.0,,,0.0,0.0,0.0,0.0
12859,James McCann,C,R,R,BAL,35,10.0,0.2,0.5,,$0,,,,,,,James McCann,BAL,66,233,8,27,31,1,0.055793991,0.240343347,0.154205608,0.272727272,0.233644859,0.278969957,0.387850467,0.288336656,0.313,89.23683615,-1.508899257,-4.378367878,-1.467736602,0.198404038
4940,Jason Heyward,RF/LF,L,L,HOU,35,15.0,0.8,0.4,1.0,"$6,000,000","$6,000,000",,,,,,Jason Heyward,- - -,87,258,10,33,37,5,0.085271317,0.205426356,0.201754386,0.226190476,0.210526315,0.287937743,0.412280701,0.300210668,0.29,94.32505667,2.631376974,0.8666191,-1.390467167,0.833442593
7432,Jay Jackson,RP,R,R,MIN,37,2.1,-0.3,0.0,,$0,,,,,,,Jay Jackson,MIN,20,0,0,0,0,0,0.0,0.0,0.0,0.0,0.0,0.0,0.0,0.0,,,0.0,0.0,0.0,0.0
17432,Jeff Hoffman,RP,R,R,PHI,32,6.1,2.0,0.9,3.0,"$30,000,000","$10,000,000",,TOR,3.0,"$33,000,000","$11,000,000",Jeff Hoffman,PHI,68,0,0,0,0,0,0.0,0.0,0.0,0.0,0.0,0.0,0.0,0.0,,,0.0,0.0,0.0,0.0
5448,Jesse Chavez,RP,R,R,ATL,41,14.0,-0.2,0.0,,$0,,,,,,,Jesse Chavez,ATL,46,0,0,0,0,0,0.0,0.0,0.0,0.0,0.0,0.0,0.0,0.0,,,0.0,0.0,0.0,0.0
13590,Jesse Winker,LF/RF/DH,L,L,NYM,31,7.1,1.3,1.0,2.0,"$14,000,000","$7,000,000",,NYM,1.0,"$7,500,000","$7,500,000",Jesse Winker,- - -,145,508,14,63,58,14,0.124015748,0.208661417,0.15116279,0.303514376,0.253488372,0.359683794,0.404651162,0.337835083,0.329,118.2795986,-2.809994601,8.294317265,-13.05487716,1.255480021
11899,Joc Pederson,DH/LF/RF,L,L,ARI,33,10.0,3.0,1.9,2.0,"$28,000,000","$14,000,000",,TEX,2.0,"$37,000,000","$18,500,000",Joc Pederson,ARI,132,449,23,62,64,7,0.122494432,0.233853006,0.239782017,0.322314049,0.275204359,0.392776523,0.514986376,0.391035317,0.378,151.225392,-1.146369353,26.35744426,-12.63888836,2.961045298
9761,Joe Kelly,RP,R,R,LAD,37,12.0,0.0,0.5,1.0,"$5,000,000","$5,000,000",,,,,,Joe Kelly,LAD,35,0,0,0,0,0,0.0,0.0,0.0,0.0,0.0,0.0,0.0,0.0,,,0.0,0.0,0.0,0.0
12972,Joe Ross,SP,R,R,MIL,32,7.0,0.9,0.4,,$0,,,PHI,1.0,"$4,000,000","$4,000,000",Joe Ross,MIL,25,0,0,0,0,0,0.0,0.0,0.0,0.0,0.0,0.0,0.0,0.0,,,0.0,0.0,0.0,0.0
11487,Joely Rodríguez,RP,L,L,BOS,33,4.1,-0.1,0.0,,$0,,,,,,,Joely Rodríguez,BOS,14,0,0,0,0,0,0.0,0.0,0.0,0.0,0.0,0.0,0.0,0.0,,,0.0,0.0,0.0,0.0
14128,Joey Gallo,1B/RF/LF,L,R,WSN,31,8.1,-0.2,-0.1,,$0,,,,,,,Joey Gallo,WSN,76,260,10,24,27,3,0.123076923,0.392307692,0.174887892,0.232142857,0.161434977,0.276923076,0.336322869,0.275800613,0.285,75.663054,-0.918560185,-8.485159046,-1.710108519,-0.158738657
19320,Joey Lucchesi,SP,L,L,NYM,32,4.1,0.0,0.0,,$0,,,SFG,1.0,$0,,Joey Lucchesi,NYM,2,0,0,0,0,0,0.0,0.0,0.0,0.0,0.0,0.0,0.0,0.0,,,0.0,0.0,0.0,0.0
13853,Joey Wendle,2B/3B/SS,L,R,ATL,35,6.1,-0.2,0.0,,$0,,,,,,,Joey Wendle,NYM,18,37,0,3,1,1,0.027027027,0.243243243,0.027777778,0.296296296,0.222222222,0.243243243,0.25,0.219339239,0.239,40.81055705,0.358316362,-2.26051336,-1.253051162,-0.235620655
12777,John Brebbia,RP,L,R,ATL,35,7.1,0.1,0.3,,$0,,,,,,,John Brebbia,- - -,59,0,0,0,0,0,0.0,0.0,0.0,0.0,0.0,0.0,0.0,0.0,,,0.0,0.0,0.0,0.0
16269,John Means,SP,L,L,BAL,32,6.0,0.5,0.0,1.0,"$8,000,000","$8,000,000",,,,,,John Means,BAL,4,0,0,0,0,0,0.0,0.0,0.0,0.0,0.0,0.0,0.0,0.0,,,0.0,0.0,0.0,0.0
12037,Jon Berti,3B/2B/SS/OF,R,R,NYY,35,5.2,0.3,0.4,,$0,,,CHC,1.0,"$2,000,000","$2,000,000",Jon Berti,NYY,25,74,1,10,6,5,0.081081081,0.189189189,0.045454546,0.333333333,0.272727272,0.342465753,0.318181818,0.299913281,0.307,94.74949442,0.972507969,0.52793971,-0.519178391,0.255673331
19753,Jonathan Loáisiga,RP,R,R,NYY,30,6.0,0.1,0.4,1.0,"$3,000,000","$3,000,000",,NYY,1.0,"$5,000,000","$5,000,000",Jonathan Loáisiga,NYY,3,0,0,0,0,0,0.0,0.0,0.0,0.0,0.0,0.0,0.0,0.0,,,0.0,0.0,0.0,0.0
7593,Jordan Lyles,SP,R,R,KCR,34,12.0,0.0,0.0,,$0,,,,,,,Jordan Lyles,KCR,5,0,0,0,0,0,0.0,0.0,0.0,0.0,0.0,0.0,0.0,0.0,,,0.0,0.0,0.0,0.0
16122,Jordan Romano,RP,R,R,TOR,32,5.1,-0.3,0.3,,$0,,,PHI,1.0,"$8,500,000","$8,500,000",Jordan Romano,TOR,15,0,0,0,0,0,0.0,0.0,0.0,0.0,0.0,0.0,0.0,0.0,,,0.0,0.0,0.0,0.0
14527,Jorge López,RP,R,R,CHC,32,6.1,0.2,0.2,,$0,,,WSN,1.0,"$3,000,000","$3,000,000",Jorge López,- - -,52,0,0,0,0,0,0.0,0.0,0.0,0.0,0.0,0.0,0.0,0.0,,,0.0,0.0,0.0,0.0
13152,Jorge Polanco,2B/3B,S,R,SEA,31,8.0,0.3,1.4,,$0,,,,,,,Jorge Polanco,SEA,118,469,16,43,45,4,0.098081023,0.292110874,0.141486811,0.27443609,0.213429256,0.296375266,0.354916067,0.287064674,0.309,92.09728406,-1.519732319,-5.760600973,-7.248030424,0.271179408
15676,José Abreu,1B,R,R,HOU,38,10.1,-1.5,-0.1,,$0,,,,,,,José Abreu,HOU,35,120,2,10,7,0,0.033333333,0.233333333,0.07079646,0.142857142,0.123893805,0.166666666,0.194690265,0.163517737,0.198,0.357565316,-0.743927419,-14.42534769,-4.190297246,-1.509443466
6399,José Cisnero,RP,R,R,LAA,36,6.2,-0.2,0.1,,$0,,,,,,,José Cisnero,LAA,15,0,0,0,0,0,0.0,0.0,0.0,0.0,0.0,0.0,0.0,0.0,,,0.0,0.0,0.0,0.0
10231,Jose Iglesias,2B/SS,R,R,NYM,35,10.2,2.5,1.4,,$0,,,,,,,Jose Iglesias,NYM,85,291,4,39,26,6,0.041237113,0.134020618,0.111111111,0.381578947,0.337037037,0.381443298,0.448148148,0.361797291,0.314,136.6945913,-0.176739402,12.59224416,2.3324368,2.542209395
14524,José Leclerc,RP,R,R,TEX,31,8.0,0.8,0.2,2.0,"$12,000,000","$6,000,000",,ATH,1.0,"$10,000,000","$10,000,000",José Leclerc,TEX,64,0,0,0,0,0,0.0,0.0,0.0,0.0,0.0,0.0,0.0,0.0,,,0.0,0.0,0.0,0.0
11423,Jose Quintana,SP,R,L,NYM,36,12.1,1.0,1.4,2.0,"$24,000,000","$12,000,000",,,,,,Jose Quintana,NYM,31,0,0,0,0,0,0.0,0.0,0.0,0.0,0.0,0.0,0.0,0.0,,,0.0,0.0,0.0,0.0
11589,José Ureña,SP,R,R,TEX,33,8.0,0.1,0.0,,$0,,,,,,,José Ureña,TEX,33,0,0,0,0,0,0.0,0.0,0.0,0.0,0.0,0.0,0.0,0.0,,,0.0,0.0,0.0,0.0
13145,Josh Bell,1B,S,R,ARI,32,8.1,-0.1,0.7,1.0,"$8,000,000","$8,000,000",,WSN,1.0,"$6,000,000","$6,000,000",Josh Bell,- - -,145,603,19,62,71,0,0.084577114,0.199004975,0.156133829,0.286069651,0.249070631,0.319397993,0.40520446,0.316761039,0.31,100.6318341,-4.043218985,-3.587621171,-17.84879422,-0.140035567
19734,Josh Rojas,3B/2B,L,R,SEA,31,4.1,1.9,1.1,,$0,,,CHW,1.0,"$3,500,000","$3,500,000",Josh Rojas,SEA,143,476,8,48,31,10,0.096638655,0.226890756,0.111374407,0.282467532,0.225118483,0.304439746,0.33649289,0.285541413,0.293,91.02579098,-1.632698849,-6.520446107,8.894908071,1.884010085
18335,Josh Staumont,RP,R,R,MIN,31,5.0,0.2,0.0,,$0,,,,,,,Josh Staumont,MIN,25,0,0,0,0,0,0.0,0.0,0.0,0.0,0.0,0.0,0.0,0.0,,,0.0,0.0,0.0,0.0
13767,JT Chargois,RP,S,R,SEA,34,5.1,-0.2,0.1,,$0,,,,,,,JT Chargois,- - -,36,0,0,0,0,0,0.0,0.0,0.0,0.0,0.0,0.0,0.0,0.0,,,0.0,0.0,0.0,0.0
20123,Juan Soto,LF/RF,L,L,NYY,26,6.1,8.1,6.5,13.0,"$585,000,000","$45,000,000","$21,050,000",NYM,15.0,"$765,000,000","$51,000,000",Juan Soto,NYY,157,713,41,128,109,7,0.180925666,0.16690042,0.28125,0.297619047,0.288194444,0.419354838,0.569444444,0.420584882,0.462,179.6323631,-3.824761547,61.14103099,-6.089182019,8.14035872
10815,Jurickson Profar,LF,S,R,SDP,32,10.2,4.3,2.1,3.0,"$45,000,000","$15,000,000",,,,,,Jurickson Profar,SDP,158,668,24,94,85,10,0.113772455,0.151197604,0.179078015,0.301801801,0.280141843,0.380090497,0.459219858,0.36529605,0.364,139.2126565,-0.770364903,30.5526828,-11.12048841,4.304333021
5235,Justin Turner,1B/DH,R,R,SEA,40,14.0,1.2,0.6,1.0,"$8,000,000","$8,000,000",,,,,,Justin Turner,- - -,139,539,11,59,55,0,0.109461966,0.176252319,0.123913043,0.299168975,0.258695652,0.354359925,0.382608695,0.326553215,0.328,116.6377936,-4.499692127,5.761317763,-12.30285351,1.180083576
8700,Justin Verlander,SP,R,R,HOU,42,19.0,0.7,1.4,1.0,"$15,000,000","$15,000,000",,SFG,1.0,"$15,000,000","$15,000,000",Justin Verlander,HOU,17,0,0,0,0,0,0.0,0.0,0.0,0.0,0.0,0.0,0.0,0.0,,,0.0,0.0,0.0,0.0
4301,Justin Wilson,RP,L,L,CIN,37,12.0,0.2,0.5,,$0,,,BOS,1.0,"$2,250,000","$2,250,000",Justin Wilson,CIN,60,0,0,0,0,0,0.0,0.0,0.0,0.0,0.0,0.0,0.0,0.0,,,0.0,0.0,0.0,0.0
3096,Kenley Jansen,RP,S,R,BOS,37,14.1,1.4,0.4,1.0,"$12,000,000","$12,000,000",,,,,,Kenley Jansen,BOS,54,0,0,0,0,0,0.0,0.0,0.0,0.0,0.0,0.0,0.0,0.0,,,0.0,0.0,0.0,0.0
17696,Kevin Newman,2B/SS/3B,R,R,ARI,31,6.0,1.4,0.3,,$0,,,LAA,1.0,"$2,750,000","$2,750,000",Kevin Newman,ARI,111,311,3,41,28,8,0.048231511,0.154340836,0.097222223,0.322175732,0.277777777,0.311475409,0.375,0.298464104,0.271,88.91862059,0.900409497,-3.220712755,6.457144499,1.403858586
12434,Kevin Pillar,LF/RF/CF,R,R,LAA,36,10.1,0.5,0.1,,$0,,,,,,,Kevin Pillar,- - -,100,314,8,38,45,12,0.050955414,0.219745222,0.147887324,0.271428571,0.228873239,0.290734824,0.376760563,0.292505991,0.275,87.89100254,1.420030527,-2.930512254,-2.224406853,0.548656297
9073,Kirby Yates,RP,L,R,TEX,38,10.0,1.9,0.4,1.0,"$9,000,000","$9,000,000",,,,,,Kirby Yates,TEX,61,0,0,0,0,0,0.0,0.0,0.0,0.0,0.0,0.0,0.0,0.0,,,0.0,0.0,0.0,0.0
14813,Kyle Farmer,3B/2B/SS,R,R,MIN,34,6.1,0.5,0.3,,$0,,,COL,1.0,"$3,250,000","$3,250,000",Kyle Farmer,MIN,107,242,5,26,25,3,0.078512396,0.202479338,0.139534884,0.251533742,0.213953488,0.293388429,0.353488372,0.284968704,0.294,84.91941527,-3.161366396,-7.337161246,4.581601977,0.548573887
15009,Kyle Finnegan,RP,R,R,WSN,33,5.0,0.0,0.3,,$0,,,,,,,Kyle Finnegan,WSN,65,0,0,0,0,0,0.0,0.0,0.0,0.0,0.0,0.0,0.0,0.0,,,0.0,0.0,0.0,0.0
10123,Kyle Gibson,SP,R,R,STL,37,11.0,1.5,1.7,1.0,"$10,000,000","$10,000,000",,,,,,Kyle Gibson,STL,30,0,0,0,0,0,0.0,0.0,0.0,0.0,0.0,0.0,0.0,0.0,,,0.0,0.0,0.0,0.0
12049,Kyle Hendricks,SP,R,R,CHC,35,10.1,0.4,0.9,,$0,,,LAA,1.0,"$2,500,000","$2,500,000",Kyle Hendricks,CHC,29,0,0,0,0,0,0.0,0.0,0.0,0.0,0.0,0.0,0.0,0.0,,,0.0,0.0,0.0,0.0
5517,Kyle Higashioka,C,R,R,SDP,35,6.0,1.6,1.3,,$0,,,TEX,2.0,"$13,500,000","$6,750,000",Kyle Higashioka,SDP,84,263,17,29,45,2,0.05703422,0.281368821,0.256097561,0.237179487,0.219512195,0.263358778,0.475609756,0.313890066,0.298,104.6129054,-1.155170999,0.295575651,5.996636152,1.554368533
2520,Lance Lynn,SP,S,R,STL,38,13.1,1.3,1.6,1.0,"$8,000,000","$8,000,000",,,,,,Lance Lynn,STL,23,0,0,0,0,0,0.0,0.0,0.0,0.0,0.0,0.0,0.0,0.0,,,0.0,0.0,0.0,0.0
13470,Lucas Sims,RP,R,R,BOS,31,6.0,-0.3,0.0,,$0,,,,,,,Lucas Sims,- - -,58,0,0,0,0,0,0.0,0.0,0.0,0.0,0.0,0.0,0.0,0.0,,,0.0,0.0,0.0,0.0
6984,Luis García,RP,R,R,BOS,38,9.0,0.3,0.3,1.0,"$3,000,000","$3,000,000",,,,,,Luis García,- - -,60,0,0,0,0,0,0.0,0.0,0.0,0.0,0.0,0.0,0.0,0.0,,,0.0,0.0,0.0,0.0
16451,Luis Guillorme,2B/3B/SS,L,R,ARI,30,5.2,0.1,0.4,,$0,,,,,,,Luis Guillorme,- - -,79,187,0,14,10,4,0.122994652,0.192513368,0.068322981,0.259842519,0.204968944,0.301075268,0.273291925,0.263490733,0.279,66.81605489,0.085746381,-7.165088905,2.07158602,0.117511829
15890,Luis Severino,SP,R,R,NYM,31,8.2,2.1,1.6,3.0,"$48,000,000","$16,000,000","$21,050,000",ATH,3.0,"$67,000,000","$22,333,333",Luis Severino,NYM,31,0,0,0,0,0,0.0,0.0,0.0,0.0,0.0,0.0,0.0,0.0,,,0.0,0.0,0.0,0.0
16622,Luis Urías,3B/2B/SS,R,R,SEA,28,5.0,0.2,0.5,,$0,,,,,,,Luis Urías,SEA,41,109,4,11,16,0,0.082568807,0.311926605,0.20212766,0.25,0.191489361,0.302752293,0.393617021,0.30894377,0.318,107.4874871,-0.412060603,0.521770192,-2.280819625,0.193596456
11752,Luke Jackson,RP,R,R,ATL,33,8.0,-0.1,0.2,,$0,,,,,,,Luke Jackson,- - -,52,0,0,0,0,0,0.0,0.0,0.0,0.0,0.0,0.0,0.0,0.0,,,0.0,0.0,0.0,0.0
13355,Luke Maile,C,R,R,CIN,34,7.1,-0.7,0.1,,$0,,,,,,,Luke Maile,CIN,55,154,2,8,8,2,0.084415584,0.337662337,0.074074074,0.268292682,0.177777777,0.267973856,0.251851851,0.240701091,0.241,45.20038451,0.098741228,-9.992846883,-1.973713011,-0.706234383
14712,Manuel Margot,LF/RF/CF,R,R,MIN,30,8.0,-0.2,0.5,,$0,,,,,,,Manuel Margot,MIN,129,343,4,37,31,5,0.061224489,0.157434402,0.098412698,0.273076923,0.238095238,0.289473684,0.336507936,0.276248321,0.308,78.78531965,0.931405537,-7.394590883,-5.943571568,-0.196648794
15467,Marco Gonzales,SP,L,L,PIT,33,7.1,0.2,0.0,,$0,,,,,,,Marco Gonzales,PIT,7,0,0,0,0,0,0.0,0.0,0.0,0.0,0.0,0.0,0.0,0.0,,,0.0,0.0,0.0,0.0
11445,Mark Canha,LF/RF/1B,R,R,SFG,36,9.1,1.0,0.7,1.0,"$8,000,000","$8,000,000",,,,,,Mark Canha,- - -,125,462,7,46,42,7,0.11038961,0.207792207,0.1043257,0.298305084,0.241730279,0.344155844,0.346055979,0.30983137,0.288,102.3474004,0.868543789,2.142870184,-7.846092343,1.001262684
6887,Martín Maldonado,C,R,R,CHW,38,12.1,-1.5,-0.3,,$0,,,SDP,1.0,$0,,Martín Maldonado,CHW,48,147,4,9,11,0,0.054421768,0.346938775,0.111111111,0.15,0.118518518,0.173611111,0.229629629,0.181461229,0.222,10.92298362,-1.435677513,-16.41832647,-3.013967991,-1.500829106
6902,Martín Pérez,SP,L,L,SDP,34,12.0,0.5,1.0,1.0,"$7,000,000","$7,000,000",,CHW,1.0,"$5,000,000","$5,000,000",Martín Pérez,- - -,26,0,0,0,0,0,0.0,0.0,0.0,0.0,0.0,0.0,0.0,0.0,,,0.0,0.0,0.0,0.0
12863,Matt Barnes,RP,R,R,WSN,35,8.2,0.1,0.0,,$0,,,,,,,Matt Barnes,WSN,14,0,0,0,0,0,0.0,0.0,0.0,0.0,0.0,0.0,0.0,0.0,,,0.0,0.0,0.0,0.0
13528,Matt Bowman,RP,R,R,BAL,34,4.1,-0.2,-0.1,,$0,,,BAL,1.0,$0,,Matt Bowman,- - -,25,0,0,0,0,0,0.0,0.0,0.0,0.0,0.0,0.0,0.0,0.0,,,0.0,0.0,0.0,0.0
8090,Matt Carpenter,1B/DH,L,R,STL,39,12.1,-0.2,-0.2,,$0,,,,,,,Matt Carpenter,STL,59,157,4,15,15,0,0.095541401,0.324840764,0.138686131,0.333333333,0.233576642,0.314102564,0.372262773,0.303031007,0.287,95.0950229,-2.20004411,-3.120913254,-4.173673198,-0.213405818
13836,Matt Duffy,3B/2B/1B,R,R,TEX,34,8.1,0.1,0.0,,$0,,,,,,,Matt Duffy,TEX,4,10,0,2,0,0,0.2,0.1,0.0,0.333333333,0.285714285,0.5,0.285714285,0.386187488,0.482,155.4602357,0.048572004,0.683153374,0.389496043,0.14520897
1890,Matt Moore,RP,L,L,LAA,36,12.0,-0.7,0.0,,$0,,,,,,,Matt Moore,LAA,51,0,0,0,0,0,0.0,0.0,0.0,0.0,0.0,0.0,0.0,0.0,,,0.0,0.0,0.0,0.0
15440,Matthew Boyd,SP,L,L,CLE,34,8.1,0.9,1.7,2.0,"$18,000,000","$9,000,000",,CHC,2.0,"$29,000,000","$14,500,000",Matthew Boyd,CLE,8,0,0,0,0,0,0.0,0.0,0.0,0.0,0.0,0.0,0.0,0.0,,,0.0,0.0,0.0,0.0
13743,Max Fried,SP,L,L,ATL,31,6.1,3.4,3.3,5.0,"$125,000,000","$25,000,000","$21,050,000",NYY,8.0,"$218,000,000","$27,250,000",Max Fried,ATL,29,0,0,0,0,0,0.0,0.0,0.0,0.0,0.0,0.0,0.0,0.0,,,0.0,0.0,0.0,0.0
12144,Max Kepler,RF/LF,L,L,MIN,32,8.2,1.0,1.0,2.0,"$22,000,000","$11,000,000",,PHI,1.0,"$10,000,000","$10,000,000",Max Kepler,MIN,105,399,8,43,42,1,0.055137844,0.200501253,0.127717391,0.300353356,0.252717391,0.301507537,0.380434782,0.298089891,0.301,94.149126,-0.845721453,-3.516877433,-0.471555948,0.961767767
3137,Max Scherzer,SP,R,R,TEX,40,16.1,0.6,2.1,1.0,"$18,000,000","$18,000,000",,,,,,Max Scherzer,TEX,9,0,0,0,0,0,0.0,0.0,0.0,0.0,0.0,0.0,0.0,0.0,,,0.0,0.0,0.0,0.0
11489,Michael A. Taylor,CF,R,R,PIT,34,9.1,0.4,0.2,1.0,"$4,000,000","$4,000,000",,,,,,Michael A. Taylor,PIT,113,300,5,35,21,12,0.076666666,0.35,0.096654275,0.288343558,0.19330855,0.253378378,0.289962825,0.241896222,0.27,49.89253717,2.612010032,-15.3636544,9.555437326,0.431916023
16376,Michael Conforto,LF/RF,L,R,SFG,32,8.0,1.3,1.3,1.0,"$12,000,000","$12,000,000",,LAD,1.0,"$17,000,000","$17,000,000",Michael Conforto,SFG,130,488,20,56,66,0,0.086065573,0.241803278,0.212328767,0.277227722,0.237442922,0.309426229,0.449771689,0.326693408,0.35,111.5206351,-1.768923312,4.953990261,-8.896089077,1.27122379
14843,Michael Lorenzen,SP,R,R,KCR,33,9.2,0.7,0.9,1.0,"$5,500,000","$5,500,000",,KCR,1.0,"$7,000,000","$7,000,000",Michael Lorenzen,- - -,26,0,0,0,0,0,0.0,0.0,0.0,0.0,0.0,0.0,0.0,0.0,,,0.0,0.0,0.0,0.0
18383,Michael Soroka,SP,R,R,CHW,27,6.0,0.4,0.9,,$0,,,WSN,1.0,"$9,000,000","$9,000,000",Michael Soroka,CHW,25,0,0,0,0,0,0.0,0.0,0.0,0.0,0.0,0.0,0.0,0.0,,,0.0,0.0,0.0,0.0
14078,Michael Wacha,SP,R,R,KCR,33,11.1,3.3,2.1,3.0,"$54,000,000","$18,000,000",,KCR,3.0,"$51,000,000","$17,000,000",Michael Wacha,KCR,29,0,0,0,0,0,0.0,0.0,0.0,0.0,0.0,0.0,0.0,0.0,,,0.0,0.0,0.0,0.0
15684,Miguel Castro,RP,R,R,ARI,30,8.0,-0.2,0.0,,$0,,,HOU,1.0,$0,,Miguel Castro,ARI,11,0,0,0,0,0,0.0,0.0,0.0,0.0,0.0,0.0,0.0,0.0,,,0.0,0.0,0.0,0.0
12164,Miguel Sanó,1B/3B/DH,R,R,LAA,32,8.0,-0.1,0.1,,$0,,,,,,,Miguel Sanó,LAA,28,95,2,9,6,0,0.094736842,0.378947368,0.108433735,0.326086956,0.204819277,0.294736842,0.313253012,0.274585786,0.312,75.16797759,-0.56957943,-3.268818206,-0.759858817,-0.089004971
12808,Mike Clevinger,SP,R,R,CHW,34,8.0,-0.1,0.0,,$0,,,,,,,Mike Clevinger,CHW,4,0,0,0,0,0,0.0,0.0,0.0,0.0,0.0,0.0,0.0,0.0,,,0.0,0.0,0.0,0.0
15274,Mike Tauchman,CF/LF/RF,L,L,CHC,34,4.1,1.1,1.4,,$0,,,CHW,1.0,"$1,950,000","$1,950,000",Mike Tauchman,CHC,109,350,7,50,29,6,0.134285714,0.2,0.117449665,0.301801801,0.248322147,0.357142857,0.365771812,0.325350942,0.33,111.1956043,0.04066325,4.72638904,-6.19266808,1.052304108
9132,Nathan Eovaldi,SP,R,R,TEX,35,13.0,2.7,2.9,3.0,"$60,000,000","$20,000,000",,TEX,3.0,"$75,000,000","$25,000,000",Nathan Eovaldi,TEX,29,0,0,0,0,0,0.0,0.0,0.0,0.0,0.0,0.0,0.0,0.0,,,0.0,0.0,0.0,0.0
12147,Nick Ahmed,SS,R,R,SDP,35,10.0,0.5,0.0,,$0,,,,,,,Nick Ahmed,- - -,71,228,2,20,17,2,0.048245614,0.22368421,0.066666667,0.2875,0.228571428,0.266666666,0.295238095,0.248458465,0.259,58.93527325,-0.498606209,-11.69466238,8.888443641,0.494329476
20521,Nick Madrigal,2B/3B,R,R,CHC,28,4.1,-0.7,0.2,,$0,,,,,,,Nick Madrigal,CHC,51,94,0,5,10,1,0.042553191,0.106382978,0.034883721,0.25,0.220930232,0.279569892,0.255813953,0.245030201,0.27,57.13424006,-1.566886,-6.385250667,-3.374117047,-0.684635685
12730,Nick Martinez,SP,L,R,CIN,34,6.0,3.5,1.8,2.0,"$32,000,000","$16,000,000","$21,050,000",CIN,1.0,"$21,050,000","$21,050,000",Nick Martinez,CIN,42,0,0,0,0,0,0.0,0.0,0.0,0.0,0.0,0.0,0.0,0.0,,,0.0,0.0,0.0,0.0
15454,Nick Pivetta,SP,R,R,BOS,32,6.2,2.0,2.5,3.0,"$45,000,000","$15,000,000","$21,050,000",,,,,Nick Pivetta,BOS,27,0,0,0,0,0,0.0,0.0,0.0,0.0,0.0,0.0,0.0,0.0,,,0.0,0.0,0.0,0.0
19293,Nick Senzel,3B/LF/RF,R,R,CHW,30,5.1,-0.5,0.1,,$0,,,,,,,Nick Senzel,- - -,74,267,7,25,18,1,0.104868913,0.228464419,0.13559322,0.232142857,0.194915254,0.283018867,0.330508474,0.273336389,0.298,73.34590352,-0.719320193,-9.010507827,-4.991715312,-0.527723523
19339,Nicky Lopez,2B/SS,L,R,CHW,30,5.1,0.9,0.5,,$0,,,,,,,Nicky Lopez,CHW,124,445,1,40,21,5,0.083146067,0.150561797,0.052763819,0.287878787,0.24120603,0.312072892,0.293969849,0.275143851,0.268,76.82125267,-0.45708213,-12.2590813,5.821554422,0.867200548
13338,Omar Narváez,C,L,R,NYM,33,7.2,-1.0,0.0,,$0,,,CHW,1.0,$0,,Omar Narváez,NYM,28,69,0,4,5,0,0.04347826,0.173913043,0.030769231,0.188679245,0.153846153,0.19117647,0.184615384,0.171028973,0.2,8.294436493,-0.132007606,-7.698699649,-4.184684634,-0.989980585
9323,Patrick Corbin,SP,L,L,WSN,35,12.1,1.7,1.0,,$0,,,,,,,Patrick Corbin,WSN,32,0,0,0,0,0,0.0,0.0,0.0,0.0,0.0,0.0,0.0,0.0,,,0.0,0.0,0.0,0.0
19447,Patrick Sandoval,SP,L,L,LAA,28,4.1,1.2,0.2,,$0,,,BOS,2.0,"$18,250,000","$9,125,000",Patrick Sandoval,LAA,16,0,0,0,0,0,0.0,0.0,0.0,0.0,0.0,0.0,0.0,0.0,,,0.0,0.0,0.0,0.0
18015,Paul DeJong,SS/3B,R,R,KCR,31,7.1,1.7,0.4,,$0,,,,,,,Paul DeJong,- - -,139,482,24,54,56,2,0.047717842,0.323651452,0.2,0.285185185,0.226966292,0.275933609,0.426966292,0.302387195,0.291,95.00773614,-2.390066192,-5.143344905,5.779819161,1.725171565
9218,Paul Goldschmidt,1B,R,R,STL,37,13.1,1.1,1.9,1.0,"$14,000,000","$14,000,000",$0,NYY,1.0,"$12,500,000","$12,500,000",Paul Goldschmidt,STL,154,654,22,70,65,11,0.071865443,0.264525993,0.168614357,0.307881773,0.245409015,0.301538461,0.414023372,0.309822555,0.329,99.66620027,-0.053685129,-0.314735921,-10.66998804,1.114793229
13892,Paul Sewald,RP,R,R,ARI,35,6.1,0.3,0.2,1.0,"$6,500,000","$6,500,000",,CLE,1.0,"$7,000,000","$7,000,000",Paul Sewald,ARI,42,0,0,0,0,0,0.0,0.0,0.0,0.0,0.0,0.0,0.0,0.0,,,0.0,0.0,0.0,0.0
19251,Pete Alonso,1B,R,R,NYM,30,6.0,2.1,2.4,5.0,"$125,000,000","$25,000,000","$21,050,000",,,,,Pete Alonso,NYM,162,695,34,91,88,3,0.100719424,0.247482014,0.21875,0.275862068,0.240131578,0.329496402,0.458881578,0.339852821,0.343,121.9244585,-4.262858525,13.9582571,-16.85468626,2.091143269
18064,Phil Maton,RP,R,R,NYM,32,7.0,0.1,0.1,,$0,,,,,,,Phil Maton,- - -,71,0,0,0,0,0,0.0,0.0,0.0,0.0,0.0,0.0,0.0,0.0,,,0.0,0.0,0.0,0.0
17128,Ramón Laureano,RF/LF/CF,R,R,ATL,30,5.2,0.9,0.4,,$0,,,,,,,Ramón Laureano,- - -,98,309,11,35,33,8,0.048543689,0.310679611,0.178321679,0.35,0.258741258,0.310679611,0.437062937,0.324089857,0.311,107.6025912,-0.744042993,2.276995408,-3.713154018,0.91470151
10243,Randal Grichuk,LF/RF/CF,R,R,ARI,33,10.0,1.5,0.4,,$0,,,,,,,Randal Grichuk,ARI,106,279,12,40,46,0,0.071684587,0.164874551,0.236220473,0.313131313,0.291338582,0.34767025,0.527559055,0.37303115,0.359,139.1073538,0.594851188,13.64224942,-7.991124153,1.543186597
15674,Reese McGuire,C,L,R,BOS,30,4.2,0.2,0.2,,$0,,,,,,,Reese McGuire,BOS,53,158,3,10,18,3,0.082278481,0.246835443,0.086330935,0.26,0.208633093,0.280254777,0.294964028,0.258538863,0.282,59.85663238,-0.252026945,-7.509350687,3.792526603,0.160099984
5254,Robbie Grossman,RF/LF,S,L,KCR,35,10.1,-0.6,0.0,,$0,,,,,,,Robbie Grossman,- - -,87,245,3,21,16,3,0.13877551,0.236734693,0.081730769,0.275167785,0.211538461,0.322448979,0.29326923,0.283393847,0.292,82.27389488,-0.172218113,-5.141401357,-8.532632738,-0.568732952
13273,Ross Stripling,SP,R,R,ATH,35,8.1,1.1,0.6,,$0,,,,,,,Ross Stripling,OAK,22,0,0,0,0,0,0.0,0.0,0.0,0.0,0.0,0.0,0.0,0.0,,,0.0,0.0,0.0,0.0
15679,Rowdy Tellez,1B,L,L,PIT,30,6.0,-0.5,0.4,,$0,,,,,,,Rowdy Tellez,PIT,132,421,13,38,56,1,0.073634204,0.211401425,0.148825065,0.279720279,0.242819843,0.29928741,0.391644908,0.300936996,0.302,89.63102512,-2.349446408,-7.569550976,-10.96139216,-0.46590879
16350,Ryan Borucki,RP,L,L,PIT,31,6.0,0.0,0.2,,$0,,,,,,,Ryan Borucki,PIT,14,0,0,0,0,0,0.0,0.0,0.0,0.0,0.0,0.0,0.0,0.0,,,0.0,0.0,0.0,0.0
16502,Ryan Yarbrough,RP,R,L,TOR,33,6.1,-0.1,0.0,,$0,,,,,,,Ryan Yarbrough,- - -,44,0,0,0,0,0,0.0,0.0,0.0,0.0,0.0,0.0,0.0,0.0,,,0.0,0.0,0.0,0.0
15947,Ryne Stanek,RP,R,R,NYM,33,7.0,0.0,0.2,,$0,,,,,,,Ryne Stanek,- - -,63,0,0,0,0,0,0.0,0.0,0.0,0.0,0.0,0.0,0.0,0.0,,,0.0,0.0,0.0,0.0
10591,Scott Alexander,RP,L,L,ATH,35,7.1,0.1,0.2,,$0,,,,,,,Scott Alexander,OAK,45,0,0,0,0,0,0.0,0.0,0.0,0.0,0.0,0.0,0.0,0.0,,,0.0,0.0,0.0,0.0
14993,Scott Barlow,RP,R,R,CLE,32,6.0,0.0,0.2,1.0,"$4,000,000","$4,000,000",,,,,,Scott Barlow,CLE,63,0,0,0,0,0,0.0,0.0,0.0,0.0,0.0,0.0,0.0,0.0,,,0.0,0.0,0.0,0.0
12056,Scott McGough,RP,R,R,ARI,35,1.1,-0.7,0.0,,$0,,,,,,,Scott McGough,ARI,26,1,0,0,0,0,0.0,1.0,0.0,0.0,0.0,0.0,0.0,0.0,0.0,-100.0,0.0,-0.253473146,0.219413877,-7.83e-05
15873,Sean Manaea,SP,R,L,NYM,33,8.2,2.8,2.0,3.0,"$60,000,000","$20,000,000","$21,050,000",NYM,3.0,"$75,000,000","$22,009,731",Sean Manaea,NYM,32,0,0,0,0,0,0.0,0.0,0.0,0.0,0.0,0.0,0.0,0.0,,,0.0,0.0,0.0,0.0
16943,Sean Newcomb,RP,L,L,ATH,32,5.0,-0.2,0.0,,$0,,,BOS,1.0,$0,,Sean Newcomb,OAK,7,0,0,0,0,0,0.0,0.0,0.0,0.0,0.0,0.0,0.0,0.0,,,0.0,0.0,0.0,0.0
19427,Shane Bieber,SP,R,R,CLE,30,6.1,0.8,1.5,2.0,"$40,000,000","$20,000,000",,CLE,2.0,"$26,000,000","$13,000,000",Shane Bieber,CLE,2,0,0,0,0,0,0.0,0.0,0.0,0.0,0.0,0.0,0.0,0.0,,,0.0,0.0,0.0,0.0
12857,Shawn Armstrong,RP,R,R,CHC,34,6.1,0.7,0.3,,$0,,,TEX,1.0,"$1,250,000","$1,250,000",Shawn Armstrong,- - -,57,0,0,0,0,0,0.0,0.0,0.0,0.0,0.0,0.0,0.0,0.0,,,0.0,0.0,0.0,0.0
10197,Shelby Miller,RP,R,R,DET,34,9.0,-0.2,0.0,,$0,,,,,,,Shelby Miller,DET,51,0,0,0,0,0,0.0,0.0,0.0,0.0,0.0,0.0,0.0,0.0,,,0.0,0.0,0.0,0.0
16207,Spencer Turnbull,SP,R,R,PHI,32,6.0,0.7,1.1,1.0,"$5,000,000","$5,000,000",,,,,,Spencer Turnbull,PHI,17,0,0,0,0,0,0.0,0.0,0.0,0.0,0.0,0.0,0.0,0.0,,,0.0,0.0,0.0,0.0
13580,Steven Okert,RP,L,L,MIN,33,4.1,-0.2,0.0,,$0,,,HOU,1.0,$0,,Steven Okert,MIN,44,0,0,0,0,0,0.0,0.0,0.0,0.0,0.0,0.0,0.0,0.0,,,0.0,0.0,0.0,0.0
3237,T.J. McFarland,RP,L,L,ATH,36,9.1,0.3,0.0,,$0,,,ATH,1.0,"$1,800,000","$1,800,000",T.J. McFarland,OAK,79,0,0,0,0,0,0.0,0.0,0.0,0.0,0.0,0.0,0.0,0.0,,,0.0,0.0,0.0,0.0
17610,Tanner Rainey,RP,R,R,WSN,32,5.1,-0.2,-0.2,,$0,,,PIT,1.0,$0,,Tanner Rainey,WSN,50,0,0,0,0,0,0.0,0.0,0.0,0.0,0.0,0.0,0.0,0.0,,,0.0,0.0,0.0,0.0
17586,Tanner Scott,RP,R,L,SDP,30,6.1,1.6,0.8,3.0,"$36,000,000","$12,000,000",,LAD,4.0,"$72,000,000","$18,000,000",Tanner Scott,- - -,72,0,0,0,0,0,0.0,0.0,0.0,0.0,0.0,0.0,0.0,0.0,,,0.0,0.0,0.0,0.0
13066,Teoscar Hernández,RF/LF,R,R,LAD,32,7.1,3.5,2.3,3.0,"$69,000,000","$23,000,000","$21,050,000",LAD,3.0,"$66,000,000","$20,940,454",Teoscar Hernández,LAD,154,652,33,84,99,12,0.081288343,0.288343558,0.229202037,0.344173441,0.271646859,0.339477726,0.500848896,0.359840165,0.346,133.5620553,0.590510599,26.75772112,-14.79342508,3.478037407
16426,Thairo Estrada,2B,R,R,SFG,29,4.2,0.4,1.3,1.0,"$6,000,000","$6,000,000",,COL,1.0,"$4,000,000","$4,000,000",Thairo Estrada,SFG,96,381,9,43,47,2,0.026246719,0.199475065,0.126373626,0.24911032,0.217032967,0.24671916,0.343406593,0.256341057,0.263,64.16868065,0.125657856,-16.19918689,7.162560582,0.377072631
15172,Tim Anderson,SS/2B,R,R,MIA,32,8.0,-1.4,0.1,,$0,,,LAA,1.0,$0,,Tim Anderson,MIA,65,241,0,16,9,4,0.029045643,0.282157676,0.012820513,0.301204819,0.213675213,0.236514522,0.226495726,0.207583638,0.23,26.76256375,-1.398864388,-22.50513295,0.492516756,-1.444553375
16814,Tim Hill,RP,R,L,NYY,35,6.1,0.5,-0.1,,$0,,,,,,,Tim Hill,- - -,62,0,0,0,0,0,0.0,0.0,0.0,0.0,0.0,0.0,0.0,0.0,,,0.0,0.0,0.0,0.0
15042,Tim Mayza,RP,L,L,NYY,33,5.1,-0.1,0.1,,$0,,,,,,,Tim Mayza,- - -,50,0,0,0,0,0,0.0,0.0,0.0,0.0,0.0,0.0,0.0,0.0,,,0.0,0.0,0.0,0.0
13755,Tomás Nido,C,R,R,CHC,31,5.1,0.1,0.0,,$0,,,DET,1.0,$0,,Tomás Nido,- - -,49,140,4,14,12,0,0.035714285,0.25,0.123076923,0.225806451,0.192307692,0.218978102,0.315384615,0.231028939,0.282,48.37099439,-0.626948059,-9.270317584,5.977683835,0.141439493
11384,Tommy Kahnle,RP,R,R,NYY,35,9.1,0.1,0.2,,$0,,,,,,,Tommy Kahnle,NYY,50,0,0,0,0,0,0.0,0.0,0.0,0.0,0.0,0.0,0.0,0.0,,,0.0,0.0,0.0,0.0
2967,Tommy Pham,LF/RF/DH,R,R,KCR,37,9.1,-0.1,0.5,1.0,"$3,000,000","$3,000,000",,,,,,Tommy Pham,- - -,116,478,9,49,39,7,0.073221757,0.221757322,0.120454546,0.306748466,0.247727272,0.30543933,0.368181818,0.296562407,0.319,90.89166734,-3.132970721,-8.178660497,-8.502683043,-0.077419165
7739,Travis d'Arnaud,C,R,R,ATL,36,11.0,1.8,1.3,1.0,"$7,000,000","$7,000,000",,LAA,2.0,"$12,000,000","$6,000,000",Travis d'Arnaud,ATL,99,341,15,40,48,1,0.070381231,0.260997067,0.198697068,0.280193236,0.237785016,0.302052785,0.436482084,0.318790158,0.322,103.0412838,-1.215320453,0.024824979,6.444148839,1.840885742
13768,Travis Jankowski,RF/LF/CF,L,R,TEX,34,7.2,-0.3,0.1,,$0,,,,,,,Travis Jankowski,TEX,104,207,1,19,12,11,0.057971014,0.212560386,0.042105263,0.255172413,0.2,0.265700483,0.242105263,0.233850789,0.241,48.30349052,1.770382427,-10.47400813,0.708040953,-0.295943732
19309,Trevor Richards,RP,R,R,MIN,32,6.1,0.1,0.0,,$0,,,,,,,Trevor Richards,- - -,55,0,0,0,0,0,0.0,0.0,0.0,0.0,0.0,0.0,0.0,0.0,,,0.0,0.0,0.0,0.0
16977,Trevor Williams,SP,R,R,WSN,33,8.0,2.0,0.7,2.0,"$18,000,000","$9,000,000",,WSN,2.0,"$14,000,000","$7,000,000",Trevor Williams,WSN,13,0,0,0,0,0,0.0,0.0,0.0,0.0,0.0,0.0,0.0,0.0,,,0.0,0.0,0.0,0.0
10200,Tucker Barnhart,C,L,R,ARI,34,9.1,-0.4,0.0,,$0,,,TEX,1.0,$0,,Tucker Barnhart,ARI,31,96,0,13,6,1,0.135416666,0.322916666,0.037037037,0.28,0.172839506,0.287234042,0.209876543,0.238519741,0.24,48.57195502,0.101306371,-5.802505806,-1.680971444,-0.442708381
17982,Ty France,1B,R,R,CIN,30,5.1,-0.9,0.4,,$0,,,,,,,Ty France,- - -,140,535,13,46,51,1,0.071028037,0.213084112,0.131524008,0.277310924,0.233820459,0.304672897,0.365344467,0.296129754,0.303,92.66403211,-3.632470429,-8.305095614,-18.15307856,-0.891328196
17735,Tyler Alexander,SP,R,L,TBR,30,5.0,-0.6,0.3,,$0,,,,,,,Tyler Alexander,TBR,23,0,0,0,0,0,0.0,0.0,0.0,0.0,0.0,0.0,0.0,0.0,,,0.0,0.0,0.0,0.0
10058,Tyler Matzek,RP,L,L,ATL,34,6.0,-0.2,-0.1,,$0,,,,,,,Tyler Matzek,ATL,11,0,0,0,0,0,0.0,0.0,0.0,0.0,0.0,0.0,0.0,0.0,,,0.0,0.0,0.0,0.0
15711,Tyler O'Neill,LF/RF/CF,R,R,BOS,30,6.1,2.5,2.0,3.0,"$51,000,000","$17,000,000",,BAL,3.0,"$49,500,000","$16,500,000",Tyler O'Neill,BOS,113,473,31,74,61,4,0.112050739,0.336152219,0.270072993,0.304932735,0.240875912,0.336152219,0.510948905,0.359664805,0.339,130.9906854,-0.754296772,16.01820819,-7.682470679,2.489348638
8779,Wade Miley,SP,L,L,MIL,38,13.0,-0.1,0.0,,$0,,,,,,,Wade Miley,MIL,2,0,0,0,0,0,0.0,0.0,0.0,0.0,0.0,0.0,0.0,0.0,,,0.0,0.0,0.0,0.0
19374,Walker Buehler,SP,R,R,LAD,30,6.2,-0.2,1.4,1.0,"$15,000,000","$15,000,000",,BOS,1.0,"$21,050,000","$21,050,000",Walker Buehler,LAD,16,0,0,0,0,0,0.0,0.0,0.0,0.0,0.0,0.0,0.0,0.0,,,0.0,0.0,0.0,0.0
11281,Whit Merrifield,2B/3B/LF,R,R,ATL,36,8.1,0.4,0.5,,$0,,,,,,,Whit Merrifield,- - -,95,335,4,44,15,17,0.104477611,0.15522388,0.092150171,0.257383966,0.221843003,0.311178247,0.313993174,0.283208942,0.295,79.51704904,3.05542887,-5.149949585,-1.675488651,0.447233539
8048,Will Smith,RP,R,L,KCR,35,11.2,-0.4,-0.1,1.0,"$3,000,000","$3,000,000",,,,,,Will Smith,KCR,45,0,0,0,0,0,0.0,0.0,0.0,0.0,0.0,0.0,0.0,0.0,,,0.0,0.0,0.0,0.0
15986,Willy Adames,SS,R,R,MIL,29,6.1,4.8,3.9,6.0,"$150,000,000","$25,000,000","$21,050,000",SFG,7.0,"$182,000,000","$26,000,000",Willy Adames,MIL,161,688,32,93,112,21,0.107558139,0.251453488,0.211475409,0.296568627,0.250819672,0.331395348,0.462295081,0.341931815,0.339,119.438004,1.234154373,17.22610312,5.927154064,4.757420971
9627,Yan Gomes,C,R,R,CHC,37,11.2,-1.2,0.0,,$0,,,,,,,Yan Gomes,CHC,34,96,2,7,7,0,0.020833333,0.375,0.087912088,0.222222222,0.153846153,0.178947368,0.241758241,0.184459737,0.259,16.36616581,-0.072810706,-9.673767711,-4.958929777,-1.181063616
11368,Yasmani Grandal,C,S,R,PIT,36,12.1,1.4,1.2,,$0,,,,,,,Yasmani Grandal,PIT,72,243,9,26,27,1,0.098765432,0.189300411,0.172093024,0.248447204,0.227906976,0.304166666,0.4,0.308255916,0.325,94.55716032,-1.063675106,-2.645262156,7.688664913,1.356609337
15068,Yency Almonte,RP,R,R,CHC,31,5.1,0.2,0.0,,$0,,,,,,,Yency Almonte,CHC,17,0,0,0,0,0,0.0,0.0,0.0,0.0,0.0,0.0,0.0,0.0,,,0.0,0.0,0.0,0.0
12095,Yimi García,RP,R,R,SEA,34,9.1,0.4,0.6,1.0,"$5,000,000","$5,000,000",,TOR,2.0,"$15,000,000","$7,500,000",Yimi García,- - -,39,0,0,0,0,0,0.0,0.0,0.0,0.0,0.0,0.0,0.0,0.0,,,0.0,0.0,0.0,0.0
17232,Yoán Moncada,3B,S,R,CHW,30,7.1,0.3,1.0,,$0,,,,,,,Yoán Moncada,CHW,12,45,0,4,0,1,0.111111111,0.244444444,0.125,0.379310344,0.275,0.355555555,0.4,0.332686112,0.314,117.2976543,-0.114580274,0.776066162,0.385255132,0.274865406
19198,Yuli Gurriel,1B,R,R,KCR,41,7.1,-0.1,0.0,,$0,,,,,,,Yuli Gurriel,KCR,18,65,0,7,6,1,0.138461538,0.23076923,0.055555556,0.31707317,0.24074074,0.338461538,0.296296296,0.288963416,0.316,82.584789,0.084806699,-1.210425716,-1.501199104,-0.056267329
20633,Yusei Kikuchi,SP,L,L,HOU,34,6.0,3.5,3.0,3.0,"$54,000,000","$18,000,000",,LAA,3.0,"$63,000,000","$21,000,000",Yusei Kikuchi,- - -,32,0,0,0,0,0,0.0,0.0,0.0,0.0,0.0,0.0,0.0,0.0,,,0.0,0.0,0.0,0.0
