playerid,Name_x,Position,Bats,Throws,Prev_Team,Age,Service,WAR_19,WAR_proj,Years_Med,Total_Med,AAV_Med,QO,Signing_Team,Years,Total,AAV,Name_y,Team,G,PA,HR,R,RBI,SB,BB%,K%,ISO,BABIP,AVG,OBP,SLG,wOBA,xwOBA,wRC+,BsR,Off,Def,WAR,NameASCII,MLBAMID
5297,Aaron Hicks,CF/LF/RF,S,R,BAL,34,10.0,0.9,,,$0,,,LAA,1.0,"$740,000","$740,000",Aaron Hicks,- - -,93,312,8,44,36,6,0.134615384,0.221153846,0.130111524,0.310880829,0.252788104,0.352564102,0.382899628,0.326219705,0.282,108.9049725,1.055994324,4.385039994,-5.698773503,0.937721381,Aaron Hicks,543305
10950,Adam Duvall,CF/LF/RF,R,R,BOS,35,7.2,1.5,,1.0,"$8,000,000","$8,000,000",,ATL,1.0,"$3,000,000","$3,000,000",Adam Duvall,BOS,92,353,21,45,58,4,0.062322946,0.31161473,0.284375,0.298969072,0.246875,0.303116147,0.53125,0.347401128,0.304,115.7863553,0.819632209,7.496751823,-4.953449368,1.462776615,Adam Duvall,594807
15082,Adam Engel,CF/LF/RF,R,R,SDP,32,5.1,-0.2,,,$0,,,,,,,Adam Engel,SDP,5,6,0,0,0,0,0.0,0.333333333,0.0,0.0,0.0,0.0,0.0,0.0,0.073,-100.0,-0.422078043,-1.988720182,-0.539039845,-0.231733485,Adam Engel,641553
15223,Adam Frazier,2B,L,R,BAL,32,7.1,0.4,,1.0,"$6,000,000","$6,000,000",,KCR,1.0,"$4,500,000","$4,500,000",Adam Frazier,BAL,141,455,13,59,60,11,0.07032967,0.149450549,0.155339805,0.258258258,0.240291262,0.3,0.395631067,0.302405975,0.301,92.97407896,1.413625951,-2.416801487,-8.872182727,0.432845953,Adam Frazier,624428
9256,AJ Pollock,LF/RF/DH,R,R,SFG,36,11.0,-0.8,,1.0,"$4,000,000","$4,000,000",,,,,,AJ Pollock,- - -,54,144,5,15,15,0,0.0625,0.222222222,0.142857143,0.173469387,0.165413533,0.215277777,0.308270676,0.227302968,0.267,45.19094911,-0.510882967,-10.10932071,-2.372285672,-0.751601505,AJ Pollock,572041
15518,Amed Rosario,SS/2B,R,R,LAD,28,6.1,0.4,,2.0,"$18,000,000","$9,000,000",,TBR,1.0,"$1,500,000","$1,500,000",Amed Rosario,- - -,142,545,6,70,58,15,0.053211009,0.181651376,0.115686274,0.31372549,0.262745098,0.304587155,0.378431372,0.297008639,0.305,87.4405591,0.582412021,-7.659145103,-6.872783571,0.412789135,Amed Rosario,642708
19514,Andrew Knizner,C,R,R,STL,29,4.0,0.0,,,$0,,,TEX,1.0,"$1,825,000","$1,825,000",Andrew Knizner,STL,70,241,10,30,31,2,0.049792531,0.25726141,0.183035714,0.287581699,0.241071428,0.2875,0.424107142,0.305728724,0.286,91.9689683,-1.563911594,-3.961677833,-4.009728253,0.02163658,Andrew Knizner,668800
9847,Andrew McCutchen,DH/LF/RF,R,R,PIT,37,14.1,1.3,,,$0,,,PIT,1.0,"$5,000,000","$5,000,000",Andrew McCutchen,PIT,112,473,12,55,43,11,0.158562367,0.21141649,0.141025641,0.312056737,0.256410256,0.378435517,0.397435897,0.345289142,0.353,114.4131299,-1.57198326,6.873760443,-10.01053101,1.289766993,Andrew McCutchen,457705
12976,Austin Hedges,C,R,R,TEX,31,7.2,1.0,,,$0,,,CLE,1.0,"$4,000,000","$4,000,000",Austin Hedges,- - -,82,212,1,14,16,1,0.051886792,0.221698113,0.043243244,0.235714285,0.183783783,0.233830845,0.227027027,0.209158537,0.253,23.42009669,-0.49473522,-20.51412407,23.62455511,1.029368726,Austin Hedges,595978
15672,Austin Meadows,RF/LF,L,L,DET,29,5.1,-0.1,,,$0,,,,,,,Austin Meadows,DET,6,21,0,0,2,0,0.0,0.142857142,0.047619047,0.277777777,0.238095238,0.238095238,0.285714285,0.227328931,0.22,39.510687,-0.044223486,-1.566279114,0.065145999,-0.077755925,Austin Meadows,640457
15941,Austin Nola,C,R,R,SDP,34,4.0,-0.9,,,$0,,,KCR,1.0,"$975,000","$975,000",Austin Nola,SDP,52,154,1,9,8,0,0.116883116,0.201298701,0.046153846,0.183673469,0.146153846,0.26,0.192307692,0.21967793,0.266,36.50282996,-0.154369381,-12.26853617,-1.980499387,-0.899115186,Austin Nola,543592
15271,Austin Wynns,C,R,R,COL,33,3.1,0.2,,,$0,,,CIN,1.0,"$900,000","$900,000",Austin Wynns,- - -,51,145,1,11,10,1,0.062068965,0.268965517,0.069230769,0.285714285,0.207692307,0.267605633,0.276923076,0.245299522,0.224,38.4857581,-0.189330867,-11.2702609,7.860264572,0.151234082,Austin Wynns,642851
12160,Ben Gamel,RF/LF,L,L,SDP,32,6.1,-0.1,,,$0,,,NYM,1.0,"$800,000","$800,000",Ben Gamel,SDP,6,15,0,2,2,0,0.0,0.133333333,0.066666666,0.23076923,0.2,0.2,0.266666666,0.200588997,0.252,23.70591158,0.088422951,-1.329330148,-0.384406552,-0.120068467,Ben Gamel,592325
15654,Billy McKinney,LF/RF/1B,L,L,NYY,29,3.1,0.2,,,$0,,,NYY,1.0,$0,,Billy McKinney,NYY,48,147,6,19,14,1,0.115646258,0.265306122,0.1796875,0.273809523,0.2265625,0.319727891,0.40625,0.314749108,0.346,98.91284966,0.281264627,0.089777528,-3.333397388,0.180087568,Billy McKinney,641856
12775,Brad Miller,1B/3B/LF,L,R,TEX,34,10.0,-0.1,,,$0,,,SDP,1.0,$0,,Brad Miller,TEX,27,67,1,8,6,0,0.149253731,0.164179104,0.125,0.244444444,0.214285714,0.328358208,0.339285714,0.300237737,0.316,88.87827956,0.061403191,-0.831448561,-2.280808099,-0.080844916,Brad Miller,543543
10264,Brandon Belt,1B,L,L,TOR,36,12.1,2.2,,1.0,"$9,500,000","$9,500,000",,,,,,Brandon Belt,TOR,103,404,19,53,43,0,0.150990099,0.3490099,0.235988201,0.370165745,0.253687315,0.368811881,0.489675516,0.369037566,0.336,137.8884522,-2.162263243,16.17864372,-8.348261118,2.164686244,Brandon Belt,474832
5343,Brandon Crawford,SS,L,R,SFG,37,12.1,0.4,,1.0,"$8,000,000","$8,000,000",,STL,1.0,"$2,000,000","$2,000,000",Brandon Crawford,SFG,94,320,7,31,38,3,0.0875,0.253125,0.120141343,0.24120603,0.194346289,0.272727272,0.314487632,0.26020009,0.294,61.94919441,0.054089499,-15.03045818,7.806289911,0.363806934,Brandon Crawford,543063
14735,Brett Phillips,CF/RF/LF,L,R,LAA,30,4.1,-0.1,,,$0,,,CHW,1.0,$0,,Brett Phillips,LAA,40,71,3,9,6,3,0.112676056,0.507042253,0.158730159,0.333333333,0.174603174,0.267605633,0.333333333,0.267620107,0.236,64.49050356,0.695660853,-2.325232827,-1.401472025,-0.12841457,Brett Phillips,621433
18289,Brian Anderson,3B/RF,R,R,MIL,31,6.0,0.3,,,$0,,,SEA,1.0,$0,,Brian Anderson,MIL,96,361,9,38,40,1,0.099722991,0.299168975,0.141509434,0.308823529,0.226415094,0.310249307,0.367924528,0.299132621,0.316,85.69716969,-1.480652291,-7.877229496,-1.341527343,0.303822484,Brian Anderson,605119
12546,C.J. Cron,1B,R,R,LAA,34,9.1,-0.3,,1.0,"$5,000,000","$5,000,000",,BOS,1.0,$0,,C.J. Cron,- - -,71,278,12,38,37,0,0.061151079,0.233812949,0.186046512,0.284153005,0.248062015,0.294964028,0.434108527,0.312345707,0.332,84.08334527,-3.986762396,-9.342054654,-3.358944349,-0.322612436,C.J. Cron,543068
12981,Cam Gallagher,C,R,R,CLE,31,5.1,-0.7,,,$0,,,PHI,1.0,$0,,Cam Gallagher,CLE,56,149,0,6,7,0,0.026845637,0.308724832,0.041958042,0.183673469,0.125874125,0.154362416,0.167832167,0.144715613,0.173,-17.6981451,-0.2160282,-21.22904778,9.209457397,-0.688179496,Cam Gallagher,595956
2396,Carlos Santana,1B/DH,S,R,MIL,38,13.1,1.5,,1.0,"$7,000,000","$7,000,000",,MIN,1.0,"$5,250,000","$5,250,000",Carlos Santana,- - -,146,619,23,78,86,6,0.105008077,0.168012924,0.189090909,0.25526932,0.24,0.31825525,0.429090909,0.323313638,0.308,100.4940579,0.558097346,0.936964482,-7.261810899,1.466518502,Carlos Santana,467793
17161,Chad Wallach,C,R,R,LAA,32,4.0,-0.2,,,$0,,,LAA,1.0,$0,,Chad Wallach,LAA,65,172,7,18,15,0,0.075581395,0.331395348,0.178343949,0.258064516,0.197452229,0.258823529,0.375796178,0.274992592,0.292,69.60053454,-1.227516396,-7.492601466,-0.058922052,-0.163850919,Chad Wallach,595453
7859,Charlie Blackmon,RF/LF/DH,L,L,COL,37,11.1,0.9,,,$0,,,COL,1.0,"$13,000,000","$13,000,000",Charlie Blackmon,COL,96,413,8,57,40,4,0.094430992,0.133171912,0.161559888,0.306666666,0.278551532,0.363196125,0.44011142,0.349766218,0.339,106.8393028,-1.482169011,2.017124252,-7.209867954,0.881466185,Charlie Blackmon,453568
15998,Cody Bellinger,CF/1B,L,L,CHC,28,6.2,4.4,,6.0,"$144,000,000","$24,000,000","$20,325,000",CHC,3.0,"$80,000,000","$26,666,667",Cody Bellinger,CHC,130,556,26,95,97,20,0.071942446,0.15647482,0.218436874,0.319095477,0.306613226,0.356115107,0.5250501,0.370215052,0.327,136.2831509,2.452670529,27.44451124,-1.755937338,4.445368284,Cody Bellinger,641355
10762,Corey Dickerson,LF/RF,L,R,WSN,35,10.1,-0.6,,,$0,,,,,,,Corey Dickerson,WSN,50,152,2,12,17,0,0.046052631,0.184210526,0.104166666,0.295652173,0.25,0.282894736,0.354166666,0.276978015,0.288,71.58493488,-2.297721492,-7.648422719,-3.379324555,-0.58467251,Corey Dickerson,572816
12510,Curt Casali,C,R,R,CIN,35,7.2,-0.3,,,$0,,,SFG,1.0,,,Curt Casali,CIN,40,96,0,8,6,0,0.114583333,0.239583333,0.025,0.245614035,0.175,0.29032258,0.2,0.238547333,0.281,38.94632728,-0.348765065,-7.609849472,1.676983595,-0.26635568,Curt Casali,592200
14130,Daniel Vogelbach,DH,L,R,NYM,31,5.1,0.2,,,$0,,,TOR,1.0,"$892,473","$892,473",Daniel Vogelbach,NYM,104,319,13,33,48,0,0.131661442,0.253918495,0.170909091,0.281767955,0.232727272,0.338557993,0.403636363,0.326844139,0.324,108.1813137,-3.058292926,0.174904221,-9.182098389,0.182619973,Daniel Vogelbach,596129
9929,Darin Ruf,1B/DH,R,R,MIL,37,6.1,-0.1,,,$0,,,,,,,Darin Ruf,- - -,20,57,0,3,3,0,0.140350877,0.280701754,0.06122449,0.333333333,0.224489795,0.333333333,0.285714285,0.286996501,0.354,78.67530662,-0.388389688,-1.894220255,-1.427104622,-0.138074132,Darin Ruf,573131
13744,David Dahl,RF/LF,L,R,SDP,30,4.2,-0.2,,,$0,,,PHI,1.0,$0,,David Dahl,SDP,4,9,1,1,1,0,0.0,0.222222222,0.333333333,0.0,0.111111111,0.111111111,0.444444444,0.222677337,0.367,38.51358489,0.0,-0.685551586,-1.726908252,-0.210071823,David Dahl,621311
2136,David Peralta,LF/RF,L,L,LAD,36,9.1,-0.2,,,$0,,,SDP,1.0,"$800,000","$800,000",David Peralta,LAD,133,422,7,47,55,4,0.047393364,0.170616113,0.121827411,0.295950155,0.258883248,0.293838862,0.380710659,0.290405621,0.309,81.92842851,-3.114745892,-12.56246187,-3.98021692,-0.219828343,David Peralta,444482
15653,Dominic Smith,1B,L,L,WSN,29,5.1,0.0,,,$0,,,CHC,1.0,$0,,Dominic Smith,WSN,153,586,12,57,46,1,0.080204778,0.155290102,0.111954459,0.286384976,0.254269449,0.325938566,0.366223908,0.30643118,0.32,91.3298705,-5.892247492,-12.18646372,-8.04082489,-0.031604669,Dominic Smith,642086
8623,Donovan Solano,2B/1B/3B,R,R,MIN,36,8.1,1.2,,,$0,,,SDP,1.0,"$790,323","$790,323",Donovan Solano,MIN,134,450,5,43,38,0,0.088888888,0.222222222,0.109137056,0.365517241,0.281725888,0.368888888,0.390862944,0.337812522,0.351,115.5772071,-2.911840297,5.487297105,-9.078267336,1.183345696,Donovan Solano,456781
12155,Eddie Rosario,LF/RF/DH,L,R,ATL,32,8.1,1.3,,,$0,,,WSN,1.0,"$1,064,516","$1,064,516",Eddie Rosario,ATL,142,516,21,64,74,3,0.065891472,0.236434108,0.194560669,0.299703264,0.255230125,0.304854368,0.449790794,0.322259527,0.317,100.375843,-1.912125879,-1.671869693,-3.094800711,1.272924536,Eddie Rosario,592696
6153,Eduardo Escobar,3B/2B,S,R,LAA,35,11.1,-0.9,,,$0,,,TOR,1.0,$0,,Eduardo Escobar,- - -,100,309,6,32,31,2,0.058252427,0.252427184,0.118055556,0.286407766,0.225694444,0.269480519,0.34375,0.266946342,0.244,65.37396595,-1.121122631,-13.99586797,-5.247632185,-0.864945281,Eduardo Escobar,500871
8418,Ehire Adrianza,3B/SS/2B,S,R,ATL,34,9.1,-0.2,,,$0,,$0,LAA,1.0,$0,,Ehire Adrianza,ATL,5,11,0,0,0,0,0.09090909,0.363636363,0.0,0.0,0.0,0.09090909,0.0,0.063263899,0.167,-73.25072755,-0.007705124,-2.368651973,-0.378103808,-0.236630836,Ehire Adrianza,501303
8709,Elvis Andrus,SS/2B,R,R,CHW,35,15.0,1.2,,,$0,,,ARI,1.0,$0,,Elvis Andrus,CHW,112,406,6,39,44,12,0.061576354,0.174876847,0.106951872,0.294314381,0.251336898,0.303703703,0.35828877,0.290109679,0.267,81.33249786,0.680417018,-8.400816047,6.751074791,1.226202768,Elvis Andrus,462101
10472,Enrique Hernández,2B/SS/3B/OF,R,R,LAD,32,9.1,-1.1,,,$0,,,LAD,1.0,"$4,000,000","$4,000,000",Enrique Hernández,- - -,140,508,11,57,61,4,0.066929133,0.190944881,0.120430108,0.272727272,0.236559139,0.289370078,0.356989247,0.281789269,0.272,72.2377064,-0.983071788,-17.9156653,-10.60807923,-1.111120319,Enrique Hernandez,571771
14111,Eric Haase,C,R,R,CLE,31,3.1,-1.0,,,$0,,,MIL,1.0,"$516,129","$516,129",Eric Haase,- - -,89,293,4,22,26,4,0.058020477,0.276450511,0.08029197,0.268421052,0.200729927,0.246575342,0.281021897,0.232770857,0.253,43.28624895,-0.478775914,-20.38956955,-0.157663478,-1.045277669,Eric Haase,606992
9368,Evan Longoria,3B,R,R,ARI,38,15.2,0.2,,,$0,,,,,,,Evan Longoria,ARI,74,237,11,25,28,0,0.097046413,0.308016877,0.199052132,0.276923076,0.222748815,0.295358649,0.421800947,0.308325586,0.324,90.59051716,-1.240680526,-4.003373087,-1.628654778,0.241361245,Evan Longoria,446334
16403,Francisco Mejía,C,S,R,TBR,28,5.0,-0.1,,,$0,,,LAA,1.0,$0,,Francisco Mejía,TBR,50,160,5,22,19,0,0.0375,0.2375,0.173333334,0.266055045,0.226666666,0.257861635,0.4,0.279804666,0.243,78.72687738,0.038870598,-4.039472928,-2.587885149,-0.112800204,Francisco Mejia,642336
15279,Garrett Cooper,1B/DH,R,R,SDP,33,6.1,0.4,,,$0,,,CHC,1.0,"$733,871","$733,871",Garrett Cooper,- - -,123,457,17,42,61,0,0.067833698,0.288840262,0.168246445,0.323636363,0.251184834,0.304157549,0.419431279,0.312535582,0.318,94.26327719,-2.525288577,-5.773157724,-5.622846663,0.411967682,Garrett Cooper,643265
19262,Garrett Hampson,SS/2B/3B/OF,R,R,MIA,29,5.0,0.6,,,$0,,,KCR,1.0,"$2,000,000","$2,000,000",Garrett Hampson,MIA,98,252,3,30,23,5,0.091269841,0.265873015,0.104072398,0.379084967,0.276018099,0.34939759,0.380090497,0.322908502,0.291,99.37406136,1.488098567,1.292686779,-3.841279328,0.599654788,Garrett Hampson,641658
11442,Gary Sánchez,C,R,R,SDP,31,7.1,1.6,,1.0,"$5,000,000","$5,000,000",,MIL,1.0,"$7,000,000","$7,000,000",Gary Sánchez,- - -,75,267,19,33,47,0,0.078651685,0.250936329,0.275,0.211538461,0.216666666,0.288389513,0.491666666,0.329477669,0.343,110.1065366,-0.815500864,2.52746599,4.885125026,1.643780204,Gary Sanchez,596142
10681,Gio Urshela,3B/1B/SS,R,R,LAA,32,6.1,0.5,,,$0,,,DET,1.0,"$1,500,000","$1,500,000",Gio Urshela,LAA,62,228,2,22,24,3,0.043859649,0.157894736,0.074766355,0.346368715,0.29906542,0.328947368,0.373831775,0.306958834,0.289,91.75703771,-0.363421127,-2.615329618,-0.224060968,0.497853391,Gio Urshela,570482
11902,Hanser Alberto,2B/3B,R,R,CHW,31,6.2,-0.3,,,$0,,,,,,,Hanser Alberto,CHW,30,90,3,11,16,0,0.044444444,0.144444444,0.170731707,0.223880597,0.219512195,0.261363636,0.390243902,0.279159994,0.274,73.74303093,-0.494224778,-3.325745083,-2.491457701,-0.271791274,Hanser Alberto,593643
18030,Harrison Bader,CF,R,R,CIN,30,6.0,1.0,,2.0,"$18,000,000","$9,000,000",,NYM,1.0,"$10,500,000","$10,500,000",Harrison Bader,- - -,98,344,7,44,40,20,0.049418604,0.171511627,0.115987461,0.260700389,0.231974921,0.274052478,0.347962382,0.27077067,0.288,67.82164759,3.55821482,-9.823574163,7.554142207,0.950765166,Harrison Bader,664056
15117,Hunter Dozier,3B/1B/LF/RF,R,R,KCR,32,5.1,-0.2,,,$0,,,LAA,1.0,$0,,Hunter Dozier,KCR,29,91,2,8,9,2,0.087912087,0.318681318,0.121951219,0.25,0.182926829,0.252747252,0.304878048,0.246782072,0.241,47.36491051,0.993152623,-4.746020642,-0.694699824,-0.230824002,Hunter Dozier,641531
15464,Hunter Renfroe,RF/LF,R,R,CIN,32,6.2,0.4,,1.0,"$8,000,000","$8,000,000",,KCR,2.0,"$13,000,000","$6,500,000",Hunter Renfroe,- - -,140,548,20,60,60,0,0.08029197,0.228102189,0.182730924,0.269662921,0.232931726,0.297445255,0.41566265,0.308031305,0.289,92.12886525,-1.592693675,-6.910586362,-8.276488051,0.361057704,Hunter Renfroe,592669
16512,Isiah Kiner-Falefa,SS/3B/LF/CF,R,R,NYY,29,6.0,0.5,,,$0,,,TOR,2.0,"$15,000,000","$7,500,000",Isiah Kiner-Falefa,NYY,115,361,6,39,37,14,0.077562326,0.193905817,0.098159509,0.288537549,0.242331288,0.305555555,0.340490797,0.286483511,0.295,79.32134433,0.0179043,-8.926719551,1.694696903,0.515408786,Isiah Kiner-Falefa,643396
6184,J.D. Martinez,DH,R,R,LAD,36,12.0,2.4,,1.0,"$12,000,000","$12,000,000",,NYM,1.0,"$12,000,000","$8,966,565",J.D. Martinez,LAD,113,479,33,61,103,1,0.07098121,0.311064718,0.300925926,0.324324324,0.270833333,0.320754716,0.571759259,0.369350391,0.369,134.8517529,-0.840923718,19.84041265,-11.79139367,2.425514412,J.D. Martinez,502110
12984,Jackie Bradley Jr.,CF/RF/LF,L,R,KCR,34,9.1,-0.6,,,$0,,,,,,,Jackie Bradley Jr.,KCR,43,113,1,10,6,0,0.044247787,0.256637168,0.076190476,0.173333333,0.133333333,0.1875,0.209523809,0.180488595,0.246,1.415448601,-0.242665893,-13.59077925,4.111836892,-0.558146685,Jackie Bradley Jr.,598265
13723,Jacob Stallings,C,R,R,MIA,34,5.1,-0.4,,,$0,,,COL,1.0,"$2,000,000","$2,000,000",Jacob Stallings,MIA,89,276,3,22,20,0,0.097826086,0.242753623,0.095435684,0.248554913,0.190871369,0.278388278,0.286307053,0.256358633,0.262,54.76008243,-3.15205317,-18.62059389,4.865425587,-0.436523229,Jacob Stallings,607732
13329,Jake Lamb,1B/3B,L,R,LAA,33,8.0,0.0,,,$0,,,PIT,1.0,$0,,Jake Lamb,LAA,19,54,2,7,5,0,0.055555555,0.277777777,0.137254902,0.264705882,0.215686274,0.259259259,0.352941176,0.266665804,0.275,63.82905548,-0.218406544,-2.558785517,0.544519365,-0.015886196,Jake Lamb,571875
11339,Jake Marisnick,CF/RF/LF,R,R,LAD,33,9.1,0.4,,,$0,,,LAA,1.0,$0,,Jake Marisnick,- - -,46,83,2,10,10,2,0.036144578,0.253012048,0.171052631,0.296296296,0.236842105,0.280487804,0.407894736,0.294205227,0.277,85.98447097,-0.486210374,-1.911410305,2.91577466,0.38423664,Jake Marisnick,545350
18607,Jared Walsh,1B,L,L,LAA,30,3.1,-0.9,,,$0,,,TEX,1.0,"$181,452","$181,452",Jared Walsh,LAA,39,116,4,10,11,0,0.094827586,0.387931034,0.153846153,0.163636363,0.125,0.215517241,0.278846153,0.22228493,0.225,33.06769844,-0.121058825,-9.424129635,-3.245236635,-0.866011598,Jared Walsh,665120
4940,Jason Heyward,RF/LF/CF,L,L,LAD,34,14.0,2.3,,1.0,"$10,000,000","$10,000,000",,LAD,1.0,"$9,000,000","$9,000,000",Jason Heyward,LAD,124,377,15,56,40,2,0.090185676,0.169761273,0.203592815,0.290697674,0.269461077,0.339572192,0.473053892,0.347728344,0.319,120.3566753,-1.321715225,8.18579188,1.616006613,2.254713892,Jason Heyward,518792
5933,Jean Segura,2B/3B,R,R,MIA,34,11.0,-1.3,,,$0,,,,,,,Jean Segura,MIA,85,326,3,25,21,6,0.067484662,0.144171779,0.059800665,0.250996015,0.219269102,0.276923076,0.279069767,0.249558131,0.281,50.20113379,-1.559470347,-21.67148205,-2.197857738,-1.275679558,Jean Segura,516416
13621,Jeimer Candelario,3B/1B,S,R,CHC,30,6.0,3.2,,3.0,"$36,000,000","$12,000,000",,CIN,3.0,"$45,000,000","$15,000,000",Jeimer Candelario,- - -,140,576,22,77,70,8,0.092013888,0.220486111,0.21980198,0.291666666,0.251485148,0.335652173,0.471287128,0.345868021,0.318,118.381445,-0.151023246,12.96555611,-0.046938419,3.239741586,Jeimer Candelario,600869
13590,Jesse Winker,LF/RF/DH,L,L,MIL,30,6.1,-0.8,,,$0,,,WSN,1.0,"$2,000,000","$2,000,000",Jesse Winker,MIL,61,197,1,16,23,0,0.131979695,0.258883248,0.048192771,0.278260869,0.19879518,0.319796954,0.246987951,0.269283669,0.287,65.68690511,-1.126761307,-9.500985341,-5.214807265,-0.79997195,Jesse Winker,608385
5452,Ji Man Choi,1B/DH,L,R,SDP,33,6.1,-0.5,,,$0,,,NYM,1.0,$0,,Ji Man Choi,- - -,39,117,6,12,13,0,0.085470085,0.299145299,0.221153846,0.169230769,0.163461538,0.239316239,0.384615384,0.266868715,0.349,64.04812193,-0.098131543,-5.309189481,-3.561144292,-0.488123135,Ji Man Choi,596847
11899,Joc Pederson,DH/LF/RF,L,L,SFG,32,9.0,0.7,,2.0,"$24,000,000","$12,000,000",,ARI,1.0,"$12,500,000","$12,500,000",Joc Pederson,SFG,121,425,15,59,51,0,0.134117647,0.209411764,0.181564246,0.26848249,0.234636871,0.348235294,0.416201117,0.330896612,0.366,109.3430241,0.080400313,4.999604581,-12.06636548,0.735250732,Joc Pederson,592626
14128,Joey Gallo,RF/LF/1B,L,R,MIN,30,7.1,0.8,,1.0,"$8,000,000","$8,000,000",,WSN,1.0,"$5,000,000","$5,000,000",Joey Gallo,MIN,111,332,21,39,40,1,0.144578313,0.427710843,0.262411348,0.243697478,0.177304964,0.301204819,0.439716312,0.319566099,0.295,102.9302116,0.244580576,1.410234525,-4.781776488,0.801029787,Joey Gallo,608336
4314,Joey Votto,1B,L,R,CIN,40,16.0,0.0,,,$0,,,TOR,1.0,$0,,Joey Votto,CIN,65,242,14,26,38,0,0.111570247,0.256198347,0.230769231,0.212121212,0.201923076,0.314049586,0.432692307,0.325649298,0.298,97.33810585,-0.48072404,-1.278763942,-6.704815149,0.02381079,Joey Votto,458015
13853,Joey Wendle,3B/2B/SS,L,R,MIA,34,6.1,-0.8,,,$0,,,NYM,1.0,"$2,000,000","$2,000,000",Joey Wendle,MIA,112,318,2,33,20,7,0.040880503,0.210691823,0.094276094,0.264069264,0.212121212,0.247619047,0.306397306,0.241842093,0.263,45.02842369,1.738098646,-19.91817689,1.033500433,-0.805725956,Joey Wendle,621563
15104,Jonathan Davis,CF/LF/RF,R,R,MIA,32,3.0,0.1,,,$0,,,MIA,1.0,$0,,Jonathan Davis,MIA,34,104,2,22,10,1,0.067307692,0.278846153,0.133333333,0.327868852,0.244444444,0.306930693,0.377777777,0.298153287,0.292,82.77855697,-0.485106278,-2.703922522,-0.225757927,0.060219042,Jonathan Davis,641505
11265,Jonathan Schoop,2B/3B,R,R,DET,32,9.1,-0.3,,,$0,,,,,,,Jonathan Schoop,DET,55,151,0,15,7,0,0.086092715,0.245033112,0.058823529,0.287128712,0.213235294,0.278145695,0.272058823,0.248543699,0.276,54.21510832,-0.57579546,-8.859635739,0.733122379,-0.293120789,Jonathan Schoop,570731
16424,Jordan Luplow,RF/LF/1B,R,R,MIN,30,5.0,-0.2,,,$0,,,ATL,1.0,$0,,Jordan Luplow,- - -,39,90,2,11,5,2,0.133333333,0.3,0.116883117,0.291666666,0.207792207,0.322222222,0.324675324,0.290205788,0.273,82.41553773,0.932191431,-0.964096058,-1.153709203,0.097103405,Jordan Luplow,656669
12180,Jorge Alfaro,C,R,R,BOS,31,5.1,-0.4,,,$0,,,CHC,1.0,$0,,Jorge Alfaro,- - -,18,52,1,2,4,0,0.038461538,0.288461538,0.145833333,0.1875,0.145833333,0.211538461,0.291666666,0.222846806,0.27,24.46525028,-0.077268189,-4.869719306,-0.943964601,-0.402799818,Jorge Alfaro,595751
14221,Jorge Soler,RF/LF/DH,R,R,MIA,32,8.1,1.8,,3.0,"$48,000,000","$16,000,000",,SFG,3.0,"$42,000,000","$12,142,857",Jorge Soler,MIA,137,580,36,77,75,1,0.113793103,0.243103448,0.261904761,0.271903323,0.25,0.34137931,0.511904761,0.36067215,0.374,124.6902135,-2.841310673,14.89941161,-16.62980032,1.792531551,Jorge Soler,624585
8202,Josh Harrison,3B/2B,R,R,PHI,36,11.1,-0.6,,,$0,,,,,,,Josh Harrison,PHI,41,114,2,8,10,0,0.026315789,0.175438596,0.08737864,0.228915662,0.203883495,0.263157894,0.291262135,0.248278935,0.278,51.3870568,0.177160437,-6.688387832,-3.464253154,-0.626155821,Josh Harrison,543281
10815,Jurickson Profar,LF/RF/1B,S,R,SDP,31,9.2,-1.6,,,$0,,,SDP,1.0,"$1,000,000","$1,000,000",Jurickson Profar,- - -,125,521,9,55,46,1,0.095969289,0.172744721,0.126361656,0.279452054,0.241830065,0.321153846,0.368191721,0.304485584,0.306,78.06562675,-2.44161945,-16.59895125,-16.83504409,-1.568769132,Jurickson Profar,595777
5235,Justin Turner,1B/3B/DH,R,R,BOS,39,13.0,1.1,,1.0,"$12,000,000","$12,000,000",,TOR,1.0,"$13,000,000","$13,000,000",Justin Turner,BOS,146,626,23,86,96,4,0.081469648,0.175718849,0.179211469,0.303944315,0.275985663,0.345047923,0.455197132,0.345657466,0.336,114.5777847,-5.202638286,5.731849514,-16.60985303,1.059570667,Justin Turner,457759
11038,Kevin Kiermaier,CF,L,R,TOR,34,9.1,2.8,,2.0,"$20,000,000","$10,000,000",,TOR,1.0,"$10,500,000","$10,500,000",Kevin Kiermaier,TOR,129,408,8,58,36,14,0.071078431,0.210784313,0.154054054,0.321428571,0.264864864,0.321867321,0.418918918,0.320024479,0.3,103.9164071,3.10314934,5.017760435,9.109553814,2.806302122,Kevin Kiermaier,595281
17696,Kevin Newman,SS/2B/3B,R,R,CIN,30,5.0,0.0,,,$0,,,ARI,1.0,"$800,000","$800,000",Kevin Newman,CIN,74,253,3,28,28,8,0.067193675,0.134387351,0.111111111,0.279792746,0.253333333,0.310756972,0.364444444,0.295550734,0.311,77.16050501,1.036146469,-6.122410342,-2.797085973,-0.032247748,Kevin Newman,621028
12434,Kevin Pillar,RF/LF/CF,R,R,ATL,35,9.1,0.3,,,$0,,,LAA,1.0,"$608,710","$608,710",Kevin Pillar,ATL,81,206,9,29,32,4,0.029126213,0.242718446,0.187817259,0.255319148,0.228426395,0.247572815,0.416243654,0.2795915,0.295,71.77187277,0.749751136,-6.454150006,2.209601164,0.274686965,Kevin Pillar,607680
12532,Kolten Wong,2B,L,R,LAD,33,10.0,-0.7,,,$0,,,BAL,1.0,$0,,Kolten Wong,- - -,87,250,4,25,27,3,0.072,0.212,0.080357143,0.217647058,0.183035714,0.256,0.263392857,0.235975442,0.262,49.56475453,-0.02384238,-15.09060102,-0.741452619,-0.723652827,Kolten Wong,543939
19508,Kyle Lewis,LF/RF,R,R,ARI,28,3.1,-0.5,,,$0,,,,,,,Kyle Lewis,ARI,16,54,1,2,2,0,0.055555555,0.388888888,0.098039215,0.24137931,0.156862745,0.203703703,0.25490196,0.203555757,0.22,20.35448184,-0.064405273,-5.392519903,-1.191200271,-0.473556256,Kyle Lewis,641786
19238,Lourdes Gurriel Jr.,LF,R,R,ARI,30,5.1,1.9,,3.0,"$36,000,000","$12,000,000",,ARI,3.0,"$42,000,000","$14,000,000",Lourdes Gurriel Jr.,ARI,145,592,24,65,82,5,0.055743243,0.173986486,0.201451906,0.28169014,0.261343012,0.309121621,0.462794918,0.329345438,0.324,104.6818934,0.133553239,3.567247975,-4.191781044,1.943461573,Lourdes Gurriel Jr.,666971
16451,Luis Guillorme,SS/3B/2B,L,R,NYM,29,4.2,-0.3,,,$0,,,ATL,1.0,"$1,100,000","$1,100,000",Luis Guillorme,NYM,54,120,1,12,9,0,0.083333333,0.233333333,0.102803738,0.29113924,0.224299065,0.288135593,0.327102803,0.268540536,0.236,69.09550067,-0.20391663,-4.798238482,-2.745383322,-0.345662516,Luis Guillorme,641645
13355,Luke Maile,C,R,R,CIN,33,6.1,0.4,,,$0,,,CIN,1.0,"$3,500,000","$3,500,000",Luke Maile,CIN,78,199,6,17,25,2,0.070351758,0.246231155,0.156424581,0.29032258,0.234636871,0.308080808,0.391061452,0.306973783,0.315,84.81833602,-0.821314875,-4.564065652,2.048132896,0.42334374,Luke Maile,571912
14811,Luke Voit,DH/1B,R,R,MIL,33,5.1,-0.4,,,$0,,,NYM,1.0,$0,,Luke Voit,MIL,22,74,0,5,4,2,0.054054054,0.364864864,0.044117647,0.365853658,0.220588235,0.283783783,0.264705882,0.250774922,0.286,53.27893359,-0.506642993,-4.789789447,-2.235823244,-0.44985924,Luke Voit,572228
2829,Manny Piña,C,R,R,OAK,37,8.0,0.0,,,$0,,,,,,,Manny Piña,OAK,4,12,1,1,1,0,0.0,0.25,0.25,0.25,0.25,0.25,0.5,0.314097385,0.261,102.4164017,-0.036430105,-0.001685853,-0.725329902,-0.031391441,Manny Pina,444489
6887,Martín Maldonado,C,R,R,HOU,37,11.2,-0.8,,,$0,,,CHW,1.0,"$4,250,000","$4,250,000",Martín Maldonado,HOU,117,407,15,33,36,0,0.073710073,0.341523341,0.157458564,0.259615384,0.190607734,0.258227848,0.348066298,0.266096746,0.267,66.73402625,-1.741311387,-17.9641642,-4.397678256,-0.835730825,Martin Maldonado,455117
8090,Matt Carpenter,DH,L,R,SDP,38,11.1,-0.4,,,$0,,,STL,1.0,"$740,000","$740,000",Matt Carpenter,SDP,76,237,5,18,31,1,0.17299578,0.282700421,0.143617022,0.231404958,0.175531914,0.322033898,0.319148936,0.292585753,0.309,85.37908048,-0.830125072,-5.122933326,-7.051818073,-0.4110628,Matt Carpenter,572761
16505,Matt Chapman,3B,R,R,TOR,31,6.1,3.0,,4.0,"$80,000,000","$20,000,000","$20,325,000",SFG,3.0,"$54,000,000","$20,000,000",Matt Chapman,TOR,140,581,17,66,54,4,0.106712564,0.283993115,0.184675835,0.319148936,0.239685658,0.330464716,0.424361493,0.328369889,0.337,109.7007936,-0.765337206,5.987961756,4.084391356,2.994545065,Matt Chapman,656305
13836,Matt Duffy,3B/2B/1B,R,R,KCR,33,8.1,-0.3,,,$0,,,TEX,1.0,$0,,Matt Duffy,KCR,79,209,2,17,16,1,0.057416267,0.18660287,0.073298429,0.302631578,0.2513089,0.306220095,0.324607329,0.281098205,0.298,71.15017423,-0.923835755,-8.148573035,-1.567383766,-0.252943141,Matt Duffy,622110
11489,Michael A. Taylor,CF,R,R,MIN,33,8.1,2.0,,2.0,"$14,000,000","$7,000,000",,PIT,1.0,"$4,000,000","$4,000,000",Michael A. Taylor,MIN,129,388,21,48,51,13,0.067010309,0.335051546,0.222535212,0.27804878,0.219718309,0.277922077,0.442253521,0.307546935,0.306,94.59946519,3.012037074,0.501300937,6.093709111,1.98669164,Michael A. Taylor,572191
17321,Michael Chavis,1B/3B/2B,R,R,WSN,28,4.1,0.1,,,$0,,,SEA,1.0,$0,,Michael Chavis,WSN,48,96,2,16,5,1,0.052083333,0.34375,0.098901099,0.357142857,0.241758241,0.28125,0.34065934,0.273146985,0.255,69.01667325,0.115052923,-3.569779467,1.580578327,0.126896715,Michael Chavis,656308
12977,Michael Pérez,C,L,R,NYM,31,3.1,0.2,,,$0,,,BAL,1.0,$0,,Michael Pérez,NYM,3,8,0,1,0,0,0.0,0.125,0.125,0.571428571,0.5,0.5,0.625,0.486421406,0.378,215.1593883,-0.008737496,1.132583467,0.321751297,0.172127203,Michael Perez,605421
15585,Mike Ford,1B/DH,L,R,SEA,31,3.0,0.8,,,$0,,,CIN,1.0,$0,,Mike Ford,SEA,84,251,16,32,34,0,0.095617529,0.322709163,0.246575342,0.276422764,0.228310502,0.322709163,0.474885844,0.342720443,0.314,124.6520389,-1.563556962,5.850555057,-6.889858723,0.756137674,Mike Ford,645801
4892,Mike Moustakas,1B/3B,L,R,LAA,35,12.1,-0.4,,,$0,,,CHW,1.0,$0,,Mike Moustakas,- - -,112,386,12,43,48,0,0.059585492,0.246113989,0.144886364,0.296442687,0.24715909,0.292746113,0.392045454,0.29388479,0.27,77.70082462,-1.941079765,-12.24386262,-5.360084832,-0.438294867,Mike Moustakas,519058
15161,Mitch Garver,C,R,R,TEX,33,6.0,2.2,,2.0,"$20,000,000","$10,000,000",,SEA,2.0,"$24,000,000","$12,000,000",Mitch Garver,TEX,87,344,19,45,50,0,0.127906976,0.238372093,0.22972973,0.312820512,0.27027027,0.37026239,0.5,0.374233522,0.365,140.1663795,-1.924332157,14.63160265,-4.825470991,2.156179234,Mitch Garver,641598
12147,Nick Ahmed,SS,R,R,ARI,34,9.0,0.1,,,$0,,,SFG,1.0,"$429,677","$429,677",Nick Ahmed,ARI,72,210,2,14,17,5,0.057142857,0.247619047,0.090909091,0.277777777,0.212121212,0.257142857,0.303030303,0.247424136,0.263,49.76314904,0.58951171,-12.48002404,6.281510353,0.093394759,Nick Ahmed,605113
19293,Nick Senzel,3B/2B/OF,R,R,CIN,29,4.2,-0.5,,,$0,,,WSN,1.0,"$2,000,000","$2,000,000",Nick Senzel,CIN,104,330,13,49,42,6,0.078787878,0.224242424,0.162790698,0.268518518,0.235880398,0.296969696,0.398671096,0.302036649,0.296,81.50855967,1.230851843,-6.328823384,-10.23866868,-0.534005257,Nick Senzel,669222
18015,Paul DeJong,SS,R,R,SFG,30,6.1,0.5,,,$0,,,CHW,1.0,"$1,750,000","$1,750,000",Paul DeJong,- - -,112,400,14,41,38,4,0.0525,0.3025,0.147849462,0.263598326,0.206989247,0.2575,0.354838709,0.266492639,0.278,65.33854439,-2.124338973,-18.9854041,10.44698066,0.505440704,Paul DeJong,657557
10323,Rafael Ortega,CF/RF/LF,L,R,NYM,33,3.0,0.3,,,$0,,,CHW,1.0,$0,,Rafael Ortega,NYM,47,136,1,16,8,6,0.147058823,0.242647058,0.052631579,0.3,0.219298245,0.34074074,0.271929824,0.288242281,0.283,82.30323916,1.242903412,-1.738708727,-0.265111744,0.260961781,Rafael Ortega,542364
14350,Raimel Tapia,RF/LF/CF,L,L,TBR,30,5.1,0.0,,,$0,,,,,,,Raimel Tapia,- - -,64,169,3,28,13,10,0.100591715,0.23668639,0.101351351,0.301886792,0.236486486,0.317365269,0.337837837,0.293060104,0.297,80.26649704,1.635591619,-2.475081804,-3.416908607,-0.010919404,Raimel Tapia,606132
10243,Randal Grichuk,LF/RF/CF,R,R,LAA,32,9.0,0.6,,,$0,,,ARI,1.0,"$3,250,000","$3,250,000",Randal Grichuk,- - -,118,471,16,65,44,2,0.061571125,0.203821656,0.19124424,0.308641975,0.267281105,0.320594479,0.458525345,0.332697742,0.323,101.3303491,-1.693979254,-0.74437079,-9.746542186,0.557417628,Randal Grichuk,545341
5254,Robbie Grossman,LF/RF,S,L,TEX,34,9.1,0.4,,,$0,,,CHW,1.0,"$1,435,484","$1,435,484",Robbie Grossman,TEX,115,420,10,56,49,1,0.135714285,0.233333333,0.155807366,0.292490118,0.237960339,0.34047619,0.393767705,0.322527737,0.306,104.3279671,-0.894522566,1.283517275,-11.8590169,0.384103989,Robbie Grossman,543257
2900,Roberto Pérez,C,R,R,SFG,35,9.1,-0.1,,,$0,,,BOS,1.0,$0,,Roberto Pérez,SFG,5,17,0,0,1,0,0.117647058,0.352941176,0.0,0.222222222,0.133333333,0.235294117,0.133333333,0.185698727,0.271,12.0046595,-0.031392234,-1.884612562,0.466102771,-0.083853034,Roberto Perez,547379
15679,Rowdy Tellez,1B/DH,L,L,MIL,29,5.0,-0.7,,,$0,,,PIT,1.0,"$3,200,000","$3,200,000",Rowdy Tellez,MIL,106,351,13,26,47,0,0.099715099,0.245014245,0.160771704,0.248847926,0.215434083,0.29059829,0.376205787,0.288287586,0.306,78.42683027,-2.113200087,-11.4939927,-7.7400738,-0.728759892,Rowdy Tellez,642133
5273,Sandy León,C,S,R,TEX,35,8.1,-0.4,,,$0,,,KCR,1.0,$0,,Sandy León,TEX,22,44,0,4,4,0,0.022727272,0.454545454,0.048780488,0.285714285,0.146341463,0.186046511,0.195121951,0.173013438,0.168,0.696328637,-0.254312449,-5.489720782,-0.049019352,-0.401591898,Sandy Leon,506702
19755,Shohei Ohtani,DH/SP,L,R,LAA,29,6.0,8.9,,10.0,"$450,000,000","$45,000,000","$20,325,000",LAD,10.0,"$700,000,000","$46,078,769",Shohei Ohtani,LAA,135,599,44,102,95,20,0.151919866,0.238731218,0.350100604,0.341853035,0.303822937,0.412457912,0.653923541,0.433482268,0.427,179.4532031,2.492317771,59.51804216,-14.47530842,6.54336119,Shohei Ohtani,660271
13066,Teoscar Hernández,RF/LF,R,R,SEA,31,6.1,1.9,,3.0,"$45,000,000","$15,000,000",,LAD,1.0,"$23,500,000","$20,433,933",Teoscar Hernández,SEA,160,678,26,70,93,7,0.056047197,0.311209439,0.1776,0.341772151,0.2576,0.305309734,0.4352,0.316505408,0.336,106.481823,-4.396506293,0.86923407,-4.657374859,1.944674667,Teoscar Hernandez,606192
15172,Tim Anderson,SS/2B,R,R,CHW,31,7.1,-0.2,,1.0,"$8,000,000","$8,000,000",,MIA,1.0,"$5,000,000","$5,000,000",Tim Anderson,CHW,123,524,1,52,25,13,0.04961832,0.232824427,0.050709939,0.322580645,0.245436105,0.286259541,0.296146044,0.259646316,0.279,60.21767322,1.634820743,-23.34297132,3.448722363,-0.188897213,Tim Anderson,641313
15124,Tim Locastro,CF/LF/RF,R,R,NYM,31,4.1,0.4,,,$0,,,NYM,1.0,$0,,Tim Locastro,NYM,43,67,2,13,3,6,0.044776119,0.328358208,0.160714285,0.34375,0.232142857,0.338461538,0.392857142,0.326823204,0.315,108.1672793,1.43783558,2.115743442,0.09859848,0.447809449,Tim Locastro,641796
13499,Tom Murphy,C,R,R,SEA,33,6.1,0.8,,1.0,"$4,000,000","$4,000,000",,SFG,2.0,"$8,250,000","$4,125,000",Tom Murphy,SEA,47,159,8,19,17,0,0.062893081,0.276729559,0.248275862,0.357894736,0.289655172,0.335443037,0.537931034,0.367460437,0.351,141.7998707,-0.412258626,7.551253411,-4.653687716,0.833576004,Tom Murphy,608596
12371,Tommy La Stella,2B/3B/1B,L,R,SEA,35,8.1,-0.1,,,$0,,,,,,,Tommy La Stella,SEA,12,24,0,2,2,0,0.125,0.208333333,0.047619048,0.25,0.19047619,0.291666666,0.238095238,0.249128329,0.244,59.78129315,-0.249093064,-1.405663063,-0.648148119,-0.122591412,Tommy La Stella,600303
2967,Tommy Pham,LF/RF,R,R,ARI,36,8.1,1.9,,1.0,"$8,000,000","$8,000,000",,CHW,1.0,"$2,532,258","$2,532,258",Tommy Pham,- - -,129,481,16,55,68,22,0.097713097,0.22037422,0.190140845,0.3,0.255868544,0.328482328,0.446009389,0.332118848,0.361,109.4081383,2.62615695,8.232339388,-5.440719306,1.908035871,Tommy Pham,502054
14894,Tony Kemp,2B/LF,L,R,OAK,32,6.1,0.0,,,$0,,,BAL,1.0,"$91,398","$91,398",Tony Kemp,OAK,124,419,5,42,27,15,0.105011933,0.095465393,0.09470752,0.220820189,0.208913649,0.303398058,0.303621169,0.27555511,0.297,75.70190602,0.038380373,-12.16046731,-2.53435421,-0.030089897,Tony Kemp,643393
13768,Travis Jankowski,CF/RF/LF,L,R,TEX,33,6.2,1.2,,,$0,,,TEX,1.0,"$1,700,000","$1,700,000",Travis Jankowski,TEX,107,287,1,34,30,19,0.121951219,0.146341463,0.068825911,0.310679611,0.263157894,0.356643356,0.331983805,0.312293959,0.302,97.2347107,2.955844324,2.004900093,-0.303848028,1.152713363,Travis Jankowski,608671
9952,Trayce Thompson,LF/RF/CF,R,R,CHW,33,4.0,-0.3,,,$0,,,NYM,1.0,$0,,Trayce Thompson,- - -,72,179,6,17,17,2,0.134078212,0.430167597,0.130718955,0.271428571,0.163398692,0.284916201,0.294117647,0.266306688,0.275,64.86973657,0.189704246,-7.375808655,-1.263667613,-0.251608304,Trayce Thompson,572204
15149,Trey Mancini,1B/RF/LF,R,R,CHC,32,6.1,-0.8,,,$0,,,MIA,1.0,$0,,Trey Mancini,CHC,79,263,4,31,28,0,0.079847908,0.296577946,0.102127659,0.326923076,0.234042553,0.298850574,0.336170212,0.279732753,0.272,75.62524961,-2.177137132,-10.1188537,-6.488696158,-0.765000524,Trey Mancini,641820
10200,Tucker Barnhart,C,L,R,CHC,33,9.0,0.2,,,$0,,,ARI,1.0,"$409,785","$409,785",Tucker Barnhart,CHC,47,123,1,6,9,1,0.097560975,0.341463414,0.055045871,0.313432835,0.201834862,0.284552845,0.256880733,0.249576228,0.234,55.4087926,-1.092367707,-7.887107052,5.852787971,0.213875603,Tucker Barnhart,571466
13359,Tyler Naquin,RF/LF/CF,L,R,CHW,33,6.0,-0.2,,,$0,,,,,,,Tyler Naquin,CHW,5,8,0,0,0,0,0.0,0.875,0.0,0.0,0.0,0.0,0.0,0.0,0.027,-100.0,0.0,-2.106440688,-0.461365864,-0.228652085,Tyler Naquin,571980
14968,Victor Caratini,C,S,R,MIL,30,6.1,1.1,,,$0,,,HOU,2.0,"$12,000,000","$6,000,000",Victor Caratini,MIL,62,226,7,23,25,1,0.084070796,0.199115044,0.12437811,0.296052631,0.258706467,0.327433628,0.383084577,0.31233575,0.31,94.54833886,-2.594361915,-4.120717607,7.781440735,1.130742371,Victor Caratini,605170
11281,Whit Merrifield,2B/LF/RF,R,R,TOR,35,7.1,1.3,,2.0,"$16,000,000","$8,000,000",,PHI,1.0,"$8,000,000","$8,000,000",Whit Merrifield,TOR,145,592,11,66,67,26,0.06081081,0.170608108,0.109689214,0.31292517,0.272394881,0.317567567,0.382084095,0.304113359,0.276,92.88806141,1.279655935,-3.765124663,-3.558499813,1.297540996,Whit Merrifield,593160
10047,Wil Myers,1B/RF/LF,R,R,CIN,33,10.0,-0.7,,,$0,,,,,,,Wil Myers,CIN,37,141,3,11,12,2,0.085106382,0.340425531,0.094488189,0.272727272,0.188976377,0.257142857,0.283464566,0.242714736,0.249,41.74008818,0.181703079,-9.995006796,-2.171501473,-0.7354957,Wil Myers,571976
11368,Yasmani Grandal,C,S,R,CHW,35,11.1,0.0,,1.0,"$6,000,000","$6,000,000",,PIT,1.0,"$2,500,000","$2,500,000",Yasmani Grandal,CHW,118,405,8,33,33,0,0.088888888,0.212345679,0.104683196,0.284132841,0.234159779,0.308641975,0.338842975,0.287885765,0.282,79.79105407,-3.822521531,-13.62941062,0.156269431,0.043777468,Yasmani Grandal,518735
19198,Yuli Gurriel,1B,R,R,MIA,40,7.0,-0.4,,,$0,,,ATL,1.0,,,Yuli Gurriel,MIA,108,329,4,32,27,4,0.079027355,0.133738601,0.11409396,0.271653543,0.244966442,0.303951367,0.359060402,0.286753882,0.273,75.13657628,1.820788995,-8.313080033,-6.866205633,-0.398964855,Yuli Gurriel,493329
