playerid,Name_x,Position,Bats,Throws,Prev_Team,Age,Service,WAR_19,WAR_proj,Years_Med,Total_Med,AAV_Med,QO,Signing_Team,Years,Total,AAV,Name_y,Team,W,L,SV,G,GS,IP,K/9,BB/9,HR/9,BABIP,LOB%,GB%,HR/FB,vFA (pi),ERA,xERA,FIP,xFIP,WAR,NameASCII,MLBAMID
18655,A.J. Minter,RP,L,L,ATL,31,6.2,-0.1,0.5,1.0,"$5,000,000","$5,000,000",,NYM,2.0,"$22,000,000","$11,000,000",A.J. Minter,ATL,5,4,1,39,0,34.1,9.174758640735018,2.883495572802434,1.572815766983146,0.2222222222222222,0.94202899,0.458823529,0.166666666,94.75761640311244,2.621359611638576,3.31,4.448033366201988,3.7615954768597617,-0.0537252686917781,A.J. Minter,621345
16258,Aaron Bummer,RP,L,L,ATL,31,6.2,1.1,0.7,,$0,,,ATL,2.0,"$13,000,000","$6,500,000",Aaron Bummer,ATL,4,3,0,56,0,55.1,11.222894145297808,2.9277115161646456,0.3253012795738495,0.3856209150326797,0.72890026,0.597315436,0.071428571,93.72344970703124,3.578314075312345,2.8,2.226720526187563,2.521953763445943,1.0936263799667358,Aaron Bummer,607481
15288,Adam Cimber,RP,R,R,LAA,34,6.1,0.0,-0.2,,$0,,,,,,,Adam Cimber,LAA,3,0,0,28,0,24.1,7.027398729172533,5.178083274127129,0.3698630910090806,0.2835820895522388,0.54404145,0.447761194,0.047619047,85.33611778846154,7.027398729172533,5.53,4.604836243325109,5.37547379607817,-0.0434996746480464,Adam Cimber,643256
1247,Adam Ottavino,RP,S,R,NYM,39,13.1,0.5,0.2,,$0,,,,,,,Adam Ottavino,NYM,2,2,1,60,0,56.0,11.250002299036767,3.6964293268263666,0.9642859113460088,0.3093525179856115,0.7082153,0.433566433,0.1,93.21128558168316,4.339286601057039,3.19,3.666479880469207,3.8936317906988376,0.4579032063484192,Adam Ottavino,493603
17859,Adbert Alzolay,RP,R,R,CHC,30,4.1,-0.8,0.0,,$0,,,,,,,Adbert Alzolay,CHC,1,4,4,18,0,17.1,6.75000123794285,3.1153851867428535,3.1153851867428535,0.2653061224489796,0.73863636,0.418181818,0.260869565,95.06507895026408,4.67307778011428,6.79,7.378019012219949,4.884337401598944,-0.8138180375099182,Adbert Alzolay,640470
12988,Andrew Chafin,RP,R,L,TEX,35,10.0,0.4,0.2,,$0,,,,,,,Andrew Chafin,- - -,4,3,1,62,0,56.1,11.183434477006918,4.952663839817349,0.798816748357637,0.3381294964028777,0.75324675,0.361111111,0.086206896,91.86337753080986,3.514793692773603,3.64,3.5392609275233595,3.942157247356967,0.4218628406524658,Andrew Chafin,605177
12828,Andrew Kittredge,RP,R,R,STL,35,6.1,0.3,0.2,1.0,"$3,000,000","$3,000,000",,BAL,1.0,"$10,000,000","$10,000,000",Andrew Kittredge,STL,5,5,1,74,0,70.2,8.533021017511732,2.547170452988577,1.2735852264942884,0.2631578947368421,0.81818182,0.451776649,0.14084507,,2.801887498287434,3.97,3.958932808108464,3.6384506072106406,0.3133000433444977,Andrew Kittredge,552640
10233,Aroldis Chapman,RP,L,L,PIT,37,14.0,1.1,0.8,1.0,"$10,000,000","$10,000,000",,BOS,1.0,"$10,750,000","$10,750,000",Aroldis Chapman,PIT,5,5,14,68,0,61.2,14.302704177310446,5.691892478725586,0.7297298049648187,0.3223140495867768,0.69230769,0.448,0.106382978,97.87747637599468,3.794594985817058,2.98,3.0367500351849386,3.1350915873633136,1.1082288026809692,Aroldis Chapman,547973
13801,Austin Adams,RP,R,R,ATH,34,5.2,0.0,0.1,,$0,,,BOS,1.0,$0,,Austin Adams,OAK,1,2,0,56,0,41.1,11.540326130875044,5.00806605679483,0.8709680098773618,0.3469387755102041,0.78947368,0.366336633,0.102564102,93.60516906415344,3.919356044448128,4.08,4.472931793105837,4.64152042180829,0.0149383824318647,Austin Adams,613534
15047,Austin Voth,RP,R,R,SEA,33,5.1,0.0,0.0,,$0,,,,,,,Austin Voth,SEA,2,5,0,68,0,61.0,9.000001125648515,2.6557380370766106,1.3278690185383053,0.2356687898089172,0.66176471,0.347560975,0.128571428,93.7398961715368,3.6885250514952928,3.14,4.117299569341915,3.934358373273065,0.0158536061644554,Austin Voth,608723
12572,Blake Treinen,RP,R,R,LAD,37,10.1,1.0,0.6,1.0,"$8,000,000","$8,000,000",,LAD,2.0,"$22,000,000","$11,000,000",Blake Treinen,LAD,7,3,1,50,0,46.2,10.800000588553324,2.1214286870372603,0.9642857668351182,0.2545454545454545,0.8974359,0.447368421,0.111111111,94.19412157012196,1.9285715336702365,2.41,2.995051197519107,3.0602021642120674,0.9828249216079712,Blake Treinen,595014
13942,Brent Suter,RP,L,L,CIN,35,7.2,0.2,-0.1,,$0,,,CIN,1.0,"$2,500,000","$2,500,000",Brent Suter,CIN,1,0,2,47,3,65.2,6.852792541658095,1.6446702099979431,1.3705585083316192,0.2717948717948718,0.828125,0.408866995,0.12345679,,3.152284569162724,4.2,4.308611868566144,4.1939826326551515,0.2098555117845535,Brent Suter,608718
10061,Brooks Raley,RP,L,L,NYM,37,5.0,0.3,0.1,1.0,"$4,000,000","$4,000,000",,,,,,Brooks Raley,NYM,1,0,0,8,0,7.0,11.57143014791082,3.85714338263694,0.0,0.1538461538461538,1.0,0.307692307,0.0,,0.0,3.24,1.8807653174108157,3.6087751599441784,0.300667405128479,Brooks Raley,548384
14814,Buck Farmer,RP,L,R,CIN,34,7.1,0.6,0.0,,$0,,,,,,,Buck Farmer,CIN,3,2,1,61,1,71.0,8.873240390104954,3.676056733043481,0.8873240390104954,0.2634408602150537,0.81508516,0.357894736,0.086419753,92.87059364318849,3.042253848035984,4.14,3.997465783077402,4.440743026540897,0.5737821161746979,Buck Farmer,571656
12784,Burch Smith,RP,R,R,BAL,35,5.1,0.3,0.0,,$0,,,PIT,1.0,$0,,Burch Smith,- - -,4,1,0,50,0,56.1,7.349113836061999,1.9171601311466084,0.9585800655733042,0.3314285714285714,0.63218391,0.438202247,0.092307692,95.11741420200892,4.952663672128739,4.46,3.663521293772249,4.023531062331743,0.3394497483968735,Burch Smith,572143
19349,Caleb Ferguson,RP,R,L,HOU,28,6.1,0.3,0.4,1.0,"$3,000,000","$3,000,000",,PIT,1.0,"$3,000,000","$3,000,000",Caleb Ferguson,- - -,1,4,1,62,0,54.1,11.098162885703749,4.14110555436707,0.9938653330480968,0.3401360544217687,0.66579634,0.467105263,0.133333333,93.91943971256266,4.638038220891119,4.11,3.7370320991137023,3.553726122117466,0.286290718242526,Caleb Ferguson,657571
10078,Caleb Thielbar,RP,R,L,MIN,38,6.1,0.2,0.4,1.0,"$3,000,000","$3,000,000",,CHC,1.0,"$2,750,000","$2,750,000",Caleb Thielbar,MIN,2,4,3,59,0,47.1,10.077468308115357,4.563381875372991,1.1408454688432477,0.3308270676691729,0.625,0.379562043,0.109090909,93.2335531655844,5.323945521268489,4.17,4.096057567717627,4.2050814580924065,0.1866970956325531,Caleb Thielbar,573204
14542,Carlos Estévez,RP,R,R,PHI,32,8.0,1.2,0.3,2.0,"$18,000,000","$9,000,000",,,,,,Carlos Estévez,- - -,4,5,26,54,0,55.0,8.181818465556004,1.9636364317334412,0.8181818465556004,0.2291666666666666,0.75,0.32885906,0.067567567,96.92242747758964,2.4545455396668014,3.19,3.2392070535391824,4.091727484202306,1.1562808901071548,Carlos Estevez,608032
12763,Chris Devenski,RP,R,R,TBR,34,7.1,-0.7,0.0,,$0,,,NYM,1.0,$0,,Chris Devenski,TBR,2,1,0,19,0,26.2,8.10000077247627,4.725000450611158,3.037500289678601,0.2533333333333333,0.57823129,0.25,0.183673469,93.2190147307982,6.750000643730225,5.9,7.328980175256767,5.719795468225636,-0.6685813069343567,Chris Devenski,606965
11847,Chris Martin,RP,R,R,BOS,39,7.1,0.9,0.7,1.0,"$7,000,000","$7,000,000",,TEX,1.0,"$5,500,000","$5,500,000",Chris Martin,BOS,3,1,2,45,0,44.1,10.150376230982047,0.6090225738589229,1.0150376230982048,0.3529411764705882,0.67391304,0.462809917,0.131578947,94.89652286022168,3.451127918533897,3.41,2.783021120674918,2.6128629075936445,0.9010557532310486,Chris Martin,455119
19403,Colin Poche,RP,L,L,TBR,31,5.1,-0.3,-0.1,,$0,,,,,,,Colin Poche,TBR,1,2,2,43,0,37.1,7.955358226688689,3.1339289983925136,1.6875002299036612,0.23,0.81325301,0.333333333,0.132075471,91.30698902027028,3.85714338263694,3.86,4.880765726128435,4.58977762031728,-0.3196514546871185,Colin Poche,621363
6655,Craig Kimbrel,RP,R,R,BAL,37,13.2,0.1,0.4,1.0,"$6,000,000","$6,000,000",,,,,,Craig Kimbrel,BAL,7,5,23,57,0,52.1,12.55414134752226,5.331210709221781,1.2038217730500795,0.2844827586206896,0.61933535,0.319672131,0.129629629,93.97601241099684,5.331210709221781,4.31,4.179218730220814,4.000526749847051,0.1428905874490738,Craig Kimbrel,518886
13293,Danny Coulombe,RP,L,L,BAL,35,6.0,0.5,0.3,,$0,,,,,,,Danny Coulombe,BAL,1,0,1,33,0,29.2,9.707868497310509,1.516854452704767,0.9101126716228602,0.1791044776119403,0.82278481,0.485714285,0.107142857,90.85235236672794,2.1235962337866736,2.91,2.8294010110220693,2.941858421747514,0.5220526456832886,Danny Coulombe,543056
8241,David Robertson,RP,R,R,TEX,40,15.1,1.9,0.7,1.0,"$10,000,000","$10,000,000",,,,,,David Robertson,TEX,3,4,2,68,0,72.0,12.375001311302324,3.3750003576279064,0.6250000662273901,0.3,0.76923077,0.487804878,0.092592592,,3.0000003178914727,3.19,2.6525908349472744,2.8838193863377555,1.8739523887634275,David Robertson,502085
17496,Diego Castillo,RP,R,R,MIN,31,4.2,0.0,0.0,,$0,,,COL,1.0,$0,,Diego Castillo,MIN,0,0,0,7,0,10.0,5.40000051498418,7.2000006866455735,0.0,0.2758620689655172,0.8125,0.517241379,0.0,96.71319986979168,2.70000025749209,3.97,4.366479892730724,6.18089015323261,0.0250925943255424,Diego Castillo,650895
17796,Dillon Tate,RP,R,R,TOR,31,4.1,0.2,0.0,,$0,,,,,,,Dillon Tate,- - -,2,1,1,33,0,36.2,6.627273704040293,2.9454549795734635,0.4909091632622439,0.3361344537815126,0.67028986,0.495867768,0.057142857,93.89016723632812,4.663637050991317,3.83,3.7119344041367337,4.4461243546487665,0.2139257714152336,Dillon Tate,622253
17755,Drew Smith,RP,R,R,NYM,31,6.0,0.2,0.0,1.0,"$2,000,000","$2,000,000",,,,,,Drew Smith,NYM,1,1,2,19,0,17.2,11.716985348750184,4.584907310380507,1.0188682911956684,0.3555555555555555,0.82644628,0.255319148,0.08,95.13502903988488,3.056604873587005,4.43,3.5627063359769995,4.230643000250978,0.2203801572322845,Drew Smith,622098
11760,Drew Smyly,RP,L,L,CHC,36,12.1,-0.3,0.3,,$0,,,,,,,Drew Smyly,CHC,4,8,0,50,0,58.2,8.590910580532869,3.835227937737887,1.5340911750951551,0.2883435582822086,0.78873239,0.352941176,0.136986301,,3.835227937737887,3.78,4.905116443397637,4.570626845413412,-0.2786603271961212,Drew Smyly,592767
13394,Dylan Floro,RP,L,R,ARI,34,7.1,0.6,0.0,1.0,"$3,000,000","$3,000,000",,,,,,Dylan Floro,- - -,6,4,0,66,0,68.2,6.291263242684536,2.2281557317841068,0.6553399211129726,0.2884615384615384,0.68421053,0.454545454,0.071428571,89.96204502535183,3.800971542455241,3.94,3.5014312935253145,4.096197249159715,0.6024922430515289,Dylan Floro,571670
18403,Enyel De Los Santos,RP,R,R,CHW,29,4.0,-0.9,0.1,,$0,,,ATL,1.0,$0,,Enyel De Los Santos,- - -,1,2,2,64,0,64.0,9.2812520745215,3.515625785803598,2.390625534346446,0.2909090909090909,0.8005618,0.344444444,0.195402298,95.53763710446589,5.203126162989325,5.31,5.963355403440213,4.565616518229076,-0.9470516964793204,Enyel De Los Santos,660853
17490,Génesis Cabrera,RP,L,L,TOR,28,5.0,-0.5,0.0,,$0,,,NYM,1.0,$0,,Génesis Cabrera,TOR,3,3,2,69,0,62.2,7.180852666598773,4.164894546627289,1.4361705333197543,0.2944444444444444,0.7875,0.427807486,0.142857142,96.04533192334254,3.5904263332993867,4.4,5.129246173826793,4.7437235628130665,-0.498635470867157,Genesis Cabrera,650893
14986,Giovanny Gallegos,RP,R,R,STL,33,6.0,-0.5,-0.1,,$0,,,LAD,1.0,$0,,Giovanny Gallegos,STL,2,1,1,21,0,20.2,9.1451641037123,4.354840049386809,2.612904029632085,0.3157894736842105,0.7421875,0.476190476,0.3,92.47981219103109,6.532260074080213,4.65,6.360029147840121,4.049068830021443,-0.4604147970676422,Giovanny Gallegos,606149
11804,Héctor Neris,RP,R,R,HOU,36,9.1,0.0,0.1,,$0,,,,,,,Héctor Neris,- - -,10,5,18,62,0,59.1,9.707866000731908,4.2471913753202095,1.2134832500914885,0.2974683544303797,0.73170732,0.4,0.119402985,93.1996174291237,4.095505969058774,4.31,4.278839424206993,4.233410710484566,0.0190549716353416,Hector Neris,593576
13346,Hoby Milner,RP,L,L,MIL,34,5.1,0.9,0.3,,$0,,,TEX,1.0,"$2,500,000","$2,500,000",Hoby Milner,MIL,5,1,1,61,1,64.2,8.907218946890787,1.9484541446323596,0.8350517762710112,0.3131868131868132,0.58073654,0.519337016,0.115384615,88.92195041363055,4.731960065535731,3.24,3.135551934724202,3.1452081815608537,0.914420835673809,Hoby Milner,571948
7836,Hunter Strickland,RP,R,R,LAA,36,8.0,0.3,-0.1,,$0,,,,,,,Hunter Strickland,LAA,3,2,1,72,0,73.1,6.9954557584339065,2.9454550561826975,1.227272940076124,0.2288557213930348,0.75,0.357142857,0.093457943,94.45367398648648,3.313636938205535,3.49,4.448298182369302,4.881728704784218,0.2581871747970581,Hunter Strickland,519326
12323,Jacob Barnes,RP,R,R,WSN,35,6.1,0.0,0.0,,$0,,,,,,,Jacob Barnes,WSN,8,3,0,63,0,66.0,7.500001733953703,2.7272733578013466,1.3636366789006733,0.296875,0.69863014,0.376237623,0.129870129,95.46886882129276,4.363637372482155,4.91,4.378601270645949,4.172914060654222,0.0202458593994379,Jacob Barnes,606930
19274,Jacob Webb,RP,R,R,BAL,31,4.0,0.6,0.0,,$0,,,TEX,1.0,"$1,250,000","$1,250,000",Jacob Webb,BAL,2,5,2,60,0,56.2,9.211766979653678,4.288236352597402,0.6352942744588744,0.2448979591836734,0.72115385,0.34,0.0625,93.54853562801932,3.0176478036796532,3.51,3.5194210418780587,4.309454260382244,0.6370887160301208,Jacob Webb,657097
5003,Jake Diekman,RP,R,L,NYM,38,12.0,-0.8,0.0,,$0,,,,,,,Jake Diekman,NYM,2,3,4,43,0,32.0,11.250004693867735,6.750002816320641,1.9687508214268536,0.2285714285714285,0.65533981,0.447368421,0.291666666,94.7489752435065,5.625002346933868,5.11,6.135231016949336,4.425486608254779,-0.8106498122215271,Jake Diekman,518617
17192,Jalen Beeks,RP,L,L,PIT,31,6.0,0.6,0.3,,$0,,,,,,,Jalen Beeks,- - -,7,4,10,71,0,70.0,7.071430305559233,3.471429422729078,0.7714287606064618,0.3212669683257919,0.65922921,0.450892857,0.073170731,94.72973188920454,4.500001103537694,3.8,3.995051410052291,4.651975704152948,0.6175431907176971,Jalen Beeks,656222
7432,Jay Jackson,RP,R,R,MIN,37,2.1,-0.3,0.0,,$0,,,,,,,Jay Jackson,MIN,1,2,0,20,0,26.1,9.91139360154956,3.075949738411932,2.3924053520981694,0.3043478260869565,0.47794118,0.355263157,0.21875,92.03648639547414,7.518988249451389,4.74,5.444961066002337,3.826641971873295,-0.2708237171173095,Jay Jackson,543351
17432,Jeff Hoffman,RP,R,R,PHI,32,6.1,2.0,0.9,3.0,"$30,000,000","$10,000,000",,TOR,3.0,"$33,000,000","$11,000,000",Jeff Hoffman,PHI,3,3,10,68,0,66.1,12.075377810329863,2.1708544378121104,0.8140704141795414,0.2781456953642384,0.80204778,0.375796178,0.09375,96.85885847107438,2.1708544378121104,2.87,2.5182385225542343,2.801181328141988,2.04223370552063,Jeff Hoffman,656546
5448,Jesse Chavez,RP,R,R,ATL,41,14.0,-0.2,0.0,,$0,,,,,,,Jesse Chavez,ATL,2,2,0,46,0,63.1,7.815790572126971,2.7000003794620446,1.4210528312958128,0.2793296089385474,0.8030303,0.430851063,0.158730158,,3.126316228850788,4.25,4.42963785055274,3.881056661748712,-0.2028412818908691,Jesse Chavez,445926
9761,Joe Kelly,RP,R,R,LAD,37,12.0,0.0,0.5,1.0,"$5,000,000","$5,000,000",,,,,,Joe Kelly,LAD,1,1,0,35,0,32.0,9.843751173466584,4.500000536441867,1.1250001341104667,0.3253012048192771,0.7112069,0.470588235,0.148148148,98.16278839111328,4.781250569969484,5.11,4.572729945927879,4.223486997044574,-0.0474034771323204,Joe Kelly,523260
11487,Joely Rodríguez,RP,L,L,BOS,33,4.1,-0.1,0.0,,$0,,,,,,,Joely Rodríguez,BOS,0,1,0,14,0,13.2,7.902441046339163,1.317073507723194,1.9756102615847908,0.3478260869565217,0.50561798,0.591836734,0.333333333,,5.926830784754372,4.87,4.922577788587387,3.064631629498595,-0.1086508780717849,Joely Rodriguez,570257
12777,John Brebbia,RP,L,R,ATL,35,7.1,0.1,0.3,,$0,,,,,,,John Brebbia,- - -,0,6,2,59,0,55.1,10.89759249008216,3.090362049426284,1.789156975983638,0.3169014084507042,0.67092652,0.296052631,0.159420289,94.00000919358004,5.855422830491906,4.87,4.5219017297925514,3.823020509471792,0.1387163959443569,John Brebbia,605154
19753,Jonathan Loáisiga,RP,R,R,NYY,30,6.0,0.1,0.4,1.0,"$3,000,000","$3,000,000",,NYY,1.0,"$5,000,000","$5,000,000",Jonathan Loáisiga,NYY,1,0,0,3,0,4.0,6.75,2.25,0.0,0.4375,1.0,0.5625,0.0,98.49819946289062,0.0,4.28,2.416479778289795,3.1724839814007284,0.1487207859754562,Jonathan Loaisiga,642528
16122,Jordan Romano,RP,R,R,TOR,32,5.1,-0.3,0.3,,$0,,,PHI,1.0,"$8,500,000","$8,500,000",Jordan Romano,TOR,1,2,8,15,0,13.2,8.560976605412623,2.6341466478192688,2.6341466478192688,0.3,0.71428571,0.279069767,0.222222222,96.5783999544903,6.5853666195481715,7.6,6.166480127195074,4.353027573262517,-0.308636724948883,Jordan Romano,605447
14527,Jorge López,RP,R,R,CHC,32,6.1,0.2,0.2,,$0,,,WSN,1.0,"$3,000,000","$3,000,000",Jorge López,- - -,2,3,4,52,0,53.0,8.49056725996014,3.2264155587848533,1.0188680711952167,0.2857142857142857,0.81911263,0.51048951,0.115384615,95.84607015520136,2.886792868386447,3.59,3.940064795308386,3.951846629523958,0.1961595043540001,Jorge Lopez,605347
6399,José Cisnero,RP,R,R,LAA,36,6.2,-0.2,0.1,,$0,,,,,,,José Cisnero,LAA,0,0,0,15,0,15.2,9.76595962657433,4.595745706623215,2.2978728533116075,0.3255813953488372,0.58035714,0.413043478,0.222222222,95.58019649621212,6.893618559934822,6.17,6.2303102493719384,4.648362107684371,-0.2397737205028534,Jose Cisnero,542585
14524,José Leclerc,RP,R,R,TEX,31,8.0,0.8,0.2,2.0,"$12,000,000","$6,000,000",,ATH,1.0,"$10,000,000","$10,000,000",José Leclerc,TEX,6,5,1,64,0,66.2,12.015001833343783,4.320000659179788,0.9450001441955788,0.3141025641025641,0.71776156,0.352201257,0.102941176,95.58239483890216,4.320000659179788,3.59,3.481479826354988,3.658728427747282,0.8326812982559204,Jose Leclerc,600917
18335,Josh Staumont,RP,R,R,MIN,31,5.0,0.2,0.0,,$0,,,,,,,Josh Staumont,MIN,1,0,0,25,0,24.1,6.657535116317843,5.178082868247211,0.0,0.2463768115942029,0.625,0.470588235,0.0,94.06817267922794,3.698630620176579,4.37,3.536342840307453,5.027638997431875,0.2173513174057006,Josh Staumont,622251
13767,JT Chargois,RP,S,R,SEA,34,5.1,-0.2,0.1,,$0,,,,,,,JT Chargois,- - -,3,1,0,36,0,36.1,7.431194090941806,3.2201841060747824,1.486238818188361,0.1894736842105263,0.98039216,0.366336633,0.136363636,94.80777316623264,2.2293582272825416,4.4,4.900425066176217,4.584692066148183,-0.195239782333374,JT Chargois,608638
4301,Justin Wilson,RP,L,L,CIN,37,12.0,0.2,0.5,,$0,,,BOS,1.0,"$2,250,000","$2,250,000",Justin Wilson,CIN,1,5,2,60,0,46.2,9.83571642973032,2.5071434036567477,1.9285718489667292,0.3383458646616541,0.71428571,0.382978723,0.158730158,95.62091796875,5.592858362003514,4.25,4.730765833562809,3.9862627339592462,0.1507659405469894,Justin Wilson,458677
3096,Kenley Jansen,RP,S,R,BOS,37,14.1,1.4,0.4,1.0,"$12,000,000","$12,000,000",,,,,,Kenley Jansen,BOS,4,2,27,54,0,54.2,10.207317548022273,3.2926830800071847,0.658536616001437,0.2595419847328244,0.73033708,0.305970149,0.055555555,,3.2926830800071847,3.24,3.001845624289436,4.042051866241064,1.42104971408844,Kenley Jansen,445276
9073,Kirby Yates,RP,L,R,TEX,38,10.0,1.9,0.4,1.0,"$9,000,000","$9,000,000",,,,,,Kirby Yates,TEX,7,2,33,61,0,61.2,12.405406684401918,4.086486907802985,0.4378378829788912,0.1680672268907563,0.88114754,0.454545454,0.058823529,93.3921148838141,1.16756768794371,1.86,2.5016148448774045,3.1196542932023377,1.9192548990249632,Kirby Yates,489446
15009,Kyle Finnegan,RP,R,R,WSN,33,5.0,0.0,0.3,,$0,,,,,,,Kyle Finnegan,WSN,3,8,38,65,0,63.2,8.481676239660397,3.392670495864159,1.2722514359490595,0.2921348314606741,0.74585635,0.459459459,0.152542372,97.38644244105409,3.675393037186172,4.34,4.250249520024179,3.813733706282776,-0.0144160222262144,Kyle Finnegan,640448
13470,Lucas Sims,RP,R,R,BOS,31,6.0,-0.3,0.0,,$0,,,,,,,Lucas Sims,- - -,1,6,1,58,0,49.1,8.939191320458482,5.472974277831724,1.459459807421793,0.2619047619047619,0.79288026,0.28030303,0.111111111,94.43479322350544,4.378379422265379,4.34,5.234047838804002,5.332654725448332,-0.2909858897328377,Lucas Sims,608371
6984,Luis García,RP,R,R,BOS,38,9.0,0.3,0.3,1.0,"$3,000,000","$3,000,000",,,,,,Luis García,- - -,5,1,4,60,0,59.0,8.084746938846434,2.2881359260886134,1.2203391605805938,0.3028571428571429,0.63421829,0.50273224,0.153846153,96.44981206849565,4.881356642322375,3.56,4.047835838709113,3.617741490099073,0.2955342233181,Luis Garcia,472610
11752,Luke Jackson,RP,R,R,ATL,33,8.0,-0.1,0.2,,$0,,,,,,,Luke Jackson,- - -,4,3,0,52,0,53.0,10.018869366752964,4.415094975179273,1.1886794163944197,0.3191489361702128,0.66951567,0.506849315,0.155555555,94.95040002147766,5.094340355976084,4.08,4.24195163121808,3.808751159046885,-0.1154313459992408,Luke Jackson,592426
12863,Matt Barnes,RP,R,R,WSN,35,8.2,0.1,0.0,,$0,,,,,,,Matt Barnes,WSN,0,0,0,14,0,13.1,6.750000643730225,2.70000025749209,0.6750000643730225,0.3333333333333333,0.48387097,0.422222222,0.055555555,91.7982190860215,6.750000643730225,5.9,3.541479814052586,4.607691264133953,0.132618173956871,Matt Barnes,598264
13528,Matt Bowman,RP,R,R,BAL,34,4.1,-0.2,-0.1,,$0,,,BAL,1.0,$0,,Matt Bowman,- - -,1,0,0,25,1,30.2,7.043479515778543,3.815218071046711,1.4673915657871963,0.2386363636363636,0.76470588,0.440860215,0.142857142,93.8125991821289,4.402174697361589,4.81,5.188219268929933,4.794315749329,-0.2472821082919836,Matt Bowman,621199
1890,Matt Moore,RP,L,L,LAA,36,12.0,-0.7,0.0,,$0,,,,,,,Matt Moore,LAA,5,3,1,51,0,48.1,7.63448416457049,4.84138020192275,2.0482762392750096,0.2153846153846154,0.69767442,0.294117647,0.152777777,92.9817616637324,5.027587132765933,4.25,6.166480330763294,5.460230654108274,-0.7404576539993286,Matt Moore,519043
15684,Miguel Castro,RP,R,R,ARI,30,8.0,-0.2,0.0,,$0,,,HOU,1.0,$0,,Miguel Castro,ARI,0,0,0,11,0,13.2,5.268293663265631,1.9756101237246115,1.9756101237246115,0.3469387755102041,0.75757576,0.470588235,0.1875,,5.926830371173835,6.41,5.727455864599477,4.643953309286822,-0.1690646857023239,Miguel Castro,612434
13892,Paul Sewald,RP,R,R,ARI,35,6.1,0.3,0.2,1.0,"$6,500,000","$6,500,000",,CLE,1.0,"$7,000,000","$7,000,000",Paul Sewald,ARI,1,2,16,42,0,39.2,9.756303146509966,2.2689077084906897,1.3613446250944137,0.2815533980582524,0.73232323,0.266055045,0.098360655,91.39078083444149,4.31092464613231,3.78,3.947992433436588,4.306795299621884,0.3498042821884155,Paul Sewald,623149
18064,Phil Maton,RP,R,R,NYM,32,7.0,0.1,0.1,,$0,,,,,,,Phil Maton,- - -,3,3,3,71,0,64.0,8.43750150874284,3.3750006034971363,0.984375176019998,0.2424242424242424,0.75498575,0.467836257,0.114754098,,3.656250653788564,4.31,4.26022997386757,4.279487989491389,0.1050105690956115,Phil Maton,664208
16350,Ryan Borucki,RP,L,L,PIT,31,6.0,0.0,0.2,,$0,,,,,,,Ryan Borucki,PIT,0,0,0,14,0,11.0,10.63636548065974,3.2727278402029976,1.6363639201014988,0.3870967741935484,0.55555556,0.5,0.25,,7.363637640456744,7.32,4.530116378374378,3.266122272819605,-0.0445433147251606,Ryan Borucki,621366
16502,Ryan Yarbrough,RP,R,L,TOR,33,6.1,-0.1,0.0,,$0,,,,,,,Ryan Yarbrough,- - -,5,2,1,44,0,98.2,5.929054550723187,2.918919163432953,1.0033784624300777,0.2122302158273381,0.79107505,0.407801418,0.101851851,86.80164761673151,3.192567835004793,4.2,4.636074495990414,4.841786417330351,-0.0536867976188659,Ryan Yarbrough,642232
15947,Ryne Stanek,RP,R,R,NYM,33,7.0,0.0,0.2,,$0,,,,,,,Ryne Stanek,- - -,7,3,7,63,0,55.1,10.89759249008216,4.066265854508268,1.301205073442646,0.2898550724637681,0.67901235,0.331034482,0.114285714,97.9493357977415,4.879519025409921,3.44,4.14238358337178,4.175647236294451,-0.013597272336483,Ryne Stanek,592773
10591,Scott Alexander,RP,L,L,ATH,35,7.1,0.1,0.2,,$0,,,,,,,Scott Alexander,OAK,1,3,0,45,0,38.2,7.21551913965663,3.4913802288661113,0.6982760457732222,0.2568807339449541,0.77625571,0.6,0.111111111,,2.5603455011684817,4.02,3.890617899832396,3.9377961958991072,0.078217439353466,Scott Alexander,518397
14993,Scott Barlow,RP,R,R,CLE,32,6.0,0.0,0.2,1.0,"$4,000,000","$4,000,000",,,,,,Scott Barlow,CLE,3,3,2,63,0,55.0,11.12727581434099,5.072728680067216,0.981818454206558,0.2878787878787879,0.73654391,0.471014492,0.139534883,91.61439165609136,4.2545466348950844,4.17,4.021025469914021,3.7849592492859414,0.0384222380816936,Scott Barlow,605130
12056,Scott McGough,RP,R,R,ARI,35,1.1,-0.7,0.0,,$0,,,,,,,Scott McGough,ARI,1,3,0,26,2,32.2,6.887756241505059,5.78571524286425,1.6530614979612144,0.2886597938144329,0.54621849,0.40776699,0.142857142,93.23187859961604,7.438776740825464,5.9,6.044031274740798,5.600286907289429,-0.6562903374433517,Scott McGough,543518
16943,Sean Newcomb,RP,L,L,ATH,32,5.0,-0.2,0.0,,$0,,,BOS,1.0,$0,,Sean Newcomb,OAK,1,0,0,7,0,10.0,6.300000600814877,7.2000006866455735,1.8000001716613934,0.2592592592592592,0.72368421,0.5,0.2,93.87452294360632,6.300000600814877,5.53,7.066480150222814,5.978488452685706,-0.2261838018894195,Sean Newcomb,656794
12857,Shawn Armstrong,RP,R,R,CHC,34,6.1,0.7,0.3,,$0,,,TEX,1.0,"$1,250,000","$1,250,000",Shawn Armstrong,- - -,3,3,1,57,7,66.2,8.910000977182495,3.3750003701448845,0.8100000888347724,0.3622448979591837,0.69037657,0.358208955,0.075949367,93.50069888607486,4.860000533008634,5.11,3.571479822707181,4.193209852266809,0.6828034110367298,Shawn Armstrong,542888
10197,Shelby Miller,RP,R,R,DET,34,9.0,-0.2,0.0,,$0,,,,,,,Shelby Miller,DET,6,8,2,51,0,55.2,7.922157136317661,2.101796791267951,1.4550900862624274,0.2147651006711409,0.60344828,0.398734177,0.123287671,93.6259708737864,4.526946935038663,3.75,4.477857263439884,4.358874253448959,-0.2034377306699752,Shelby Miller,571946
13580,Steven Okert,RP,L,L,MIN,33,4.1,-0.2,0.0,,$0,,,HOU,1.0,$0,,Steven Okert,MIN,3,2,1,44,1,35.1,8.405663182578614,4.075473058219934,1.5283023968324754,0.3039215686274509,0.71428571,0.326923076,0.130434782,93.02947998046876,5.094341322774918,4.05,5.119310618686848,4.880227143224153,-0.2463739034719765,Steven Okert,595345
3237,T.J. McFarland,RP,L,L,ATH,36,9.1,0.3,0.0,,$0,,,ATH,1.0,"$1,800,000","$1,800,000",T.J. McFarland,OAK,2,4,0,79,0,56.2,6.194120426905206,2.70000121172791,0.6352944027595083,0.2865497076023391,0.67251462,0.573099415,0.1,,3.81176641655705,3.36,3.819421247792623,3.969074307582307,0.3392100036144256,T.J. McFarland,519008
17610,Tanner Rainey,RP,R,R,WSN,32,5.1,-0.2,-0.2,,$0,,,PIT,1.0,$0,,Tanner Rainey,WSN,0,0,0,50,0,51.0,7.764706463137343,5.117647441613249,1.411764811479517,0.2671232876712329,0.75581395,0.281045751,0.094117647,94.21664437875376,4.764706238743369,5.49,5.4213819077362455,5.902180267794263,-0.1968452036380767,Tanner Rainey,663432
17586,Tanner Scott,RP,R,L,SDP,30,6.1,1.6,0.8,3.0,"$36,000,000","$12,000,000",,LAD,4.0,"$72,000,000","$18,000,000",Tanner Scott,- - -,9,6,22,72,0,72.0,10.500000834465093,4.500000357627897,0.3750000298023248,0.2470588235294117,0.79691517,0.5,0.0625,97.17322716346152,1.7500001390775155,2.96,2.9164797584215782,3.3828187329641146,1.6385672092437744,Tanner Scott,656945
16814,Tim Hill,RP,R,L,NYY,35,6.1,0.5,-0.1,,$0,,,,,,,Tim Hill,- - -,4,0,0,62,0,67.0,4.164179934295527,2.5522393145682263,0.2686567699545501,0.3164556962025316,0.69327731,0.682203389,0.054054054,90.76869309793308,3.358209624431877,3.56,3.5694649332216204,4.016395037659975,0.4949994683265686,Tim Hill,657612
15042,Tim Mayza,RP,L,L,NYY,33,5.1,-0.1,0.1,,$0,,,,,,,Tim Mayza,- - -,0,2,0,50,0,42.2,5.9062514081600686,3.1640632543714653,1.054687751457155,0.3356164383561644,0.57142857,0.452702702,0.104166666,,6.328126508742931,5.24,4.502417596802191,4.679989596138255,-0.1480118185281753,Tim Mayza,641835
11384,Tommy Kahnle,RP,R,R,NYY,35,9.1,0.1,0.2,,$0,,,,,,,Tommy Kahnle,NYY,0,2,1,50,0,42.2,9.703127313405828,4.00781345553719,1.054687751457155,0.2336448598130841,0.79545455,0.585585585,0.166666666,94.03273122902684,2.10937550291431,3.34,4.010229979455519,3.5499232803346,0.0782908573746681,Tommy Kahnle,592454
19309,Trevor Richards,RP,R,R,MIN,32,6.1,0.1,0.0,,$0,,,,,,,Trevor Richards,- - -,2,2,1,55,2,65.1,8.540817490124653,4.821429228296175,0.9642858456592348,0.2163742690058479,0.63202247,0.352272727,0.081395348,92.35656449225866,4.545918986679251,3.62,4.360357491963134,4.957797210119272,0.0781789664179086,Trevor Richards,670950
10058,Tyler Matzek,RP,L,L,ATL,34,6.0,-0.2,-0.1,,$0,,,,,,,Tyler Matzek,ATL,0,0,0,11,0,10.0,9.000001716614097,2.700000514984229,2.700000514984229,0.40625,0.54054054,0.314285714,0.23076923,93.89904477415966,9.900001888275506,7.74,5.966480312347514,4.0320908714804355,-0.1864071041345596,Tyler Matzek,554431
8048,Will Smith,RP,R,L,KCR,35,11.2,-0.4,-0.1,1.0,"$3,000,000","$3,000,000",,,,,,Will Smith,KCR,0,4,1,45,0,41.1,6.31451690606356,3.266129434170807,1.5241937359463766,0.2878787878787879,0.60150376,0.306569343,0.109375,91.34497568558672,6.532258868341614,5.49,5.271318746977649,5.410880167333589,-0.3708008527755737,Will Smith,519293
15068,Yency Almonte,RP,R,R,CHC,31,5.1,0.2,0.0,,$0,,,,,,,Yency Almonte,CHC,1,0,1,17,0,15.2,11.48936356716782,4.595745426867128,0.574468178358391,0.2222222222222222,0.68181818,0.432432432,0.071428571,94.41108842329544,3.446809070150346,3.31,3.3579691710759256,3.879338469779127,0.2111313492059707,Yency Almonte,622075
12095,Yimi García,RP,R,R,SEA,34,9.1,0.4,0.6,1.0,"$5,000,000","$5,000,000",,TOR,2.0,"$15,000,000","$7,500,000",Yimi García,- - -,3,0,5,39,0,39.0,11.307694519765713,2.7692313109630313,1.3846156554815157,0.2023809523809523,0.76923077,0.272727272,0.122448979,96.56106770833334,3.461539138703789,3.01,3.730582452745228,3.630285302480226,0.391343206167221,Yimi Garcia,554340
12718,Adrian Houser,SP,R,R,NYM,32,5.1,-0.1,0.0,,$0,,,TEX,1.0,$0,,Adrian Houser,NYM,1,5,1,23,7,69.1,5.841346582364785,4.153846458570514,1.0384616146426284,0.3,0.62753036,0.484581497,0.103896103,93.81407020970394,5.841346582364785,5.24,4.926095291989805,5.105296948584282,-0.14504474401474,Adrian Houser,605288
6562,Alex Cobb,SP,R,R,CLE,37,13.1,0.3,1.9,1.0,"$10,000,000","$10,000,000",,DET,1.0,"$15,000,000","$15,000,000",Alex Cobb,CLE,2,1,0,3,3,16.1,5.510204510607389,1.653061353182217,0.5510204510607389,0.2708333333333333,0.64102564,0.612244897,0.076923076,94.55390167236328,2.7551022553036946,5.01,3.288928767414404,3.696445693888006,0.2736488580703735,Alex Cobb,502171
13781,Alex Wood,SP,R,L,ATH,34,11.1,-0.1,0.7,,$0,,,,,,,Alex Wood,OAK,1,3,0,9,9,39.1,7.5508477017304925,4.347457767663011,1.372881400314635,0.3658536585365853,0.72072072,0.368,0.127659574,,5.262712034539434,6.66,5.3020730676681165,5.125744123639656,-0.0640039220452308,Alex Wood,622072
15423,Andrew Heaney,SP,L,L,TEX,34,9.2,2.2,1.6,2.0,"$25,000,000","$12,500,000",,,,,,Andrew Heaney,TEX,5,14,0,32,31,160.0,8.943750586397984,2.306250151209543,1.2937500848248658,0.296943231441048,0.71190211,0.335429769,0.108490566,91.81237906889358,4.27500028029086,4.46,4.04147983565927,4.176140982732315,2.2365866359323263,Andrew Heaney,571760
13543,Blake Snell,SP,L,L,SFG,32,8.1,3.1,3.4,4.0,"$120,000,000","$30,000,000",,LAD,5.0,"$182,000,000","$31,357,257",Blake Snell,SFG,5,3,0,20,20,104.0,12.548076923076923,3.807692307692307,0.5192307692307693,0.2657657657657657,0.70866142,0.420353982,0.065217391,96.10436625608271,3.1153846153846154,2.57,2.4260951629051797,3.013641060716831,3.065009117126465,Blake Snell,605483
19990,Bryse Wilson,SP,R,R,MIL,27,4.0,-0.2,0.2,,$0,,,CHW,1.0,"$1,050,000","$1,050,000",Bryse Wilson,MIL,5,4,0,34,9,104.2,7.050955842313089,2.665605257459826,1.7197453273934362,0.2688524590163934,0.80733945,0.377708978,0.143884892,93.647109375,4.041401519374575,5.35,5.0868620605457995,4.610771284475122,-0.224974974989891,Bryse Wilson,669060
19312,Cal Quantrill,SP,L,R,COL,30,5.1,0.5,0.7,,$0,,,,,,,Cal Quantrill,COL,8,11,0,29,29,148.1,6.6741575322237345,4.186516997485797,1.3955056658285991,0.3002257336343115,0.75073602,0.443722943,0.149350649,94.232314453125,4.975281069475875,5.31,5.31704164978411,4.8710818225249986,0.4957175552845001,Cal Quantrill,615698
6632,Carlos Carrasco,SP,R,R,CLE,38,13.1,0.1,0.0,,$0,,,,,,,Carlos Carrasco,CLE,3,10,0,21,21,103.2,7.72668829244358,2.864951838771215,1.649517725353124,0.3089700996677741,0.66450567,0.465408805,0.169642857,91.7931534426714,5.6430869551554235,4.71,4.931753133492261,4.182668949490616,0.1267712563276291,Carlos Carrasco,471911
4676,Charlie Morton,SP,R,R,ATL,41,16.0,1.1,1.4,1.0,"$14,000,000","$14,000,000",,BAL,1.0,"$15,000,000","$15,000,000",Charlie Morton,ATL,8,10,0,30,30,165.1,9.09072608611587,3.538306560464261,1.2520161675488923,0.3060747663551402,0.7421875,0.46325167,0.157534246,94.2796291076031,4.1915323870115095,4.49,4.4608346568186015,3.987567871947028,1.1023703813552856,Charlie Morton,450203
13896,Chris Flexen,SP,R,R,CHW,30,4.1,1.3,0.5,,$0,,,,,,,Chris Flexen,CHW,3,15,0,33,30,160.0,6.91875024743379,3.5437501267343805,1.350000048279764,0.3151515151515151,0.70955535,0.356031128,0.103896103,91.43145376352165,4.950000177025801,4.71,4.797729836627844,5.03069198144204,1.3469198346138,Chris Flexen,623167
13649,Clay Holmes,SP,R,R,NYY,32,6.0,1.2,1.9,2.0,"$20,000,000","$10,000,000",,NYM,3.0,"$38,000,000","$12,666,667",Clay Holmes,NYY,3,5,30,67,0,63.0,9.7142874789079,3.1428577137643203,0.5714286752298764,0.3218390804597701,0.70528967,0.649717514,0.117647058,97.45304870605467,3.1428577137643203,3.29,3.023622609482326,3.014230319070536,1.1951483488082886,Clay Holmes,605280
2036,Clayton Kershaw,SP,L,L,LAD,37,16.1,0.6,1.8,,$0,,,,,,,Clayton Kershaw,LAD,2,2,0,7,7,30.0,7.200000457763701,2.700000171661388,0.6000000381469751,0.3541666666666667,0.63348416,0.385416666,0.06060606,89.80517850907822,4.500000286102313,4.59,3.533146468268502,4.329689099088705,0.6394903063774109,Clayton Kershaw,477132
12317,Colin Rea,SP,R,R,MIL,34,5.1,0.9,0.7,,$0,,,CHC,1.0,"$5,000,000","$5,000,000",Colin Rea,MIL,12,6,1,32,27,167.2,7.2465211495356305,2.308151180963201,1.5566600987891357,0.2816901408450704,0.7662624,0.38771593,0.136792452,93.0369091892429,4.294234755280374,4.91,4.752960951768378,4.416255862175867,0.8552122116088867,Colin Rea,607067
19361,Corbin Burnes,SP,R,R,BAL,30,6.0,3.7,3.6,6.0,"$180,000,000","$30,000,000","$21,050,000",ARI,6.0,"$210,000,000","$33,041,322",Corbin Burnes,BAL,15,9,0,32,32,194.1,8.38250450755895,2.2229846207891137,1.0188679511950105,0.2693032015065913,0.75461455,0.481751824,0.116402116,,2.917667314785712,3.34,3.547268810554597,3.5460831610000634,3.73838472366333,Corbin Burnes,669203
19206,Dakota Hudson,SP,R,R,COL,30,5.1,0.0,0.0,,$0,,,LAA,1.0,$0,,Dakota Hudson,COL,2,12,0,18,18,89.0,4.955056604540244,5.056180208714535,1.1123596459171978,0.3044982698961938,0.63492063,0.523489932,0.125,90.18636976522842,6.168539854631733,6.01,5.526030542356578,5.414308507470654,0.004712491761893,Dakota Hudson,641712
14309,Frankie Montas,SP,R,R,MIL,32,7.0,1.4,1.8,2.0,"$26,000,000","$13,000,000",,NYM,2.0,"$34,000,000","$17,000,000",Frankie Montas,- - -,7,11,0,30,30,150.2,8.840708337661791,3.942478042470799,1.4336283790802904,0.2822384428223844,0.68946188,0.41588785,0.148148148,95.75308814010356,4.838495779395981,4.71,4.7063028521167745,4.261249924982076,1.3650277256965635,Frankie Montas,593423
19867,Griffin Canning,SP,R,R,LAA,29,5.1,0.2,0.5,,$0,,,NYM,1.0,"$4,250,000","$4,250,000",Griffin Canning,LAA,6,13,0,32,31,171.2,6.815534384453598,3.460194379799519,1.6252428147543196,0.2826086956521739,0.69595262,0.407129455,0.148325358,93.70315031828704,5.190291569699278,4.74,5.257742038134959,4.751002727914869,0.2112267892807722,Griffin Canning,656288
17479,Jack Flaherty,SP,R,R,LAD,29,7.0,3.2,2.6,4.0,"$88,000,000","$22,000,000",,,,,,Jack Flaherty,- - -,13,7,0,28,28,162.0,10.777778031567657,2.1111111608225306,1.3333333647300194,0.2853470437017995,0.80892608,0.395121951,0.154838709,93.40228853798588,3.166666741233796,3.54,3.4751217608661884,2.9958705333118116,3.215585768222809,Jack Flaherty,656427
13619,Jakob Junis,SP,R,R,CIN,32,7.0,0.9,0.9,1.0,"$6,000,000","$6,000,000",,,,,,Jakob Junis,- - -,4,0,1,24,6,67.0,6.850746561196166,1.074626911560183,1.074626911560183,0.2240437158469945,0.77868852,0.387434554,0.103896103,92.6155020672342,2.686567278900457,3.8,3.6888678602982177,3.874310364919695,0.8681721091270447,Jakob Junis,596001
12972,Joe Ross,SP,R,R,MIL,32,7.0,0.9,0.4,,$0,,,PHI,1.0,"$4,000,000","$4,000,000",Joe Ross,MIL,3,6,0,25,10,74.0,8.027027233923505,3.5270271179360857,0.8513513732949173,0.2981651376146789,0.72668113,0.409909909,0.075268817,94.78997171336206,3.7702703674489193,3.91,3.8286419575191752,4.49913902586384,0.909822404384613,Joe Ross,605452
19320,Joey Lucchesi,SP,L,L,NYM,32,4.1,0.0,0.0,,$0,,,SFG,1.0,$0,,Joey Lucchesi,NYM,0,2,0,2,2,10.1,6.096774381107649,6.9677421498373135,0.8709677687296642,0.2333333333333333,0.68493151,0.448275862,0.083333333,90.03147919323979,5.225806612377985,6.05,5.392286298376715,5.890102527368384,-0.039820272475481,Joey Lucchesi,664192
16269,John Means,SP,L,L,BAL,32,6.0,0.5,0.0,1.0,"$8,000,000","$8,000,000",,,,,,John Means,BAL,2,0,0,4,4,20.2,6.9677421498373135,0.8709677687296642,0.8709677687296642,0.2372881355932203,0.80246914,0.183333333,0.058823529,90.576806640625,2.6129033061889926,4.68,3.3116410730780723,4.541074295329494,0.4708137512207031,John Means,607644
7593,Jordan Lyles,SP,R,R,KCR,34,12.0,0.0,0.0,,$0,,,,,,,Jordan Lyles,KCR,0,0,0,5,0,5.0,5.4,3.6,0.0,0.1428571428571428,1.0,0.428571428,0.0,90.8121980365954,0.0,4.28,3.166479778289795,5.585693228244782,0.0413466729223728,Jordan Lyles,543475
11423,Jose Quintana,SP,R,L,NYM,36,12.1,1.0,1.4,2.0,"$24,000,000","$12,000,000",,,,,,Jose Quintana,NYM,10,10,0,31,31,170.1,7.133072620043151,3.328767222686804,1.1624266491922173,0.2633744855967078,0.7815735,0.474,0.125714285,90.80221940313506,3.751467822393065,4.52,4.563740093985491,4.438112718935702,1.0495022535324097,Jose Quintana,500779
11589,José Ureña,SP,R,R,TEX,33,8.0,0.1,0.0,,$0,,,,,,,José Ureña,TEX,5,8,1,33,9,109.0,5.779817120594108,3.2201838243310026,1.0733946081103345,0.2729970326409495,0.74730354,0.501440922,0.117117117,96.55922564338236,3.7981655363904134,4.43,4.616021214883237,4.605314177893282,0.0846360400319099,Jose Urena,570632
8700,Justin Verlander,SP,R,R,HOU,42,19.0,0.7,1.4,1.0,"$15,000,000","$15,000,000",,SFG,1.0,"$15,000,000","$15,000,000",Justin Verlander,HOU,5,6,0,17,17,90.1,7.37269414206046,2.6900370518328707,1.4944650287960393,0.3029197080291971,0.68181818,0.282229965,0.1,93.69962004226268,5.479705105585477,3.78,4.782716031654401,5.134759530442583,0.6521748304367065,Justin Verlander,434378
10123,Kyle Gibson,SP,R,R,STL,37,11.0,1.5,1.7,1.0,"$10,000,000","$10,000,000",,,,,,Kyle Gibson,STL,8,8,0,30,30,169.2,8.00982366294778,3.607072907817543,1.220039365879463,0.2899159663865546,0.70717131,0.447580645,0.13372093,91.61108265027322,4.243615185667697,4.87,4.421882604049823,4.192405846893454,1.460535764694214,Kyle Gibson,502043
12049,Kyle Hendricks,SP,R,R,CHC,35,10.1,0.4,0.9,,$0,,,LAA,1.0,"$2,500,000","$2,500,000",Kyle Hendricks,CHC,4,12,0,29,24,130.2,5.992347230344268,2.9617348379862474,1.446428641807237,0.3050847457627119,0.64180929,0.445475638,0.142857142,87.98416612413195,5.923469675972495,4.81,4.98025537674649,4.591979100568073,0.3651241585612297,Kyle Hendricks,543294
2520,Lance Lynn,SP,S,R,STL,38,13.1,1.3,1.6,1.0,"$8,000,000","$8,000,000",,,,,,Lance Lynn,STL,7,4,0,23,23,117.1,8.360795816976193,3.375000146302316,1.2272727804735697,0.2869822485207101,0.6998557,0.362857142,0.111111111,92.49589554704016,3.835227438979905,4.94,4.308525282341589,4.391444693571976,1.332106351852417,Lance Lynn,458681
15890,Luis Severino,SP,R,R,NYM,31,8.2,2.1,1.6,3.0,"$48,000,000","$16,000,000","$21,050,000",ATH,3.0,"$67,000,000","$22,333,333",Luis Severino,NYM,11,7,0,31,31,182.0,7.961538461538462,2.967032967032967,1.137362637362637,0.2826086956521739,0.73730469,0.459615384,0.122994652,96.34099673000988,3.9065934065934065,3.88,4.210435822245839,4.121125778089185,2.102358341217041,Luis Severino,622663
15467,Marco Gonzales,SP,L,L,PIT,33,7.1,0.2,0.0,,$0,,,,,,,Marco Gonzales,PIT,1,1,0,7,7,33.2,6.14851531593514,2.940594281534197,1.336633764333726,0.3392857142857143,0.78723404,0.403508771,0.111111111,89.72219094669117,4.544554798734668,6.53,4.7110343504087675,4.801342622972623,0.2250625044107437,Marco Gonzales,594835
6902,Martín Pérez,SP,L,L,SDP,34,12.0,0.5,1.0,1.0,"$7,000,000","$7,000,000",,CHW,1.0,"$5,000,000","$5,000,000",Martín Pérez,- - -,5,6,0,26,26,135.0,7.133333534900059,3.266666758972924,1.4666667081102924,0.3169533169533169,0.76923077,0.443661971,0.144736842,91.48380100980718,4.533333461431813,5.38,4.899813160601958,4.483704095108578,0.5275453180074692,Martin Perez,527048
15440,Matthew Boyd,SP,L,L,CLE,34,8.1,0.9,1.7,2.0,"$18,000,000","$9,000,000",,CHC,2.0,"$29,000,000","$14,500,000",Matthew Boyd,CLE,2,2,0,8,8,39.2,10.436975459057171,2.9495800210378964,0.907563083396276,0.2772277227722772,0.74879227,0.314285714,0.08,92.13120626206565,2.7226892501888273,3.1,3.292530206539278,3.887498823955499,0.8901236653327942,Matthew Boyd,571510
13743,Max Fried,SP,L,L,ATL,31,6.1,3.4,3.3,5.0,"$125,000,000","$25,000,000","$21,050,000",NYY,8.0,"$218,000,000","$27,250,000",Max Fried,ATL,11,10,0,29,29,174.1,8.569789924980146,2.94263870917993,0.6711281266550717,0.2823779193205945,0.72471324,0.587866108,0.117117117,94.2176310741688,3.2523901522515013,3.72,3.3328277754948985,3.326133318840467,3.3533143997192383,Max Fried,608331
3137,Max Scherzer,SP,R,R,TEX,40,16.1,0.6,2.1,1.0,"$18,000,000","$18,000,000",,,,,,Max Scherzer,TEX,2,4,0,9,9,43.1,8.307692551471785,2.0769231378679462,1.4538461965075624,0.2773109243697479,0.75242718,0.319672131,0.125,92.62486713435374,3.946153961949098,3.86,4.18186442346968,4.03584451337931,0.6229895353317261,Max Scherzer,453286
14843,Michael Lorenzen,SP,R,R,KCR,33,9.2,0.7,0.9,1.0,"$5,500,000","$5,500,000",,KCR,1.0,"$7,000,000","$7,000,000",Michael Lorenzen,- - -,7,6,0,26,24,130.1,6.698209980067962,4.1432226680832756,1.1739130892902614,0.2359550561797752,0.82402235,0.418230563,0.112582781,93.97086190328903,3.3145781344666205,4.59,4.892822556657826,4.9489345998156455,0.728718776255846,Michael Lorenzen,547179
18383,Michael Soroka,SP,R,R,CHW,27,6.0,0.4,0.9,,$0,,,WSN,1.0,"$9,000,000","$9,000,000",Michael Soroka,CHW,0,10,0,25,9,79.2,9.489540506270382,4.970711693760676,1.4686193640656542,0.2610837438423645,0.67510549,0.402843601,0.144444444,93.54206939436432,4.744770253135191,4.59,4.9489066987797345,4.53569440504963,0.3851951658725738,Michael Soroka,647336
14078,Michael Wacha,SP,R,R,KCR,33,11.1,3.3,2.1,3.0,"$54,000,000","$18,000,000",,KCR,3.0,"$51,000,000","$17,000,000",Michael Wacha,KCR,13,8,0,29,29,166.2,7.830000477905303,2.4300001483154388,0.9180000560302768,0.2896405919661733,0.77136515,0.385892116,0.085,93.75292179927304,3.348000204345716,4.05,3.652479807952883,4.1408899252293105,3.3447632789611816,Michael Wacha,608379
12808,Mike Clevinger,SP,R,R,CHW,34,8.0,-0.1,0.0,,$0,,,,,,,Mike Clevinger,CHW,0,3,0,4,4,16.0,8.437501005828501,5.0625006034971,2.2500002682209335,0.36,0.70866142,0.339622641,0.16,93.55582819065124,6.7500008046628,7.18,6.228980143368288,5.341493172293263,-0.1159675568342208,Mike Clevinger,605182
9132,Nathan Eovaldi,SP,R,R,TEX,35,13.0,2.7,2.9,3.0,"$60,000,000","$20,000,000",,TEX,3.0,"$75,000,000","$25,000,000",Nathan Eovaldi,TEX,12,8,0,29,29,170.2,8.753906771773504,2.214843882014983,1.212890697293919,0.2707423580786026,0.74481074,0.483263598,0.146496815,95.63152639314929,3.796875226311399,3.91,3.8344485681038374,3.473425029652539,2.69415283203125,Nathan Eovaldi,543135
12730,Nick Martinez,SP,L,R,CIN,34,6.0,3.5,1.8,2.0,"$32,000,000","$16,000,000","$21,050,000",CIN,1.0,"$21,050,000","$21,050,000",Nick Martinez,CIN,10,7,0,42,16,142.1,7.334894875694646,1.1381733427802037,0.8220140808968137,0.2751196172248804,0.71536145,0.369411764,0.073863636,92.7943915005388,3.098360766457221,3.19,3.2086343465409137,3.890930479787186,3.4652782678604126,Nick Martinez,607259
15454,Nick Pivetta,SP,R,R,BOS,32,6.2,2.0,2.5,3.0,"$45,000,000","$15,000,000","$21,050,000",,,,,Nick Pivetta,BOS,6,12,0,27,26,145.2,10.627003030458573,2.2242564482355145,1.7299772375165114,0.2793296089385474,0.75516693,0.335064935,0.150537634,94.05257329686154,4.139588389771652,3.51,4.06579334223687,3.4976026633627244,2.027095228433609,Nick Pivetta,601713
9323,Patrick Corbin,SP,L,L,WSN,35,12.1,1.7,1.0,,$0,,,,,,,Patrick Corbin,WSN,6,13,0,32,32,174.2,7.1622141575828815,2.782442910140112,1.2881680139537557,0.3370165745856354,0.65652174,0.46332737,0.136612021,91.37990046121988,5.616412540838375,5.53,4.414571454031656,4.138030626887474,1.7494186162948608,Patrick Corbin,571578
19447,Patrick Sandoval,SP,L,L,LAA,28,4.1,1.2,0.2,,$0,,,BOS,2.0,"$18,250,000","$9,125,000",Patrick Sandoval,LAA,2,8,0,16,16,79.2,9.150627907170504,3.953975021616885,0.9037657192267164,0.3407079646017699,0.66189624,0.45021645,0.102564102,93.99777631222943,5.08368217065028,4.25,3.8694086710216857,4.044345777258426,1.2468241453170776,Patrick Sandoval,663776
13273,Ross Stripling,SP,R,R,ATH,35,8.1,1.1,0.6,,$0,,,,,,,Ross Stripling,OAK,2,11,0,22,14,85.1,5.167969173548079,2.3203126901644437,0.7382813105068685,0.3377483443708609,0.54828151,0.392156862,0.064814814,91.96107332883692,6.011719242698786,4.74,3.893042337836237,4.740271796396652,1.1038912683725357,Ross Stripling,548389
15873,Sean Manaea,SP,R,L,NYM,33,8.2,2.8,2.0,3.0,"$60,000,000","$20,000,000","$21,050,000",NYM,3.0,"$75,000,000","$22,009,731",Sean Manaea,NYM,12,6,0,32,32,181.2,9.115596840708143,3.1211010921989844,1.0403670307329949,0.2451193058568329,0.74178935,0.37605042,0.102439024,92.2266050054407,3.4678901024433157,3.75,3.832534861457479,4.035993900054773,2.7768120765686035,Sean Manaea,640455
19427,Shane Bieber,SP,R,R,CLE,30,6.1,0.8,1.5,2.0,"$40,000,000","$20,000,000",,CLE,2.0,"$26,000,000","$13,000,000",Shane Bieber,CLE,2,0,0,2,2,12.0,15.0,0.75,0.0,0.4166666666666667,1.0,0.5,0.0,92.47847316576087,0.0,2.76,0.083146444956462,0.5871492470304176,0.7689601182937622,Shane Bieber,669456
16207,Spencer Turnbull,SP,R,R,PHI,32,6.0,0.7,1.1,1.0,"$5,000,000","$5,000,000",,,,,,Spencer Turnbull,PHI,3,0,0,17,7,54.1,9.607362188031768,3.3128835131144028,0.9938650539343208,0.2330827067669172,0.83955224,0.474820143,0.12,,2.6503068104915224,4.05,3.8474613893188674,3.8032973449311833,0.6672454103827477,Spencer Turnbull,605513
16977,Trevor Williams,SP,R,R,WSN,33,8.0,2.0,0.7,2.0,"$18,000,000","$9,000,000",,WSN,2.0,"$14,000,000","$7,000,000",Trevor Williams,WSN,6,1,0,13,13,66.2,7.965000303840648,2.430000092697147,0.4050000154495245,0.2666666666666666,0.80246914,0.453551912,0.042253521,89.18989839702073,2.0250000772476224,3.17,2.79147976398468,3.816768755722639,1.9799165725708008,Trevor Williams,592866
17735,Tyler Alexander,SP,R,L,TBR,30,5.0,-0.6,0.3,,$0,,,,,,,Tyler Alexander,TBR,6,5,0,23,9,107.2,7.523220258495476,2.006192068932127,1.9226007327266217,0.2779552715654952,0.73033708,0.312121212,0.138554216,89.79818543002136,5.099071508535823,4.68,5.079792584771361,4.633910782275909,-0.5693275034427643,Tyler Alexander,641302
8779,Wade Miley,SP,L,L,MIL,38,13.0,-0.1,0.0,,$0,,,,,,,Wade Miley,MIL,0,1,0,2,2,7.0,2.5714285714285716,5.142857142857143,1.2857142857142858,0.2272727272727272,0.625,0.523809523,0.166666666,90.38611328125,6.428571428571429,8.65,6.595051206861223,6.033915555051395,-0.1088353246450424,Wade Miley,489119
19374,Walker Buehler,SP,R,R,LAD,30,6.2,-0.2,1.4,1.0,"$15,000,000","$15,000,000",,BOS,1.0,"$21,050,000","$21,050,000",Walker Buehler,LAD,1,6,0,16,16,75.1,7.646018215349465,3.345132969215391,1.9115045538373665,0.316017316017316,0.70281124,0.454545454,0.188235294,95.01657104492188,5.376106557667593,4.78,5.542586133407077,4.487551299283281,-0.1605443060398101,Walker Buehler,621111
20633,Yusei Kikuchi,SP,L,L,HOU,34,6.0,3.5,3.0,3.0,"$54,000,000","$18,000,000",,LAA,3.0,"$63,000,000","$21,000,000",Yusei Kikuchi,- - -,9,10,0,32,32,175.2,10.554080078374009,2.254269531303186,1.2808349609677194,0.3093681917211329,0.71910112,0.425887265,0.135135135,95.57594159388648,4.047438476657994,3.7,3.456802369442478,3.1990503021500785,3.5434828996658325,Yusei Kikuchi,579328
