playerid,Name_x,Team,W,L,SV,G,GS,IP,K/9,BB/9,HR/9,BABIP,LOB%,GB%,HR/FB,ERA,xERA,FIP,xFIP,WAR,FA% (pi),vFA (pi),wFA (pi),FC% (pi),vFC (pi),wFC (pi),SI% (pi),vSI (pi),wSI (pi),CH% (pi),vCH (pi),wCH (pi),SL% (pi),vSL (pi),wSL (pi),CU% (pi),vCU (pi),wCU (pi),CS% (pi),vCS (pi),wCS (pi),FS% (pi),vFS (pi),wFS (pi),KN% (pi),vKN (pi),wKN (pi),SB% (pi),vSB (pi),wSB (pi),XX% (pi),Stf+ CH,Stf+ CU,Stf+ FA,Stf+ SI,Stf+ SL,Stf+ KC,Stf+ FC,Stf+ FS,Stuff+,Location+,Pitching+,Stf+ FO,Name_y,Pos,Bats,Thr,Prev Team,Age,Service Time,2024 WAR,Proj WAR,Med Years,Med Total,Med AAV,QO,Signing Team,Years,Total Salary,AAV
1247,Adam Ottavino,NYM,2,2,1,60,0,56,11.2500023,3.696429327,0.964285911,0.309352518,0.7082153,0.433566433,0.1,4.339286601,3.19,3.66647988,3.893631791,0.457903206,0.10069791,93.21128558,2.544175614,0.110668,87.85364759,-2.938132796,0.33599202,92.30176651,3.260813426,0.05084746,87.49235983,-0.835847493,0.39680957,79.20868993,-1.220795885,0.00498504,77.57615967,-0.323109709,,,,,,,,,,,,,,71.148,,73.93863636,100.3837349,116.2175573,,83.92,,103.5111223,99.79787664,100.9784631,,Adam Ottavino,RP,S,R,NYM,39,13.087,0.457903206,0.226590648,,0,,,,,,
1890,Matt Moore,LAA,5,3,1,51,0,48.1,7.634484165,4.841380202,2.048276239,0.215384615,0.69767442,0.294117647,0.152777777,5.027587133,4.25,6.166480331,5.460230654,-0.740457654,0.50117647,92.98176166,4.314016346,0.00705882,88.70566813,-1.987260312,,,,0.31529412,83.01421846,-4.85016476,,,,0.17647059,82.34133464,-0.530906789,,,,,,,,,,,,,,152.4533582,,82.00492958,,,115.4053333,,,110.2327869,93.33618267,93.69555035,,Matt Moore,RP,L,L,LAA,36,12,-0.740457654,0.012690166,,0,,,,,,
2036,Clayton Kershaw,LAD,2,2,0,7,7,30,7.200000458,2.700000172,0.600000038,0.354166667,0.63348416,0.385416666,0.06060606,4.500000286,4.59,3.533146468,4.329689099,0.639490306,0.35515873,89.80517851,-5.146854676,,,,0.00595238,90.10229492,-0.073182333,,,,0.43253968,85.82804437,0.279187746,0.16071429,71.94710889,0.615077037,,,,0.04563492,83.47537895,-0.170077886,,,,,,,,57.68181818,114.0292683,90.1480226,,107.8318182,,,61.18571429,100.5507937,100.3799603,99.53968254,,Clayton Kershaw,SP,L,L,LAD,37,16.105,0.639490306,1.776574492,,0,,,,,,
2520,Lance Lynn,STL,7,4,0,23,23,117.1,8.360795817,3.375000146,1.22727278,0.286982249,0.6998557,0.362857142,0.111111111,3.835227439,4.94,4.308525282,4.391444694,1.332106352,0.46395292,92.49589555,7.373009771,0.22167729,88.45667692,-3.762686271,0.17459539,91.39978713,0.009598069,0.06228543,84.97081078,-3.081515357,0.01569397,82.37424469,-0.981053229,0.061795,80.60325211,-3.325683597,,,,,,,,,,,,,,60.5295082,111.82,85.16623517,66.41067073,102.1705882,,91.06215596,,82.58126919,99.53357216,94.31683726,,Lance Lynn,SP,S,R,STL,38,13.119,1.332106352,1.5754565,1,8000000,8000000,,,,,
3096,Kenley Jansen,BOS,4,2,27,54,0,54.2,10.20731755,3.29268308,0.658536616,0.259541985,0.73033708,0.305970149,0.055555555,3.29268308,3.24,3.001845624,4.042051866,1.421049714,,,,0.84269663,92.36525463,6.291853838,0.07990012,93.32374573,0.378499553,,,,0.07740325,82.24559759,2.640845228,,,,,,,,,,,,,,,,,,,,99.62631579,111.4283333,,123.4360182,,120.7908505,105.2306701,110.4123711,,Kenley Jansen,RP,S,R,BOS,37,14.073,1.421049714,0.440925241,1,12000000,12000000,,,,,
3137,Max Scherzer,TEX,2,4,0,9,9,43.1,8.307692551,2.076923138,1.453846197,0.277310924,0.75242718,0.319672131,0.125,3.946153962,3.86,4.181864423,4.035844513,0.622989535,0.43946188,92.62486713,0.18763281,0.05530643,86.65734533,1.91819283,,,,0.13901345,82.97093939,-1.826993886,0.22720478,85.16890676,1.052869856,0.13901345,74.8156082,-1.994813018,,,,,,,,,,,,,,59.40645161,83.74946237,78.07959184,,100.3486486,,120.6097561,,83.78293413,106.3046407,102.5685629,,Max Scherzer,SP,R,R,TEX,40,16.079,0.622989535,2.096468449,1,18000000,18000000,,,,,
3237,T.J. McFarland,OAK,2,4,0,79,0,56.2,6.194120427,2.700001212,0.635294403,0.286549708,0.67251462,0.573099415,0.1,3.811766417,3.36,3.819421248,3.969074308,0.339210004,,,,0.00119617,82.41190338,0.05477396,0.49162679,88.28134504,4.394925866,0.12320574,81.63213934,-1.045802377,0.38397129,78.45849153,3.103445087,,,,,,,,,,,,,,,,,80.1754902,,-22.9,39.564,92.14455128,,61.9,,64.31731707,100.8943902,102.1381707,,T.J. McFarland,RP,L,L,ATH,36,9.05,0.339210004,-0.034687877,,0,,,ATH,1,1800000,1800000
4301,Justin Wilson,CIN,1,5,2,60,0,46.2,9.83571643,2.507143404,1.928571849,0.338345865,0.71428571,0.382978723,0.158730158,5.592858362,4.25,4.730765834,3.986262734,0.150765941,0.49019608,95.62091797,-9.06703376,0.25857843,92.32090492,3.07543692,,,,0.01102941,87.11484104,0.171237469,0.23284314,88.48987459,-2.030091651,0.00735294,86.43392944,0.047067352,,,,,,,,,,,,,,,,101.0383663,,131.8444444,,85.00816327,44.6875,104.2102941,103.7161765,103.8840686,,Justin Wilson,RP,L,L,CIN,37,12.035,0.150765941,0.501179278,,0,,,BOS,1,2250000,2250000
4676,Charlie Morton,ATL,8,10,0,30,30,165.1,9.090726086,3.53830656,1.252016168,0.306074766,0.7421875,0.46325167,0.157534246,4.191532387,4.49,4.460834657,3.987567872,1.102370381,0.27803655,94.27962911,-10.95091292,,,,0.10927983,93.67095927,0.818494257,0.10999642,85.08504046,-4.202682197,0.07954138,88.56147065,-1.84377664,0.42314583,81.62908155,9.374554724,,,,,,,,,,,,,,86.27003257,121.7071006,71.75186104,79.00471014,,,72.69315068,,95.3686626,97.5048763,97.43571172,,Charlie Morton,SP,R,R,ATL,41,16.01,1.102370381,1.35767889,1,14000000,14000000,,BAL,1,15000000,15000000
5003,Jake Diekman,NYM,2,3,4,43,0,32,11.25000469,6.750002816,1.968750821,0.228571429,0.65533981,0.447368421,0.291666666,5.625002347,5.11,6.135231017,4.425486608,-0.810649812,0.61403509,94.74897524,-1.664853338,,,,,,,0.09728868,87.27380571,-3.608916767,0.28867624,82.90437241,0.461254675,,,,,,,,,,,,,,,,,82.21754386,,139.1340599,85.5,119.9107143,,,,129.0423077,90.74765886,96.2041806,,Jake Diekman,RP,R,L,NYM,38,12.007,-0.810649812,0.030753957,,0,,,,,,
5448,Jesse Chavez,ATL,2,2,0,46,0,63.1,7.815790572,2.700000379,1.421052831,0.279329609,0.8030303,0.430851063,0.158730158,3.126316229,4.25,4.429637851,3.881056662,-0.202841282,,,,0.5105364,88.96704972,4.109491363,0.27011494,90.87466063,-1.997472372,0.13314176,85.2943247,0.956750333,0.01628352,81.34650735,-2.267539065,0.06992337,75.82159006,0.248290576,,,,,,,,,,,,,,64.95182482,87.77916667,,89.58115942,107.35,,84.48604651,,83.82792527,102.2113078,95.9152409,,Jesse Chavez,RP,R,R,ATL,41,14.038,-0.202841282,0.019203331,,0,,,,,,
6399,José Cisnero,LAA,0,0,0,15,0,15.2,9.765959627,4.595745707,2.297872853,0.325581395,0.58035714,0.413043478,0.222222222,6.89361856,6.17,6.230310249,4.648362108,-0.239773721,0.31629393,95.5801965,-3.096971046,,,,0.25559105,95.46434937,-2.184066672,,,,0.01916933,84.52087911,-0.197793346,0.27795527,85.27517174,1.550307885,,,,0.13099042,88.99258051,-0.171572071,,,,,,,,101.94,,112.8021277,95.42173913,121.4402439,,80.2,,107.8698582,93.5677305,96.29042553,,José Cisnero,RP,R,R,LAA,36,6.167,-0.239773721,0.088290848,,0,,,,,,
6562,Alex Cobb,CLE,2,1,0,3,3,16.1,5.510204511,1.653061353,0.551020451,0.270833333,0.64102564,0.612244897,0.076923076,2.755102255,5.01,3.288928767,3.696445694,0.273648858,0.00826446,94.55390167,-0.024242934,,,,0.4214876,93.99527995,0.321557768,,,,,,,0.1322314,83.40822601,-0.449743867,,,,0.43801653,89.35561616,2.980043903,,,,,,,,,,,83.44230769,,129.775,,123.3820755,107.0632231,105.3376033,107.4161157,,Alex Cobb,SP,R,R,CLE,37,13.061,0.273648858,1.946480632,1,10000000,10000000,,DET,1,15000000,15000000
6632,Carlos Carrasco,CLE,3,10,0,21,21,103.2,7.726688292,2.864951839,1.649517725,0.3089701,0.66450567,0.465408805,0.169642857,5.643086955,4.71,4.931753133,4.182668949,0.126771256,0.24985233,91.79315344,-2.211148247,,,,0.1760189,91.16241086,-7.199551929,0.22976964,86.85140183,-4.200573988,0.27525103,83.59968482,-4.305714462,0.06910809,80.48969184,1.671480414,,,,,,,,,,,,,,100.6691517,102.9377193,62.21568182,90.16857143,95.97155499,,,,87.62810568,99.6485104,96.72951096,,Carlos Carrasco,SP,R,R,CLE,38,13.147,0.126771256,-9.99E-05,,0,,,,,,
6655,Craig Kimbrel,BAL,7,5,23,57,0,52.1,12.55414135,5.331210709,1.203821773,0.284482759,0.61933535,0.319672131,0.129629629,5.331210709,4.31,4.17921873,4.00052675,0.142890587,0.65696466,93.97601241,-0.946636673,,,,,,,0.00519751,88.35780029,-0.154468518,0.05093555,85.8214784,0.884952903,0.28690229,84.32324926,-0.750838034,,,,,,,,,,,,,,48.9,,109.7607717,,82.32666667,117.0533088,,,111.5656448,95.63372093,100.5003171,,Craig Kimbrel,RP,R,R,BAL,37,13.161,0.142890587,0.366976231,1,6000000,6000000,,,,,
6902,Martín Pérez,- - -,5,6,0,26,26,135,7.133333535,3.266666759,1.466666708,0.316953317,0.76923077,0.443661971,0.144736842,4.533333461,5.38,4.899813161,4.483704095,0.527545318,0.04264973,91.48380101,-5.708381139,0.21960073,88.02705118,-4.361235213,0.36751361,90.83393615,1.256253652,0.22822142,83.46171409,-6.309321679,0.00136116,82.34820048,0.284629144,0.14065336,77.93076172,1.933837265,,,,,,,,,,,,,,70.97644711,73.65935484,55.76896552,78.22420786,69.5,,70.05749487,,72.95066512,102.4303724,94.74441656,,Martín Pérez,SP,L,L,SDP,34,12.038,0.527545333,0.983641922,1,7000000,7000000,,CHW,1,5000000,5000000
6984,Luis García,- - -,5,1,4,60,0,59,8.084746939,2.288135926,1.220339161,0.302857143,0.63421829,0.50273224,0.153846153,4.881356642,3.56,4.047835839,3.61774149,0.295534223,0.04788419,96.44981207,0.156481449,0.00445434,94.09260559,-0.653853178,0.53340757,96.6396097,1.631685439,,,,0.22828508,82.63506574,-0.18459956,,,,,,,0.18596882,87.30188792,-2.270071883,,,,,,,,,,98.36789168,95.43941577,123.9144979,,92.77333333,108.4184211,103.2166646,98.80563334,102.8974329,,Luis García,RP,R,R,BOS,38,9.007,0.295534223,0.331403822,1,3000000,3000000,,,,,
7432,Jay Jackson,MIN,1,2,0,20,0,26.1,9.911393602,3.075949738,2.392405352,0.304347826,0.47794118,0.355263157,0.21875,7.518988249,4.74,5.444961066,3.826641972,-0.270823717,0.25382932,92.0364864,2.919056542,,,,0.0547046,91.21661133,0.224559382,0.13347921,86.08962763,-1.814918604,0.54923414,85.00854395,-6.158353519,,,,,,,,,,,,,,,,0.00875274,88.12833333,,69.94628099,76.67391304,114.412253,,,,97.40629067,102.237744,97.40715835,,Jay Jackson,RP,R,R,MIN,37,2.1,-0.270823717,-0.000970455,,0,,,,,,
7593,Jordan Lyles,KCR,0,0,0,5,0,5,5.4,3.6,0,0.142857143,1,0.428571428,0,0,4.28,3.166479778,5.585693228,0.041346673,0.26388889,90.81219804,0.029426523,0.18055556,87.63557317,0.455264658,0.09722222,89.57301549,-0.341641966,0.18055556,84.45170711,0.444520179,0.15277778,80.28795277,0.882894527,0.125,80.10802544,-0.032837514,,,,,,,,,,,,,,74.68461538,117.2222222,65.02631579,78.4,110.9090909,,105.0692308,,88.26944444,97.18611111,91.85833333,,Jordan Lyles,SP,R,R,KCR,34,12.025,0.041346673,0.001125811,,0,,,,,,
7836,Hunter Strickland,LAA,3,2,1,72,0,73.1,6.995455758,2.945455056,1.22727294,0.228855721,0.75,0.357142857,0.093457943,3.313636938,3.49,4.448298182,4.881728705,0.258187175,0.31979257,94.45367399,1.307447415,0.00259291,89.87996419,-1.434563216,0.08902334,92.85714692,-1.354777712,,,,0.52722558,84.09760502,8.182564244,,,,,,,0.0613656,88.2638163,1.846177865,,,,,,,,78.19384615,,79.40837989,73.76875,135.6145923,,78.48699187,,102.8197498,100.049866,104.3724754,,Hunter Strickland,RP,R,R,LAA,36,8.033,0.258187175,-0.130557343,,0,,,,,,
8048,Will Smith,KCR,0,4,1,45,0,41.1,6.314516906,3.266129434,1.524193736,0.287878788,0.60150376,0.306569343,0.109375,6.532258868,5.49,5.271318747,5.410880167,-0.370800853,0.29123328,91.34497569,-4.198516164,,,,,,,0.14413076,85.91459609,-0.04913095,0.44130758,80.69885706,0.348178566,0.12332838,76.613746,-1.584583938,,,,,,,,,,,,,,78.10625,78.10253165,63.51927083,,120.512585,,,,92.35776119,98.76537313,98.46985075,,Will Smith,RP,R,L,KCR,35,11.155,-0.370800853,-0.132865995,1,3000000,3000000,,,,,
8241,David Robertson,TEX,3,4,2,68,0,72,12.37500131,3.375000358,0.625000066,0.3,0.76923077,0.487804878,0.092592592,3.000000318,3.19,2.652590835,2.883819386,1.873952389,,,,0.63374486,93.55068994,16.73930246,0.01316872,95.06777191,0.352991108,0.018107,88.3698453,1.281570297,0.05761317,83.88389369,-1.807537042,0.27736626,84.45133995,-4.055886466,,,,,,,,,,,,,,110.4809524,,,106.8411765,108.48,118.5530864,121.1548177,,119.3236168,99.63311313,104.9673823,,David Robertson,RP,R,R,TEX,40,15.119,1.873952389,0.692042291,1,10000000,10000000,,,,,
8700,Justin Verlander,HOU,5,6,0,17,17,90.1,7.372694142,2.690037052,1.494465029,0.302919708,0.68181818,0.282229965,0.1,5.479705106,3.78,4.782716032,5.13475953,0.65217483,0.48670886,93.69962004,-4.54993825,,,,,,,0.10126582,84.19992065,-0.922429666,0.19303797,86.92539703,1.995658424,0.21898734,77.8504674,-5.03801664,,,,,,,,,,,,,,114.568125,110.0300578,116.1842653,,126.7045902,,,,116.7037342,101.0689241,103.0825316,,Justin Verlander,SP,R,R,HOU,42,19.002,0.65217483,1.352369666,1,15000000,15000000,,SFG,1,15000000,15000000
8779,Wade Miley,MIL,0,1,0,2,2,7,2.571428571,5.142857143,1.285714286,0.227272727,0.625,0.523809523,0.166666666,6.428571429,8.65,6.595051207,6.033915555,-0.108835325,0.21186441,90.38611328,-0.059390407,0.38135593,87.17523872,0.250504535,0.15254237,89.93591309,-0.320118669,0.20338983,83.68887329,-0.469633076,0.02542373,79.25553385,-0.110643413,0.02542373,75.51929728,0.222067077,,,,,,,,,,,,,,114.9208333,88.66666667,81.36,74.86666667,126.3666667,,93.1,,93.00254237,99.88898305,93.38220339,,Wade Miley,SP,L,L,MIL,38,13.025,-0.108835325,-9.99E-05,,0,,,,,,
9073,Kirby Yates,TEX,7,2,33,61,0,61.2,12.40540668,4.086486908,0.437837883,0.168067227,0.88114754,0.454545454,0.058823529,1.167567688,1.86,2.501614845,3.119654293,1.919254899,0.60759494,93.39211488,14.94997393,,,,,,,,,,0.00584226,85.87401326,0.02375276,,,,,,,0.3865628,86.50649402,7.328553248,,,,,,,,,,89.86794872,,92.66666667,,,108.8355164,97.18926829,101.5520976,102.0138537,,Kirby Yates,RP,L,R,TEX,38,10.021,1.919254899,0.441972643,1,9000000,9000000,,,,,
9132,Nathan Eovaldi,TEX,12,8,0,29,29,170.2,8.753906772,2.214843882,1.212890697,0.270742358,0.74481074,0.483263598,0.146496815,3.796875226,3.91,3.834448568,3.47342503,2.694152832,0.37314002,95.63152639,8.048277143,0.15375811,91.44636903,-5.968614172,,,,,,,0.0270889,85.90892523,-0.1315745,0.13658909,76.95683485,-2.818608239,,,,0.30904235,88.62641782,12.6411362,,,,,,,0.00038153,,99.13844011,74.753524,,114.1207792,,91.22706186,126.5886139,97.77871042,103.9756963,102.8508585,,Nathan Eovaldi,SP,R,R,TEX,35,13.013,2.694152832,2.872885466,3,60000000,20000000,,TEX,3,75000000,25000000
9323,Patrick Corbin,WSN,6,13,0,32,32,174.2,7.162214158,2.78244291,1.288168014,0.337016575,0.65652174,0.46332737,0.136612021,5.616412541,5.53,4.414571454,4.138030627,1.749418616,0.05747922,91.37990046,-2.863077976,0.13538781,86.73988971,-4.547688119,0.3566482,91.66412318,-18.86295455,0.03358726,81.27691587,-5.368912984,0.41689751,80.17565796,5.565951303,,,,,,,,,,,,,,,,,87.48829787,72.91944444,54.50100503,70.70693277,87.62830189,,75.51828154,,76.370161,101.407263,94.49001789,,Patrick Corbin,SP,L,L,WSN,35,12.105,1.749418616,1.025550604,,0,,,,,,
9761,Joe Kelly,LAD,1,1,0,35,0,32,9.843751173,4.500000536,1.125000134,0.325301205,0.7112069,0.470588235,0.148148148,4.78125057,5.11,4.572729946,4.223486997,-0.047403477,0.23188406,98.16278839,-1.021687299,,,,0.30434783,98.33951823,0.971001137,0.06884058,88.42051295,-3.471213195,0.20833333,90.3439623,-0.538266201,0.1865942,87.49451039,0.489290442,,,,,,,,,,,,,,85.02631579,,94.56148148,83.39542484,146.9298246,127.9010753,,,107.376306,92.19085821,96.42649254,,Joe Kelly,RP,R,R,LAD,37,12.029,-0.047403477,0.46969685,1,5000000,5000000,,,,,
10058,Tyler Matzek,ATL,0,0,0,11,0,10,9.000001717,2.700000515,2.700000515,0.40625,0.54054054,0.314285714,0.23076923,9.900001888,7.74,5.966480312,4.032090871,-0.186407104,0.66480447,93.89904477,-4.148629822,0.01117318,90.99629974,-0.545622926,,,,,,,0.32402235,83.5592925,-0.042980153,,,,,,,,,,,,,,,,,,,100.505,,101.3327586,,63,,100.4404494,97.08595506,97.48876404,,Tyler Matzek,RP,L,L,ATL,34,6.003,-0.186407104,-0.085559078,,0,,,,,,
10061,Brooks Raley,NYM,1,0,0,8,0,7,11.57143015,3.857143383,0,0.153846154,1,0.307692307,0,0,3.24,1.880765317,3.60877516,0.300667405,,,,0.24369748,86.13338497,-1.018740539,0.09243697,89.41092751,0.306084253,0.18487395,84.15840288,0.995303068,0.4789916,80.95360471,3.12274839,,,,,,,,,,,,,,,,,99.97727273,,,77.6,116.4382979,,98.99310345,,103.5097561,108.0520325,112.695935,,Brooks Raley,RP,L,L,NYM,37,5.045,0.300667405,0.100008495,1,4000000,4000000,,,,,
10078,Caleb Thielbar,MIN,2,4,3,59,0,47.1,10.07746831,4.563381875,1.140845469,0.330827068,0.625,0.379562043,0.109090909,5.323945521,4.17,4.096057568,4.205081458,0.186697096,0.43404735,93.23355317,-4.355096679,,,,,,,0.0011274,84.24359894,0.050170138,0.3167982,81.64963996,-2.691433709,0.24802706,74.13569336,3.372834314,,,,,,,,,,,,,,,116.4221698,88.14564644,,137.9178082,,,,111.6578089,105.2184149,104.9583916,,Caleb Thielbar,RP,R,L,MIN,38,6.131,0.186697096,0.407593995,1,3000000,3000000,,CHC,1,2750000,2750000
10123,Kyle Gibson,STL,8,8,0,30,30,169.2,8.009823663,3.607072908,1.220039366,0.289915966,0.70717131,0.447580645,0.13372093,4.243615186,4.87,4.421882604,4.192405847,1.460535765,0.13241679,91.61108265,-5.506723128,0.2105644,88.75676546,1.573967397,0.26374819,90.91040809,1.127611082,0.10021708,85.11705353,3.821092248,0.21128799,80.86556881,3.140505482,0.08176556,78.41539339,-3.154394012,,,,,,,,,,,,,,98.76945455,102.1062762,80.3420765,83.60315068,103.8063047,,95.71578045,,93.10474106,97.7154267,95.14434719,,Kyle Gibson,SP,R,R,STL,37,11.039,1.460535765,1.714219689,1,10000000,10000000,,,,,
10197,Shelby Miller,DET,6,8,2,51,0,55.2,7.922157136,2.101796791,1.455090086,0.214765101,0.60344828,0.398734177,0.123287671,4.526946935,3.75,4.477857263,4.358874253,-0.203437731,0.60588235,93.62597087,6.979048084,0.20588235,88.37628348,0.290621128,,,,,,,,,,,,,,,,0.18823529,86.87855225,-1.923287839,,,,,,,,,,109.7167641,,95.94135802,,70.9,96.88709677,105.5182844,98.08984199,99.7489842,,Shelby Miller,RP,R,R,DET,34,9.016,-0.203437731,0.002378849,,0,,,,,,
10233,Aroldis Chapman,PIT,5,5,14,68,0,61.2,14.30270418,5.691892479,0.729729805,0.32231405,0.69230769,0.448,0.106382978,3.794594986,2.98,3.036750035,3.135091587,1.108228803,0.33511111,97.87747638,0.288727269,,,,0.27644444,99.88634822,0.389218003,,,,0.26577778,87.05323735,0.997034691,,,,,,,0.12266667,91.46214051,2.698891629,,,,,,,,,,96.05025907,237.2072607,99.94033333,,,97.58666667,134.1421099,95.6447695,105.8658688,,Aroldis Chapman,RP,L,L,PIT,37,14.009,1.108228803,0.793967128,1,10000000,10000000,,BOS,1,10750000,10750000
10591,Scott Alexander,OAK,1,3,0,45,0,38.2,7.21551914,3.491380229,0.698276046,0.256880734,0.77625571,0.6,0.111111111,2.560345501,4.02,3.8906179,3.937796196,0.078217439,,,,,,,0.64310954,92.2650777,4.985266022,0.13074205,84.69608451,-1.998174842,0.22614841,82.89737701,3.838022236,,,,,,,,,,,,,,,,,75.69130435,,,87.60111732,105.5935484,,,,89.93142329,96.73401109,91.7792976,,Scott Alexander,RP,L,L,ATH,35,7.08,0.078217439,0.179353058,,0,,,,,,
11384,Tommy Kahnle,NYY,0,2,1,50,0,42.2,9.703127313,4.007813456,1.054687751,0.23364486,0.79545455,0.585585585,0.166666666,2.109375503,3.34,4.010229979,3.54992328,0.078290857,0.19866667,94.03273123,-3.615687869,,,,0.01733333,93.22193322,-2.402997743,0.72666667,87.31667144,10.43397752,0.05733333,86.14360011,0.385572188,,,,,,,,,,,,,,,,,119.0142322,,79.91714286,88.15,115.5461538,,,,110.7384298,95.46501377,95.80495868,,Tommy Kahnle,RP,R,R,NYY,35,9.131,0.078290857,0.218562543,,0,,,,,,
11423,Jose Quintana,NYM,10,10,0,31,31,170.1,7.13307262,3.328767223,1.162426649,0.263374486,0.7815735,0.474,0.125714285,3.751467822,4.52,4.563740094,4.438112719,1.049502254,0.22088068,90.8022194,-3.030421168,,,,0.30788352,90.88375865,8.347538956,0.1928267,85.81058644,2.598943681,,,,0.27840909,77.72451471,-0.373191182,,,,,,,,,,,,,,69.9927593,109.9401679,69.67475083,75.8611457,,,,,82.71857737,97.29629209,92.84404086,,Jose Quintana,SP,R,L,NYM,36,12.133,1.049502254,1.446243286,2,24000000,12000000,,,,,
11487,Joely Rodríguez,BOS,0,1,0,14,0,13.2,7.902441046,1.317073508,1.975610262,0.347826087,0.50561798,0.591836734,0.333333333,5.926830785,4.87,4.922577789,3.064631629,-0.108650878,,,,,,,0.48995984,90.27362961,0.183581054,0.36144578,85.81294488,-3.721712608,0.14859438,79.55566406,-0.432432316,,,,,,,,,,,,,,,,,69.17888889,,,84.76885246,77.26216216,,,,78.14176707,105.9598394,101.7417671,,Joely Rodríguez,RP,L,L,BOS,33,4.137,-0.108650878,0.039423648,,0,,,,,,
11589,José Ureña,TEX,5,8,1,33,9,109,5.779817121,3.220183824,1.073394608,0.272997033,0.74730354,0.501440922,0.117117117,3.798165536,4.43,4.616021215,4.605314178,0.08463604,0.04832291,96.55922564,-2.437544767,,,,0.4235361,96.20965289,4.560332227,0.18305856,88.90634402,-1.88887126,0.34508243,87.18761262,-1.385640159,,,,,,,,,,,,,,,,,75.7893617,,87.83063063,91.472879,76.24825291,,,,83.12929853,97.82010815,95.02863697,,José Ureña,SP,R,R,TEX,33,8.045,0.08463604,-0.003264301,,0,,,,,,
11752,Luke Jackson,- - -,4,3,0,52,0,53,10.01886937,4.415094975,1.188679416,0.319148936,0.66951567,0.506849315,0.155555555,5.094340356,4.08,4.241951631,3.808751159,-0.115431346,0.31733915,94.95040002,-1.276960962,0.0087241,90.67034912,-0.262370471,,,,,,,0.51472192,87.61442333,0.37962063,0.15921483,84.86926102,-0.57793206,,,,,,,,,,,,,,,136.5231149,97.32254561,,143.9948462,,91.625,,128.131215,94.82373378,106.5363918,,Luke Jackson,RP,R,R,ATL,33,8.019,-0.115431346,0.153787598,,0,,,,,,
11760,Drew Smyly,CHC,4,8,0,50,0,58.2,8.590910581,3.835227938,1.534091175,0.288343558,0.78873239,0.352941176,0.136986301,3.835227938,3.78,4.905116443,4.570626845,-0.278660327,,,,0.03146509,88.765625,-0.255632918,0.48180924,92.85661671,-0.921953011,,,,0.01081613,81.35544656,-0.008497383,0.47492625,80.246579,-1.354659207,,,,,,,,,,,,,0.00098328,,,,76.50983607,,107.2927126,92.8030303,,91.92463054,100.588867,101.3605911,,Drew Smyly,RP,L,L,CHC,36,12.143,-0.278660327,0.272130579,,0,,,,,,
11804,Héctor Neris,- - -,10,5,18,62,0,59.1,9.707866001,4.247191375,1.21348325,0.297468354,0.73170732,0.4,0.119402985,4.095505969,4.31,4.278839424,4.23341071,0.019054972,0.48115079,93.19961743,3.146353424,,,,0.08035714,93.09894025,0.606330086,,,,0.03373016,85.88957843,-2.63059647,,,,,,,0.4047619,82.91756185,-3.775855958,,,,,,,,,,84.44689507,87.95959596,86.75714286,,,83.21474201,84.41162258,98.31261624,98.50207824,,Héctor Neris,RP,R,R,HOU,36,9.068,0.019054972,0.114700869,,0,,,,,,
11847,Chris Martin,BOS,3,1,2,45,0,44.1,10.15037623,0.609022574,1.015037623,0.352941176,0.67391304,0.462809917,0.131578947,3.451127919,3.41,2.783021121,2.612862908,0.901055753,0.30898021,94.89652286,0.454692554,0.45357686,92.11932414,4.980783902,0.09741248,94.21131897,0.566104781,,,,0.00913242,85.62372843,-0.993117228,,,,,,,0.13089802,88.46252725,-0.605473928,,,,,,,,,,85.00742574,84.525,103.875,,101.3323944,125.8388235,97.91724684,112.2498418,107.1007911,,Chris Martin,RP,R,R,BOS,39,7.133,0.901055753,0.675911427,1,7000000,7000000,,TEX,1,5500000,5500000
12049,Kyle Hendricks,CHC,4,12,0,29,24,130.2,5.99234723,2.961734838,1.446428642,0.305084746,0.64180929,0.445475638,0.142857142,5.923469676,4.81,4.980255377,4.591979101,0.365124159,0.12652296,87.98416612,-4.317907289,,,,0.3556701,87.82328207,-5.633656219,0.38706654,81.09648816,-5.946398824,,,,0.13074039,74.53817607,1.455640398,,,,,,,,,,,,,,107.6943168,87.18924731,59.27232472,96.63562005,,,,,95.11291042,104.9309919,100.3933494,,Kyle Hendricks,SP,R,R,CHC,35,10.081,0.365124166,0.885674059,,0,,,LAA,1,2500000,2500000
12056,Scott McGough,ARI,1,3,0,26,2,32.2,6.887756242,5.785715243,1.653061498,0.288659794,0.54621849,0.40776699,0.142857142,7.438776741,5.9,6.044031275,5.600286907,-0.656290337,0.50517241,93.2318786,-8.363065638,,,,0.03448276,93.70388794,1.226596776,,,,0.14310345,87.1279238,-0.315263253,,,,,,,0.31724138,85.18800221,-0.877999499,,,,,,,,,,100.9728311,91.58,115.6175,,,65.89479769,89.54115583,96.42260669,93.78771102,,Scott McGough,RP,R,R,ARI,35,1.121,-0.656290293,-0.007089597,,0,,,,,,
12095,Yimi García,- - -,3,0,5,39,0,39,11.30769452,2.769231311,1.384615655,0.202380952,0.76923077,0.272727272,0.122448979,3.461539139,3.01,3.730582453,3.630285302,0.391343206,0.36407767,96.56106771,3.580331214,0.02427184,90.72386882,0.365061432,0.16666667,95.79571118,1.669057887,0.09546926,88.75662283,-0.523267671,0.34951456,85.12433539,2.666163471,,,,,,,,,,,,,,,,,100.0016949,109.953596,116.3765487,93.44509804,160.3674758,,,,118.5147737,104.2613564,111.1895717,,Yimi García,RP,R,R,SEA,34,9.149,0.391343206,0.615440309,1,5000000,5000000,,TOR,2,15000000,7500000
12317,Colin Rea,MIL,12,6,1,32,27,167.2,7.24652115,2.308151181,1.556660099,0.281690141,0.7662624,0.38771593,0.136792452,4.294234755,4.91,4.752960952,4.416255862,0.855212212,0.19283019,93.03690919,1.275431328,0.19433962,87.75009292,-7.441300273,0.3109434,92.35383324,-1.054251522,,,,0.16792453,82.05610736,6.91703625,0.04566038,79.00688234,-4.503853992,,,,0.08830189,86.55672879,-4.250167619,,,,,,,,,99.51517857,70.29412916,81.79163636,109.3995604,,75.61067961,77.60775862,83.70283293,102.4646673,96.91255642,,Colin Rea,SP,R,R,MIL,34,5.057,0.855212212,0.714591086,,0,,,CHC,1,5000000,5000000
12323,Jacob Barnes,WSN,8,3,0,63,0,66,7.500001734,2.727273358,1.363636679,0.296875,0.69863014,0.376237623,0.129870129,4.363637372,4.91,4.378601271,4.172914061,0.020245859,0.47090421,95.46886882,-2.618419606,0.49059982,89.90170221,3.996104337,,,,,,,0.03849597,83.88017237,0.263568219,,,,,,,,,,,,,,,,,,,101.8178368,,89.785,,88.66429872,,94.97206804,100.7458371,99.81217547,,Jacob Barnes,RP,R,R,WSN,35,6.1,0.020245859,-0.032578327,,0,,,,,,
12572,Blake Treinen,LAD,7,3,1,50,0,46.2,10.80000059,2.121428687,0.964285767,0.254545455,0.8974359,0.447368421,0.111111111,1.928571534,2.41,2.995051198,3.060202164,0.982824922,0.11126187,94.19412157,-0.527546618,0.1614654,90.8433643,-1.146336433,0.34192673,94.65993149,-0.077141348,,,,0.385346,83.83987126,7.314897813,,,,,,,,,,,,,,,,,,,71.3556962,78.27459016,134.0899281,,35.06851852,,92.48342776,101.366289,104.4016997,,Blake Treinen,RP,R,R,LAD,37,10.065,0.982824922,0.639761209,1,8000000,8000000,,LAD,2,22000000,11000000
12718,Adrian Houser,NYM,1,5,1,23,7,69.1,5.841346582,4.153846459,1.038461615,0.3,0.62753036,0.484581497,0.103896103,5.841346582,5.24,4.926095292,5.105296949,-0.145044744,0.16799293,93.81407021,1.18970516,,,,0.44473917,92.7684712,1.272444848,,,,0.17241379,83.50632512,-3.319218975,0.08753316,79.85444533,-4.39773047,,,,0.12732095,84.29755317,-3.330714505,,,,,,,,97.83886494,82.85574992,71.6605848,95.57422836,90.78967298,,,,90.79735155,100.3024415,96.5274022,,Adrian Houser,SP,R,R,NYM,32,5.136,-0.145044744,0.016809672,,0,,,TEX,1,0,
12730,Nick Martinez,CIN,10,7,0,42,16,142.1,7.334894876,1.138173343,0.822014081,0.275119617,0.71536145,0.369411764,0.073863636,3.098360766,3.19,3.208634347,3.89093048,3.465278268,0.21845574,92.7943915,2.639582191,0.21092279,89.21280343,5.75452048,0.17702448,92.1938996,3.568754878,0.2165725,80.25464929,8.252276659,0.0579096,85.10599673,-0.409141835,0.11911488,81.00163661,-3.903222106,,,,,,,,,,,,,,117.7309858,106.523183,91.21650178,80.08822122,104.5419231,,96.17101031,,98.63223659,108.5649376,106.9699075,,Nick Martinez,SP,L,R,CIN,34,6.002,3.465278149,1.774145842,2,32000000,16000000,21050000,CIN,1,21050000,21050000
12763,Chris Devenski,TBR,2,1,0,19,0,26.2,8.100000772,4.725000451,3.03750029,0.253333333,0.57823129,0.25,0.183673469,6.750000644,5.9,7.328980175,5.719795468,-0.668581307,0.31144465,93.21901473,-7.450764541,0.1369606,85.40955426,-3.988848519,,,,0.47467167,83.01699914,2.661446437,0.07692308,77.83792635,-0.543387335,,,,,,,,,,,,,,,,,144.5826087,,78.23272727,,133.4709091,,37.5234375,,109.6270169,99.26153846,102.3727955,,Chris Devenski,RP,R,R,TBR,34,7.115,-0.668581307,-0.002308295,,0,,,NYM,1,0,
12777,John Brebbia,- - -,0,6,2,59,0,55.1,10.89759249,3.090362049,1.789156976,0.316901408,0.67092652,0.296052631,0.159420289,5.85542283,4.87,4.52190173,3.823020509,0.138716396,0.48136959,94.00000919,7.246034183,,,,,,,,,,0.51863041,83.2215953,-11.56275661,,,,,,,,,,,,,,,,,78.06666667,,100.3884087,,101.4912792,,,,100.8851532,102.3784737,103.4376242,,John Brebbia,RP,L,R,ATL,35,7.078,0.1387164,0.250582218,,0,,,,,,
12784,Burch Smith,- - -,4,1,0,50,0,56.1,7.349113836,1.917160131,0.958580066,0.331428571,0.63218391,0.438202247,0.092307692,4.952663672,4.46,3.663521294,4.023531062,0.339449748,0.5,95.1174142,4.604337469,0.20424107,87.94089929,-2.245584004,0.00223214,91.34149933,-0.05974517,0.0078125,85.58239746,0.094275746,0.10267857,83.66885509,-2.391587473,0.18303571,80.23827827,-1.809479203,,,,,,,,,,,,,,124.1,102.5835366,108.5650972,97,128.069863,,89.34954044,,105.2719936,100.4896449,100.7476493,,Burch Smith,RP,R,R,BAL,35,5.086,0.339449763,0.001287495,,0,,,PIT,1,0,
12808,Mike Clevinger,CHW,0,3,0,4,4,16,8.437501006,5.062500603,2.250000268,0.36,0.70866142,0.339622641,0.16,6.750000805,7.18,6.228980143,5.341493172,-0.115967557,0.39273927,93.55582819,2.752957977,0.09240924,84.87339565,-2.062472802,0.06270627,93.41717208,-2.039756067,0.21122112,86.12593842,-0.002549574,0.21452145,78.97196514,-4.705684025,0.02640264,76.5981369,0.096032932,,,,,,,,,,,,,,74.76875,68.725,91.22396694,102.2588235,110.6706897,,48.46857143,,86.55709571,99.09108911,99.4009901,,Mike Clevinger,SP,R,R,CHW,34,8.008,-0.115967557,-9.99E-05,,0,,,,,,
12828,Andrew Kittredge,STL,5,5,1,74,0,70.2,8.533021018,2.547170453,1.273585226,0.263157895,0.81818182,0.451776649,0.14084507,2.801887498,3.97,3.958932808,3.638450607,0.313300043,,,,0.12633625,94.1092473,0.853283249,0.37512148,94.85000405,-0.62547718,,,,0.49854227,88.323404,6.011130743,,,,,,,,,,,,,,,,,,,99.38582677,97.41952507,132.5916501,,170.9,,115.5759369,106.5650888,111.6240631,,Andrew Kittredge,RP,R,R,STL,35,6.07,0.313300043,0.23246257,1,3000000,3000000,,BAL,1,10000000,10000000
12857,Shawn Armstrong,- - -,3,3,1,57,7,66.2,8.910000977,3.37500037,0.810000089,0.362244898,0.69037657,0.358208955,0.075949367,4.860000533,5.11,3.571479823,4.193209852,0.682803411,0.32822362,93.50069889,2.789511934,0.31199279,90.65299573,-4.414818536,0.27412083,93.81340107,-3.996513516,,,,0.08566276,84.7202868,-0.089443699,,,,,,,,,,,,,,,,,,,85.91480209,94.59165432,125.6290239,,98.58202427,,95.45580295,105.4761445,102.1573755,,Shawn Armstrong,RP,R,R,CHC,34,6.113,0.682803392,0.346807599,,0,,,TEX,1,1250000,1250000
12863,Matt Barnes,WSN,0,0,0,14,0,13.1,6.750000644,2.700000257,0.675000064,0.333333333,0.48387097,0.422222222,0.055555555,6.750000644,5.9,3.541479814,4.607691264,0.132618174,0.39240506,91.79821909,1.417563766,,,,,,,,,,,,,0.43459916,81.91351259,-0.452432886,,,,0.17299578,86.65092059,-2.172923461,,,,,,,,,,66.69069767,,,121.25,,112.9378378,97.5549763,94.24834123,90.07251185,,Matt Barnes,RP,R,R,WSN,35,8.152,0.132618174,-0.034642689,,0,,,,,,
12972,Joe Ross,MIL,3,6,0,25,10,74,8.027027234,3.527027118,0.851351373,0.298165138,0.72668113,0.409909909,0.075268817,3.770270367,3.91,3.828641958,4.499139026,0.909822404,0.16959064,94.78997171,-5.145272862,,,,0.35923141,94.82234738,4.023901302,0.08103592,90.18304758,0.193434969,0.37343358,86.62471599,1.868991632,0.01670844,83.30461235,0.480607957,,,,,,,,,,,,,,80.77292308,109.5315789,84.1015625,84.56940639,94.07494407,,,,88.1331539,101.744254,97.79542605,,Joe Ross,SP,R,R,MIL,32,7.018,0.909822404,0.376773238,,0,,,PHI,1,4000000,4000000
12988,Andrew Chafin,- - -,4,3,1,62,0,56.1,11.18343448,4.95266384,0.798816748,0.338129496,0.75324675,0.361111111,0.086206896,3.514793693,3.64,3.539260928,3.942157247,0.421862841,0.14684592,91.86337753,2.311234482,,,,0.39503619,91.95978454,-3.926404472,,,,0.45811789,82.30915147,6.123415936,,,,,,,,,,,,,,,,,,,70.67862319,75.06444087,107.0008039,,,,88.79520422,89.69232317,92.45081625,,Andrew Chafin,RP,R,L,TEX,35,10.02,0.421862841,0.200741038,,0,,,,,,
13273,Ross Stripling,OAK,2,11,0,22,14,85.1,5.167969174,2.32031269,0.738281311,0.337748344,0.54828151,0.392156862,0.064814814,6.011719243,4.74,3.893042338,4.740271796,1.103891268,0.30706922,91.96107333,-0.456170354,0.17010309,87.70279525,0.817903943,0.1377025,90.49875971,-1.048182059,0.17599411,83.02273572,-4.420804806,0.12297496,84.88958996,-2.814326078,0.08615611,76.55268847,-1.281603906,,,,,,,,,,,,,,89.53138075,,62.16277372,89.96632124,120.7362637,89.26666667,79.50185185,,85.88056782,104.5457751,97.7644143,,Ross Stripling,SP,R,R,ATH,35,8.115,1.103891253,0.570279598,,0,,,,,,
13293,Danny Coulombe,BAL,1,0,1,33,0,29.2,9.707868497,1.516854453,0.910112672,0.179104478,0.82278481,0.485714285,0.107142857,2.123596234,2.91,2.829401011,2.941858422,0.522052646,0.14592275,90.85235237,1.566438459,,,,0.14377682,90.41194176,2.417061307,0.00214592,81.57879639,-0.544301271,0.58369099,83.91985007,6.530150194,0.12446352,79.37854425,0.33994228,,,,,,,,,,,,,,,,74.77916667,8.185714286,105.8082707,108.7810345,80.15785714,,80.43347639,100.4888412,99.52854077,,Danny Coulombe,RP,L,L,BAL,35,6.008,0.522052646,0.292421907,,0,,,,,,
13346,Hoby Milner,MIL,5,1,1,61,1,64.2,8.907218947,1.948454145,0.835051776,0.313186813,0.58073654,0.519337016,0.115384615,4.731960066,3.24,3.135551935,3.145208182,0.914420836,0.19942474,88.92195041,7.046276178,,,,0.33365292,88.54206813,-4.589492124,0.13806328,81.2130199,0.2176251,,,,0.32885906,79.59197073,0.805380315,,,,,,,,,,,,,,84.24405594,,100.8798206,87.50627352,125.722312,,,,102.6219457,106.6168204,103.5535812,,Hoby Milner,RP,L,L,MIL,34,5.068,0.914420843,0.259300768,,0,,,TEX,1,2500000,2500000
13394,Dylan Floro,- - -,6,4,0,66,0,68.2,6.291263243,2.228155732,0.655339921,0.288461538,0.68421053,0.454545454,0.071428571,3.800971542,3.94,3.501431294,4.096197249,0.602492243,0.14833006,89.96204503,0.204738427,,,,0.48821218,90.02433547,8.822158817,0.09430255,83.71282959,-0.705196269,0.26915521,83.42995659,1.24405599,,,,,,,,,,,,,,,,,58.56701031,,83.87515528,75.20185185,76.89804951,,,,74.97806379,104.0364616,94.08564901,,Dylan Floro,RP,L,R,ARI,34,7.053,0.602492213,0.003867363,1,3000000,3000000,,,,,
13470,Lucas Sims,- - -,1,6,1,58,0,49.1,8.93919132,5.472974278,1.459459807,0.261904762,0.79288026,0.28030303,0.111111111,4.378379422,4.34,5.234047839,5.332654725,-0.29098589,0.31186441,94.43479322,-6.412530385,0.15706215,90.82847277,3.146738667,,,,0.00225989,88.71139526,0.197641704,0.45762712,84.28900704,1.534450963,0.07118644,79.78634208,0.015446194,,,,,,,,,,,,,,,91.35079365,113.2723022,,155.6783547,,119.9251983,28.85,132.1566926,93.28610436,103.5532463,,Lucas Sims,RP,R,R,BOS,31,6.014,-0.290985882,-0.037345901,,0,,,,,,
13528,Matt Bowman,- - -,1,0,0,25,1,30.2,7.043479516,3.815218071,1.467391566,0.238636364,0.76470588,0.440860215,0.142857142,4.402174697,4.81,5.188219269,4.794315749,-0.247282108,0.00201207,93.81259918,0.141648322,0.1971831,90.54851423,-1.701545127,0.39034205,92.20728168,7.673263662,,,,0.25955734,82.76036084,-3.577737734,,,,,,,0.15090543,84.42552775,-2.852042664,,,,,,,,,,66.1,94.88393782,137.5117188,,100.0438776,82.72,104.7710262,99.22615694,100.5396378,,Matt Bowman,RP,R,R,BAL,34,4.137,-0.247282103,-0.067120917,,0,,,BAL,1,0,
13543,Blake Snell,SFG,5,3,0,20,20,104,12.54807692,3.807692308,0.519230769,0.265765766,0.70866142,0.420353982,0.065217391,3.115384615,2.57,2.426095163,3.013641061,3.065009117,0.46414455,96.10436626,9.479344685,,,,,,,0.17617165,85.67604417,2.887631781,0.09994353,88.88051178,0.23191506,0.25974026,81.31065727,10.38934594,,,,,,,,,,,,,,109.6401929,148.4921909,116.1545676,,105.5078652,,,,122.3437676,97.849859,104.0588268,,Blake Snell,SP,L,L,SFG,32,8.072,3.065009117,3.412106991,4,120000000,30000000,,LAD,5,182000000,31357257
13580,Steven Okert,MIN,3,2,1,44,1,35.1,8.405663183,4.075473058,1.528302397,0.303921569,0.71428571,0.326923076,0.130434782,5.094341323,4.05,5.119310619,4.880227143,-0.246373903,0.23538961,93.02947998,-4.856325284,,,,0.09253247,92.87604242,-1.770911574,0.07954545,88.82650321,-2.621706236,0.59253247,81.07364937,4.647226129,,,,,,,,,,,,,,,,,57.59630709,,71.1239726,78.07478992,116.3164384,,,,98.61316283,95.27186702,97.83216587,,Steven Okert,RP,L,L,MIN,33,4.089,-0.246373907,0.028081015,,0,,,HOU,1,0,
13619,Jakob Junis,- - -,4,0,1,24,6,67,6.850746561,1.074626912,1.074626912,0.224043716,0.77868852,0.387434554,0.103896103,2.686567279,3.8,3.68886786,3.874310365,0.868172109,0.09756098,92.61550207,3.147019465,0.00318134,89.03313192,0.022044793,0.36267232,91.92136709,7.349176712,0.08377519,86.65611132,-2.485012889,0.45281018,83.08271164,5.542546049,,,,,,,,,,,,,,,,,89.30053298,,73.38808511,78.6712785,122.6730679,,96.9,,98.96503477,107.9487597,108.3587577,,Jakob Junis,SP,R,R,CIN,32,7.002,0.86817205,0.902071476,1,6000000,6000000,,,,,
13649,Clay Holmes,NYY,3,5,30,67,0,63,9.714287479,3.142857714,0.571428675,0.32183908,0.70528967,0.649717514,0.117647058,3.142857714,3.29,3.023622609,3.014230319,1.195148349,0.00184332,97.45304871,0.016695637,,,,0.56313364,96.61544855,-2.931448922,,,,0.43502304,85.50796147,6.091125041,,,,,,,,,,,,,,,,,,,,101.548124,182.6129139,,,,134.9228597,98.21020036,107.2253188,,Clay Holmes,SP,R,R,NYY,32,6.031,1.195148349,1.914482713,2,20000000,10000000,,NYM,3,38000000,12666666.67
13743,Max Fried,ATL,11,10,0,29,29,174.1,8.569789925,2.942638709,0.671128127,0.282377919,0.72471324,0.587866108,0.117117117,3.252390152,3.72,3.332827775,3.326133319,3.3533144,0.14156408,94.21763107,2.424394626,0.21071687,93.19297009,4.448644023,0.16690804,93.69284673,4.951578394,0.13577118,85.88223438,6.268060621,0.13504707,82.86293042,0.322394274,0.20999276,74.79094154,8.031195048,,,,,,,,,,,,,,91.0464191,116.2693103,77.50587583,90.34713959,102.0321353,,92.64528302,,94.10611875,98.08486604,98.84909486,,Max Fried,SP,L,L,ATL,31,6.148,3.3533144,3.280630827,5,125000000,25000000,21050000,NYY,8,218000000,27250000
13767,JT Chargois,- - -,3,1,0,36,0,36.1,7.431194091,3.220184106,1.486238818,0.189473684,0.98039216,0.366336633,0.136363636,2.229358227,4.4,4.900425066,4.584692066,-0.195239782,0.0510397,94.80777317,1.255478937,,,,0.51417769,95.01298613,6.750898257,0.00378072,85.05020142,-1.413516264,0.43100189,85.63690293,-0.999150001,,,,,,,,,,,,,,,,,,,93.65714286,87.96205177,108.1693454,,,,96.49893335,97.07513655,97.01006073,,JT Chargois,RP,S,R,SEA,34,5.101,-0.195239782,0.115460388,,0,,,,,,
13781,Alex Wood,OAK,1,3,0,9,9,39.1,7.550847702,4.347457768,1.3728814,0.365853659,0.72072072,0.368,0.127659574,5.262712035,6.66,5.302073068,5.125744124,-0.064003922,,,,,,,0.46031746,90.87611687,-6.777234267,0.22619048,84.8923554,-4.481551308,0.31349206,81.71345926,-0.911988273,,,,,,,,,,,,,,,,,41.97337278,,,82.47535817,73.66848739,,,,70.64880952,98.35873016,93.27380952,,Alex Wood,SP,R,L,ATH,34,11.123,-0.064003922,0.734182954,,0,,,,,,
13801,Austin Adams,OAK,1,2,0,56,0,41.1,11.54032613,5.008066057,0.87096801,0.346938776,0.78947368,0.366336633,0.102564102,3.919356044,4.08,4.472931793,4.641520422,0.014938382,0.23478261,93.60516906,-2.665171586,,,,0.02732919,93.57597212,-0.492939539,,,,0.7378882,87.95121791,-3.488243736,,,,,,,,,,,,,,,,,,,98.62553191,,101.9369231,,,,100.6248737,90.46199495,97.25,,Austin Adams,RP,R,R,ATH,34,5.15,0.014938382,0.105652399,,0,,,BOS,1,0,
13892,Paul Sewald,ARI,1,2,16,42,0,39.2,9.756303147,2.268907708,1.361344625,0.281553398,0.73232323,0.266055045,0.098360655,4.310924646,3.78,3.947992433,4.3067953,0.349804282,0.59777424,91.39078083,-2.212676238,,,,,,,0.0063593,84.1595993,0.053618629,0.39586645,83.10780622,2.605435971,,,,,,,,,,,,,,,,,87.33333333,,118.9741047,,116.5414634,,,,117.8411765,100.2019608,103.1985294,,Paul Sewald,RP,R,R,ARI,35,6.072,0.349804282,0.224943355,1,6500000,6500000,,CLE,1,7000000,7000000
13896,Chris Flexen,CHW,3,15,0,33,30,160,6.918750247,3.543750127,1.350000048,0.315151515,0.70955535,0.356031128,0.103896103,4.950000177,4.71,4.797729837,5.030691981,1.346919835,0.37129597,91.43145376,-6.32672704,0.25955016,87.5410257,-6.022102602,,,,0.15708675,81.40025579,-5.798686512,0.08818279,80.22540209,-6.145059962,0.12245627,72.08483638,1.447196268,,,,,,,,,,,,,0.00142806,125.6911364,82.5497076,2.261293436,73.55,148.0655738,,47.03715847,,56.2297104,97.34780122,91.851734,,Chris Flexen,SP,R,R,CHW,30,4.099,1.346919775,0.469901502,,0,,,,,,
13942,Brent Suter,CIN,1,0,2,47,3,65.2,6.852792542,1.64467021,1.370558508,0.271794872,0.828125,0.408866995,0.12345679,3.152284569,4.2,4.308611869,4.193982633,0.209855512,,,,0.42913001,86.03082039,2.857381765,0.21016618,87.63706764,0.629243348,0.19550342,75.79911163,1.413717266,0.16226784,78.59253481,-2.047589786,,,,,,,0.00195503,69.07119751,-0.291455355,,,,,,,0.00097752,106.1455131,,117.1975471,84.56397019,84.99820359,,,,102.6858925,99.26612396,103.415286,,Brent Suter,RP,L,L,CIN,35,7.161,0.209855512,-0.063636459,,0,,,CIN,1,2500000,2500000
14078,Michael Wacha,KCR,13,8,0,29,29,166.2,7.830000478,2.430000148,0.918000056,0.289640592,0.77136515,0.385892116,0.085,3.348000204,4.05,3.652479808,4.140889925,3.344763279,0.23798539,93.7529218,2.700250328,0.11418685,88.91093224,-3.725882512,0.15186467,93.76779074,1.692799319,0.32218378,81.33766222,18.93342154,0.0922722,84.20118815,-5.278020211,0.08150711,75.33274985,-3.486149929,,,,,,,,,,,,,,111.1216925,72.46226415,83.23899676,77.72040302,97.41204188,,78.40912162,,91.08054215,102.3210175,99.3490531,,Michael Wacha,SP,R,R,KCR,33,11.062,3.344763279,2.137141228,3,54000000,18000000,,KCR,3,51000000,17000000
14309,Frankie Montas,- - -,7,11,0,30,30,150.2,8.840708338,3.942478042,1.433628379,0.282238443,0.68946188,0.41588785,0.148148148,4.838495779,4.71,4.706302852,4.261249925,1.365027726,0.33016717,95.75308814,-0.325529233,0.18465046,90.42963124,-6.423138097,0.19262918,94.86768445,5.944501117,,,,0.10790274,85.51383693,-5.557038289,,,,,,,0.18427052,86.1318299,-1.090922248,,,,,,,0.00037994,,,82.70744559,82.64365079,117.202847,,108.8764228,118.8604555,97.79931627,100.7571385,99.39392056,,Frankie Montas,SP,R,R,MIL,32,7.015,1.365027666,1.760507345,2,26000000,13000000,,NYM,2,34000000,17000000
14524,José Leclerc,TEX,6,5,1,64,0,66.2,12.01500183,4.320000659,0.945000144,0.314102564,0.71776156,0.352201257,0.102941176,4.320000659,3.59,3.481479826,3.658728428,0.832681298,0.34742952,95.58239484,2.11139233,0.15671642,90.43579489,-0.572090399,0.07131012,95.36002226,1.239270385,0.10199005,88.37315009,-1.881434795,0.31923715,82.23370028,1.316045441,0.00331675,79.80819702,0.404936422,,,,,,,,,,,,,,76.2,,108.107619,80.24235294,118.2005141,,132.1243386,,110.0698505,96.75789037,99.59377076,,José Leclerc,RP,R,R,TEX,31,8.041,0.832681298,0.226112664,2,12000000,6000000,,ATH,1,10000000,10000000
14527,Jorge López,- - -,2,3,4,52,0,53,8.49056726,3.226415559,1.018868071,0.285714286,0.81911263,0.51048951,0.115384615,2.886792868,3.59,3.940064795,3.95184663,0.196159504,0.1864831,95.84607016,2.776062302,,,,0.3767209,95.77179908,-1.199627466,0.11764706,87.73426592,3.336277481,0.18523154,86.79420925,4.022761241,0.13266583,83.20279564,-3.291548163,,,,,,,,,,,,,0.00125156,105.7648936,,74.61693097,108.9785511,139.5027905,115.9849057,,,108.0376576,101.1301677,102.1404912,,Jorge López,RP,R,R,CHC,32,6.094,0.196159512,0.188810363,,0,,,WSN,1,3000000,3000000
14542,Carlos Estévez,- - -,4,5,26,54,0,55,8.181818466,1.963636432,0.818181847,0.229166667,0.75,0.32885906,0.067567567,2.45454554,3.19,3.239207054,4.091727484,1.15628089,0.61144945,96.92242748,7.951309815,,,,,,,0.10353228,89.51916073,1.981876437,0.28501827,89.49220837,3.205755234,,,,,,,,,,,,,,,,,80.9786631,132.2,108.4722039,,130.3496381,,,,112.1013174,104.2262174,105.6745509,,Carlos Estévez,RP,R,R,PHI,32,8.022,1.156280875,0.302548617,2,18000000,9000000,,,,,
14814,Buck Farmer,CIN,3,2,1,61,1,71,8.87324039,3.676056733,0.887324039,0.26344086,0.81508516,0.357894736,0.086419753,3.042253848,4.14,3.997465783,4.440743027,0.573782116,0.20512821,92.87059364,0.004416421,,,,0.23846154,92.68593693,3.199213423,0.20854701,86.93797627,-1.531966407,0.34786325,82.34471936,5.541489314,,,,,,,,,,,,,,,,,110.2554379,,51.52136752,72.0193662,120.1941032,,,,92.79299174,99.56088873,100.4538778,,Buck Farmer,RP,L,R,CIN,34,7.14,0.573782086,-0.001662058,,0,,,,,,
14843,Michael Lorenzen,- - -,7,6,0,26,24,130.1,6.69820998,4.143222668,1.173913089,0.235955056,0.82402235,0.418230563,0.112582781,3.314578134,4.59,4.892822557,4.9489346,0.728718776,0.26915709,93.9708619,5.522186071,0.09961686,90.23676238,-0.062355079,0.21455939,93.81423596,-1.026034094,0.18821839,84.71067255,7.64147184,0.14942529,84.10847835,-5.08742746,0.07854406,81.81013284,0.317957032,,,,,,,,,,,,,0.00047893,93.41603053,101.7719512,83.92429577,80.78936652,125.5051166,,93.53923445,,93.49211867,97.2141238,94.88184703,,Michael Lorenzen,SP,R,R,KCR,33,9.159,0.728718758,0.88830328,1,5500000,5500000,,KCR,1,7000000,7000000
14986,Giovanny Gallegos,STL,2,1,1,21,0,20.2,9.145164104,4.354840049,2.61290403,0.315789474,0.7421875,0.476190476,0.3,6.532260074,4.65,6.360029148,4.04906883,-0.460414797,0.44139651,92.47981219,-6.22426245,,,,,,,0.06733167,86.52972186,1.857550848,0.49127182,83.86087207,-2.57062757,,,,,,,,,,,,,,,,,57.48148148,,70.46327684,,111.0360406,,,,89.64738155,96.3957606,96.72119701,,Giovanny Gallegos,RP,R,R,STL,33,6.041,-0.460414797,-0.13220045,,0,,,LAD,1,0,
14993,Scott Barlow,CLE,3,3,2,63,0,55,11.12727581,5.07272868,0.981818454,0.287878788,0.73654391,0.471014492,0.139534883,4.254546635,4.17,4.02102547,3.784959249,0.038422238,0.1927593,91.61439166,0.104576126,,,,0.14579256,91.11931103,0.759006057,,,,0.44911937,81.0733592,2.837564226,0.21232877,77.48780422,-3.425342813,,,,,,,,,,,,,,,139.7032558,78.30243902,76.69111111,124.8902655,,,,110.6887574,91.5290927,92.67120316,,Scott Barlow,RP,R,R,CLE,32,6.026,0.038422238,0.189000577,1,4000000,4000000,,,,,
15009,Kyle Finnegan,WSN,3,8,38,65,0,63.2,8.48167624,3.392670496,1.272251436,0.292134831,0.74585635,0.459459459,0.152542372,3.675393037,4.34,4.25024952,3.813733706,-0.014416022,0.67636023,97.38644244,-0.81394187,,,,,,,,,,0.05159475,85.45533558,1.358227979,,,,,,,0.27204503,88.66675647,1.566055615,,,,,,,,,,96.73578363,,112.4881356,,,109.2229965,100.7870544,104.7359287,101.515197,,Kyle Finnegan,RP,R,R,WSN,33,5,-0.014416022,0.287197888,,0,,,,,,
15042,Tim Mayza,- - -,0,2,0,50,0,42.2,5.906251408,3.164063254,1.054687751,0.335616438,0.57142857,0.452702702,0.104166666,6.328126509,5.24,4.502417597,4.679989596,-0.148011819,,,,0.03556772,90.31200468,0.146085538,0.71819425,92.57318824,-5.223354731,,,,0.24487004,86.83955187,-3.956736464,,,,,,,,,,,,,,,,0.00136799,,,63.23333333,92.980305,131.1477137,,,,102.5680444,99.08194808,97.13823134,,Tim Mayza,RP,L,L,NYY,33,5.129,-0.148011819,0.068530045,,0,,,,,,
15047,Austin Voth,SEA,2,5,0,68,0,61,9.000001126,2.655738037,1.327869019,0.23566879,0.66176471,0.347560975,0.128571428,3.688525051,3.14,4.117299569,3.934358373,0.015853606,0.23716632,93.73989617,4.632130131,0.33778234,89.10584869,1.397510525,,,,,,,0.23716632,80.88470644,-2.424575239,0.18788501,75.42181096,3.370228391,,,,,,,,,,,,,,,89.65642458,93.13684211,,113.5285088,,98.79015385,,99.30702479,100.2883264,97.97055785,,Austin Voth,RP,R,R,SEA,33,5.115,0.015853606,0.018315211,,0,,,,,,
15068,Yency Almonte,CHC,1,0,1,17,0,15.2,11.48936357,4.595745427,0.574468178,0.222222222,0.68181818,0.432432432,0.071428571,3.44680907,3.31,3.357969171,3.87933847,0.211131349,0.12359551,94.41108842,1.456281308,0.11985019,92.88057709,0.217254944,0.37078652,94.26188644,-0.231282648,0.02996255,88.85440063,-0.307351399,0.35580524,81.93448808,1.506840482,,,,,,,,,,,,,,,,,69.84285714,,71.06333333,121.882,136.6926316,,68.43428571,,114.184507,94.95422535,98.62359155,,Yency Almonte,RP,R,R,CHC,31,5.143,0.211131349,0.003537383,,0,,,,,,
15288,Adam Cimber,LAA,3,0,0,28,0,24.1,7.027398729,5.178083274,0.369863091,0.28358209,0.54404145,0.447761194,0.047619047,7.027398729,5.53,4.604836243,5.375473796,-0.043499675,0.3125,85.33611779,-0.907053366,,,,0.36057692,85.56975911,-0.188278053,,,,0.32692308,73.70784266,2.125031609,,,,,,,,,,,,,,,,,,,109.3307692,110.076087,43.5078125,,,,87.69823232,92.32045455,97.19040404,,Adam Cimber,RP,R,R,LAA,34,6.102,-0.043499675,-0.154766083,,0,,,,,,
15423,Andrew Heaney,TEX,5,14,0,32,31,160,8.943750586,2.306250151,1.293750085,0.296943231,0.71190211,0.335429769,0.108490566,4.27500028,4.46,4.041479836,4.176140983,2.236586636,0.51044339,91.81237907,0.213211015,,,,0.00439722,92.27638753,-0.038788214,0.17002565,83.93634582,1.67476666,0.27922316,82.72015982,-2.054928448,0.03591059,75.84025231,-3.245147232,,,,,,,,,,,,,,83.46241901,126.4530612,77.20285088,34.13333333,79.21236842,,19.8,,80.37493938,101.5801921,98.80590287,,Andrew Heaney,SP,L,L,TEX,34,9.15,2.236586571,1.636159897,2,25000000,12500000,,,,,
15440,Matthew Boyd,CLE,2,2,0,8,8,39.2,10.43697546,2.949580021,0.907563083,0.277227723,0.74879227,0.314285714,0.08,2.72268925,3.1,3.292530207,3.887498824,0.890123665,0.38714499,92.13120626,1.578557596,,,,0.09715994,91.8877479,0.512386944,0.26158445,80.97618304,0.072417829,0.17638266,79.59098583,1.235736419,0.07772795,74.0298415,0.847966228,,,,,,,,,,,,,,83.25257143,84.86981132,65.50546875,77.86176471,74.48362069,,,,74.55515695,101.7047833,95.04394619,,Matthew Boyd,SP,L,L,CLE,34,8.057,0.890123665,1.712156534,2,18000000,9000000,,CHC,2,29000000,14500000
15454,Nick Pivetta,BOS,6,12,0,27,26,145.2,10.62700303,2.224256448,1.729977238,0.279329609,0.75516693,0.335064935,0.150537634,4.13958839,3.51,4.065793342,3.497602663,2.027095228,0.4861809,94.0525733,8.58460385,0.06155779,88.37705713,-6.41855517,,,,,,,0.28894472,82.70136259,-1.036920115,0.16289782,80.13930482,2.454184461,,,,,,,,,,,,,0.00041876,,117.9669312,122.4436314,,155.2931034,,104.4072464,,133.1004799,104.3395288,107.5960297,,Nick Pivetta,SP,R,R,BOS,32,6.166,2.027095079,2.472429276,3,45000000,15000000,21050000,,,,
15467,Marco Gonzales,PIT,1,1,0,7,7,33.2,6.148515316,2.940594282,1.336633764,0.339285714,0.78723404,0.403508771,0.111111111,4.544554799,6.53,4.71103435,4.801342623,0.225062504,0.31135531,89.72219095,-2.541355107,0.23809524,85.76640625,1.173476454,0.0952381,90.3704834,0.378279123,0.25457875,80.19464507,-1.672512878,,,,0.1007326,79.0082919,-1.218713008,,,,,,,,,,,,,,89.13893805,73.54423077,63.74110429,63.90294118,,,79.98611111,,74.07942387,105.0493827,94.6409465,,Marco Gonzales,SP,L,L,PIT,33,7.102,0.225062504,-9.99E-05,,0,,,,,,
15684,Miguel Castro,ARI,0,0,0,11,0,13.2,5.268293663,1.975610124,1.975610124,0.346938776,0.75757576,0.470588235,0.1875,5.926830371,6.41,5.727455865,4.643953309,-0.169064686,,,,,,,0.43965517,94.99643842,-4.386753701,0.17241379,90.03374634,-1.553958137,0.38793103,81.81421441,0.140619583,,,,,,,,,,,,,,,,,83.38888889,,,92.80784314,149.7294118,,,,113.0573991,94.23542601,99.95067265,,Miguel Castro,RP,R,R,ARI,30,8.033,-0.169064686,-0.013467538,,0,,,HOU,1,0,
15873,Sean Manaea,NYM,12,6,0,32,32,181.2,9.115596841,3.121101092,1.040367031,0.245119306,0.74178935,0.37605042,0.102439024,3.467890102,3.75,3.832534861,4.0359939,2.776812077,0.30674232,92.22660501,12.71712996,0.13017356,87.13318309,5.307702031,0.25200267,92.70553601,9.639466655,0.11849132,85.53414943,-4.056454774,0.19259012,77.84627518,-0.43015312,,,,,,,,,,,,,,,,,82.83117647,,87.80389222,94.51387479,88.10292683,,83.79194313,,90.06804734,97.25958928,96.25576053,,Sean Manaea,SP,R,L,NYM,33,8.157,2.776812077,2.018251657,3,60000000,20000000,21050000,NYM,3,75000000,22009731
15890,Luis Severino,NYM,11,7,0,31,31,182,7.961538462,2.967032967,1.137362637,0.282608696,0.73730469,0.459615384,0.122994652,3.906593407,3.88,4.210435822,4.121125778,2.102358341,0.35051903,96.34099673,-0.210808326,0.083391,92.9125389,3.196824655,0.24809689,95.69312238,9.627373517,0.07543253,86.24591456,-7.809682015,0.24256055,85.73178941,2.378255203,,,,,,,,,,,,,,,,,87.27142857,,100.9644878,90.27513966,142.9642537,,91.76480687,,106.9997577,100.6244029,101.3350294,,Luis Severino,SP,R,R,NYM,31,8.17,2.102358341,1.617066026,3,48000000,16000000,21050000,ATH,3,67000000,22333333.33
15947,Ryne Stanek,- - -,7,3,7,63,0,55.1,10.89759249,4.066265855,1.301205073,0.289855072,0.67901235,0.331034482,0.114285714,4.879519025,3.44,4.142383583,4.175647236,-0.013597272,0.57215967,97.9493358,2.635683946,,,,0.04810645,95.79289603,0.361498442,,,,0.16479017,88.09119335,0.727672499,,,,,,,0.21494371,89.21069568,-3.242300522,,,,,,,,,,128.0875214,94.15,147.3119851,,,113.6099711,125.3171064,96.19786757,103.5975197,,Ryne Stanek,RP,R,R,NYM,33,7.038,-0.013597272,0.172261596,,0,,,,,,
16122,Jordan Romano,TOR,1,2,8,15,0,13.2,8.560976605,2.634146648,2.634146648,0.3,0.71428571,0.279069767,0.222222222,6.58536662,7.6,6.166480127,4.353027573,-0.308636725,0.47906977,96.57839995,-1.151318647,,,,,,,,,,0.52093023,86.50979178,-1.913318533,,,,,,,,,,,,,,,,,,,124.6407767,,141.7339286,,,,133.5451163,97.56837209,103.0283721,,Jordan Romano,RP,R,R,TOR,32,5.051,-0.308636725,0.314379692,,0,,,PHI,1,8500000,8500000
16207,Spencer Turnbull,PHI,3,0,0,17,7,54.1,9.607362188,3.312883513,0.993865054,0.233082707,0.83955224,0.474820143,0.12,2.65030681,4.05,3.847461389,3.803297345,0.66724541,,,,0.34934498,92.28418579,-1.426343702,0.12227074,93.48871722,-1.789523788,0.05349345,87.97233737,0.661173075,0.38537118,84.24077107,6.977063756,0.08951965,79.12242908,1.63942061,,,,,,,,,,,,,,124.7653061,103.2365854,92.33479624,88.1699115,126.8936325,,,,112.4633637,98.94281166,99.881513,,Spencer Turnbull,SP,R,R,PHI,32,6.02,0.667245448,1.142023206,1,5000000,5000000,,,,,
16258,Aaron Bummer,ATL,4,3,0,56,0,55.1,11.22289415,2.927711516,0.32530128,0.385620915,0.72890026,0.597315436,0.071428571,3.578314075,2.8,2.226720526,2.521953763,1.09362638,0.09856263,93.72344971,1.625571486,0.0513347,87.62087891,-2.206879694,0.39835729,93.33873631,-1.242864378,0.01232033,84.62323507,0.209557686,0.41581109,82.47601273,2.379707463,0.02361396,82.41666313,-0.401037291,,,,,,,,,,,,,,82.76666667,121.5714286,88.22934783,87.87834225,118.1139241,,74.42857143,,100.6028602,101.3648305,98.47669492,,Aaron Bummer,RP,L,L,ATL,31,6.15,1.09362638,0.696157157,,0,,,ATL,2,13000000,6500000
16269,John Means,BAL,2,0,0,4,4,20.2,6.96774215,0.870967769,0.870967769,0.237288136,0.80246914,0.183333333,0.058823529,2.612903306,4.68,3.311641073,4.541074295,0.470813751,0.375,90.57680664,0.937062245,,,,,,,0.284375,82.2316814,0.811581358,0.23125,84.63307644,1.269419134,0.109375,75.9394322,0.480840106,,,,,,,,,,,,,,88.76153846,,87.50416667,,83.13918919,87.82571429,,,86.8875,101.45,101.9521875,,John Means,SP,L,L,BAL,32,6.007,0.470813751,-9.99E-05,1,8000000,8000000,,,,,
16350,Ryan Borucki,PIT,0,0,0,14,0,11,10.63636548,3.27272784,1.63636392,0.387096774,0.55555556,0.5,0.25,7.36363764,7.32,4.530116378,3.266122273,-0.044543315,,,,,,,0.24712644,94.25830646,-1.890408579,0.12643678,84.89667858,-0.555846229,0.62643678,87.58805189,-0.8203049,,,,,,,,,,,,,,,,,79.63636364,,,100.4023256,111.0207447,,,,96.50517241,97.27241379,103.4511494,,Ryan Borucki,RP,L,L,PIT,31,6.006,-0.044543315,0.161020413,,0,,,,,,
16502,Ryan Yarbrough,- - -,5,2,1,44,0,98.2,5.929054551,2.918919163,1.003378462,0.212230216,0.79107505,0.407801418,0.101851851,3.192567835,4.2,4.636074496,4.841786417,-0.053686798,0.16974901,86.80164762,-0.807817794,0.0990753,83.92201701,-6.436274007,0.30317041,86.03561155,12.63576797,0.15323646,77.33868198,0.668768644,0.27476882,71.3729295,6.272650972,,,,,,,,,,,,,,,,,74.41843972,95.41943927,83.75640418,66.46723933,,,95.064,,81.48742798,99.67368211,95.80726352,,Ryan Yarbrough,RP,R,L,TOR,33,6.117,-0.053686798,-0.041027792,,0,,,,,,
16814,Tim Hill,- - -,4,0,0,62,0,67,4.164179934,2.552239315,0.26865677,0.316455696,0.69327731,0.682203389,0.054054054,3.358209624,3.56,3.569464933,4.016395038,0.494999468,0.25813008,90.7686931,-1.037753977,,,,0.68800813,88.69183611,6.513106819,,,,0.05182927,82.22654335,-2.401964344,,,,,,,,,,,,,,,,0.00203252,,,107.4375152,103.3754616,157.0705882,,,,107.2546631,104.4689288,99.42023729,,Tim Hill,RP,R,L,NYY,35,6.112,0.494999468,-0.087185957,,0,,,,,,
16943,Sean Newcomb,OAK,1,0,0,7,0,10,6.300000601,7.200000687,1.800000172,0.259259259,0.72368421,0.5,0.2,6.300000601,5.53,7.06648015,5.978488453,-0.226183802,0.47282609,93.87452294,-2.031101249,,,,0.11956522,93.29632013,0.635622535,0.03804348,85.45760672,0.287674587,0.20652174,82.5695351,-1.003378842,0.16304348,79.50620931,0.003667928,,,,,,,,,,,,,,94.87142857,103.8076923,98.7137931,90.25909091,,,,,99.34456522,89.38695652,91.91576087,,Sean Newcomb,RP,L,L,ATH,32,5.041,-0.226183802,0.012986633,,0,,,BOS,1,0,
16977,Trevor Williams,WSN,6,1,0,13,13,66.2,7.965000304,2.430000093,0.405000015,0.266666667,0.80246914,0.453551912,0.042253521,2.025000077,3.17,2.791479764,3.816768756,1.979916573,0.36278195,89.1898984,9.091625147,,,,0.12406015,87.8873402,1.956025731,0.16635338,83.05014124,-0.757029101,0.34680451,78.95463351,2.869174313,,,,,,,,,,,,,,,,,70.14134078,,62.51136951,90.02713178,99.92750678,,,,81.44981203,103.5977444,93.87359023,,Trevor Williams,SP,R,R,WSN,33,8.027,1.979916573,0.739014208,2,18000000,9000000,,WSN,2,14000000,7000000
17192,Jalen Beeks,- - -,7,4,10,71,0,70,7.071430306,3.471429423,0.771428761,0.321266968,0.65922921,0.450892857,0.073170731,4.500001104,3.8,3.99505141,4.651975704,0.617543191,0.55322716,94.72973189,3.464675233,0.17183571,85.1236876,-1.484404754,,,,0.25733445,89.016662,-3.433849301,0.00586756,82.32183838,0.183925342,0.00922045,74.86890203,0.141625237,,,,,,,,,,,,,0.00251467,81.62473023,88.00083333,73.43645101,,,,86.70636916,,77.98172674,93.81453196,88.95723434,,Jalen Beeks,RP,L,L,PIT,31,6.003,0.617543221,0.318098396,,0,,,,,,
17432,Jeff Hoffman,PHI,3,3,10,68,0,66.1,12.07537781,2.170854438,0.814070414,0.278145695,0.80204778,0.375796178,0.09375,2.170854438,2.87,2.518238523,2.801181328,2.042233706,0.36263736,96.85885847,3.951480061,,,,0.10989011,96.67393466,3.579361279,,,,0.40759241,86.91707835,5.106356695,,,,,,,0.11988012,90.6338623,-0.761638876,,,,,,,,,,118.1544987,112.4623188,117.8067164,,,103.5260504,115.8178788,100.0846465,103.9019192,,Jeff Hoffman,RP,R,R,PHI,32,6.084,2.042233706,0.887159526,3,30000000,10000000,,TOR,3,33000000,11000000
17479,Jack Flaherty,- - -,13,7,0,28,28,162,10.77777803,2.111111161,1.333333365,0.285347044,0.80892608,0.395121951,0.154838709,3.166666741,3.54,3.475121761,2.995870533,3.215585768,0.44149766,93.40228854,5.975080501,,,,0.02223089,90.49886924,-1.382128004,0.02769111,85.85412598,-1.775404826,0.29017161,84.81944357,0.009106889,0.21801872,77.41383539,12.32004762,,,,,,,,,,,,,0.00039002,86.507,,91.54301021,74.77241055,94.89955041,101.325288,,,94.08399181,102.393779,101.507008,,Jack Flaherty,SP,R,R,LAD,29,7.006,3.215585709,2.607844591,4,88000000,22000000,,,,,
17490,Génesis Cabrera,TOR,3,3,2,69,0,62.2,7.180852667,4.164894547,1.436170533,0.294444444,0.7875,0.427807486,0.142857142,3.590426333,4.4,5.129246174,4.743723563,-0.498635471,0.17572816,96.04533192,-9.882240962,,,,0.23398058,96.05283973,-4.233154848,0.07669903,88.17036689,1.166782357,0.39320388,89.17989969,5.954320278,0.12038835,78.88678963,1.754528385,,,,,,,,,,,,,,49.13461538,91.64958678,113.1411765,91.81341991,,,80.74135338,,87.97677165,94.67598425,90.2640748,,Génesis Cabrera,RP,L,L,TOR,28,5.011,-0.498635471,0.000145058,,0,,,NYM,1,0,
17496,Diego Castillo,MIN,0,0,0,7,0,10,5.400000515,7.200000687,0,0.275862069,0.8125,0.517241379,0,2.700000257,3.97,4.366479893,6.180890153,0.025092594,0.08474576,96.71319987,-0.314929057,,,,0.25423729,95.12907986,-0.259835064,0.03389831,89.96523031,-0.032111879,0.62711864,86.74379751,1.38142094,,,,,,,,,,,,,,,,,49.575,,72.17142857,85.29268293,102.7846847,,,,93.89830508,90.73276836,95.83050847,,Diego Castillo,RP,R,R,MIN,31,4.169,0.025092594,-0.036802057,,0,,,COL,1,0,
17586,Tanner Scott,- - -,9,6,22,72,0,72,10.50000083,4.500000358,0.37500003,0.247058824,0.79691517,0.5,0.0625,1.750000139,2.96,2.916479758,3.382818733,1.638567209,0.59243336,97.17322716,13.07959577,,,,,,,0.00085985,92.20310211,-0.021046951,0.40670679,88.67314061,4.644851737,,,,,,,,,,,,,,,,,,,151.4943317,,135.7937167,,,,145.2026054,100.1461066,110.0385387,,Tanner Scott,RP,R,L,SDP,30,6.059,1.638567209,0.849746168,3,36000000,12000000,,LAD,4,72000000,17127897
17610,Tanner Rainey,WSN,0,0,0,50,0,51,7.764706463,5.117647442,1.411764811,0.267123288,0.75581395,0.281045751,0.094117647,4.764706239,5.49,5.421381908,5.902180268,-0.196845204,0.70926518,94.21664438,-2.641913775,,,,,,,0.01384452,85.98170823,-0.899033938,0.27689031,86.78585487,-0.724743422,,,,,,,,,,,,,,,,,86.64444444,,111.4522936,,103.8506024,,,,109.1320175,96.79287281,99.12653509,,Tanner Rainey,RP,R,R,WSN,32,5.127,-0.196845204,-0.200887799,,0,,,PIT,1,0,
17735,Tyler Alexander,TBR,6,5,0,23,9,107.2,7.523220258,2.006192069,1.922600733,0.277955272,0.73033708,0.312121212,0.138554216,5.099071509,4.68,5.079792585,4.633910782,-0.569327503,0.21043165,89.79818543,1.986998338,0.32733813,85.24073875,-3.016472533,0.13369305,89.68773648,-4.592701998,0.13669065,81.41989618,-6.701236766,0.19184652,77.81574097,4.573934387,,,,,,,,,,,,,,,,,101.8964912,,84.62715054,60.91141553,114.0790065,,98.17566038,,93.98598316,105.6676633,103.6328572,,Tyler Alexander,SP,R,L,TBR,30,5.011,-0.569327474,0.26687777,,0,,,,,,
17755,Drew Smith,NYM,1,1,2,19,0,17.2,11.71698535,4.58490731,1.018868291,0.355555556,0.82644628,0.255319148,0.08,3.056604874,4.43,3.562706336,4.230643,0.220380157,0.46341463,95.13502904,-0.022897135,0.27439024,89.31529948,-1.448984012,,,,0.05182927,85.72570801,-0.606323272,0.13719512,84.91029188,-0.041629713,0.07317073,76.76480103,0.747729156,,,,,,,,,,,,,,66.02352941,79.05416667,119.4922481,,102.9181818,,150.4903226,,117.0468354,101.5120253,103.3734177,,Drew Smith,RP,R,R,NYM,31,6.034,0.220380157,0.005892416,1,2000000,2000000,,,,,
17796,Dillon Tate,- - -,2,1,1,33,0,36.2,6.627273704,2.94545498,0.490909163,0.336134454,0.67028986,0.495867768,0.057142857,4.663637051,3.83,3.711934404,4.446124355,0.213925771,0.00507614,93.89016724,0.073091377,,,,0.53637902,92.70087151,-0.246438611,0.12521151,83.78307858,-1.274307393,0.33333333,79.56602207,-0.560423449,,,,,,,,,,,,,,,,,83.68918919,,,87.51316614,124.3086294,,,,99.32177966,95.58269785,95.83874981,,Dillon Tate,RP,R,R,TOR,31,4.144,0.213925779,0.038286652,,0,,,,,,
17859,Adbert Alzolay,CHC,1,4,4,18,0,17.1,6.750001238,3.115385187,3.115385187,0.265306122,0.73863636,0.418181818,0.260869565,4.67307778,6.79,7.378019012,4.884337402,-0.813818038,0.21580547,95.06507895,0.676151976,0.11246201,90.65170371,-0.81085784,0.22492401,94.68931456,-1.80204659,0.00607903,87.18260193,0.033727009,0.44072948,87.38069774,-2.804156441,,,,,,,,,,,,,,,,,76.65,,92.8761194,93.68947368,133.1913043,,101.088,,112.6968208,98.16271676,98.49190751,,Adbert Alzolay,RP,R,R,CHC,30,4.05,-0.813818038,0.004497065,,0,,,,,,
18064,Phil Maton,- - -,3,3,3,71,0,64,8.437501509,3.375000603,0.984375176,0.242424242,0.75498575,0.467836257,0.114754098,3.656250654,4.31,4.260229974,4.279487989,0.105010569,,,,0.35376045,88.77134853,5.577994708,0.09192201,87.50057706,2.465513181,0.00092851,83.68990326,-0.351199359,0.26462396,81.66573979,-1.812639616,0.28876509,74.82235355,-0.044836175,,,,,,,,,,,,,,,91.05194282,,54.8225,141.1913738,,74.6837724,,93.04670018,95.09867755,101.4847475,,Phil Maton,RP,R,R,NYM,32,7.047,0.105010569,0.118705422,,0,,,,,,
18335,Josh Staumont,MIN,1,0,0,25,0,24.1,6.657535116,5.178082868,0,0.246376812,0.625,0.470588235,0,3.69863062,4.37,3.53634284,5.027638997,0.217351317,0.08095238,94.06817268,0.787130542,,,,0.29047619,94.97869173,0.977036815,,,,0.61428571,86.52662458,4.645965435,0.01428571,79.03725179,-0.992589917,,,,,,,,,,,,,,,69.5,95.20714286,92.85533981,122.3295547,,,,110.521608,92.02035176,95.49246231,,Josh Staumont,RP,R,R,MIN,31,5.028,0.217351317,0.026109533,,0,,,,,,
18337,Nick Anderson,KCR,3,1,1,37,0,35.2,7.317757531,3.785046999,1.5140188,0.284313725,0.79812207,0.398148148,0.136363636,4.037383465,5.14,5.07302197,4.751387458,-0.219444349,0.2513089,94.74593777,-5.234562028,,,,0.23385689,95.16275799,0.796339612,0.05933682,88.2128619,0.006500021,0.45549738,81.83489733,0.428891413,,,,,,,,,,,,,,,,,81.632,113.0484,60.87480315,70.49117647,,,,,87.49421053,99.67526316,96.60719298,,Nick Anderson,RP,R,R,KCR,34,5.094,-0.219444349,-0.028086424,,0,,,,,,
18383,Michael Soroka,CHW,0,10,0,25,9,79.2,9.489540506,4.970711694,1.468619364,0.261083744,0.67510549,0.402843601,0.144444444,4.744770253,4.59,4.948906699,4.535694405,0.385195166,0.32545202,93.54206939,1.809645161,,,,0.21210014,92.38677478,-4.599456433,0.09735744,82.22362758,-4.923018958,0.3650904,81.99347842,2.013698712,,,,,,,,,,,,,,,,,112.9571429,,95.76688034,77.27287582,102.9092979,,,,96.12022691,95.38158757,93.91398962,,Michael Soroka,SP,R,R,CHW,27,6.009,0.385195196,0.864164114,,0,,,WSN,1,9000000,9000000
18403,Enyel De Los Santos,- - -,1,2,2,64,0,64,9.281252075,3.515625786,2.390625534,0.290909091,0.8005618,0.344444444,0.195402298,5.203126163,5.31,5.963355403,4.565616518,-0.947051696,0.49379433,95.5376371,-9.542374898,,,,,,,0.07624113,87.5795061,-1.910396669,0.42907801,86.52143292,0.324908219,,,,,,,,,,,,,,,,0.00088652,78.75106732,,77.37695446,,109.7570823,,,,90.74137506,103.456727,99.49534587,,Enyel De Los Santos,RP,R,R,CHW,29,4.015,-0.947051704,0.097676292,,0,,,ATL,1,0,
18655,A.J. Minter,ATL,5,4,1,39,0,34.1,9.174758641,2.883495573,1.572815767,0.222222222,0.94202899,0.458823529,0.166666666,2.621359612,3.31,4.448033366,3.761595477,-0.053725269,0.47701149,94.7576164,3.63990188,0.34482759,89.54034831,-0.261463068,,,,0.17816092,86.92852193,1.521782305,,,,,,,,,,,,,,,,,,,,66.33763441,,114.4807229,,,,113.3311111,,105.5070881,101.9712644,102.5653257,,A.J. Minter,RP,L,L,ATL,31,6.154,-0.053725269,0.540845871,1,5000000,5000000,,NYM,2,22000000,11000000
19206,Dakota Hudson,COL,2,12,0,18,18,89,4.955056605,5.056180209,1.112359646,0.30449827,0.63492063,0.523489932,0.125,6.168539855,6.01,5.526030542,5.414308507,0.004712492,0.13029101,90.18636977,-2.639793359,0.24272487,84.46439671,-2.646506395,0.33928571,90.66713115,-1.590273809,0.10119048,83.8898846,-8.555650894,0.17261905,80.43815852,1.419500124,,,,,,,,,,,,,,,,0.01388889,84.28905109,103.4396887,63.8042654,70.9130064,98.86882353,,,,83.86913319,95.33699789,90.70317125,,Dakota Hudson,SP,R,R,COL,30,5.141,0.004712492,-0.041838396,,0,,,LAA,1,0,
19274,Jacob Webb,BAL,2,5,2,60,0,56.2,9.21176698,4.288236353,0.635294274,0.244897959,0.72115385,0.34,0.0625,3.017647804,3.51,3.519421042,4.30945426,0.637088716,0.44325482,93.54853563,-0.028596718,,,,,,,0.27623126,84.40277525,4.757574793,0.28051392,82.8290792,1.901001271,,,,,,,,,,,,,,,,,111.0402344,,105.0636364,,110.340856,,,,108.2559304,99.009358,102.2027203,,Jacob Webb,RP,R,R,BAL,31,4.046,0.637088716,0.039444689,,0,,,TEX,1,1250000,1250000
19309,Trevor Richards,- - -,2,2,1,55,2,65.1,8.54081749,4.821429228,0.964285846,0.216374269,0.63202247,0.352272727,0.081395348,4.545918987,3.62,4.360357492,4.95779721,0.078178966,0.46251053,92.35656449,0.441995613,,,,,,,0.53074979,79.20574971,3.659623478,0.00336984,84.38452148,0.087758716,,,,,,,,,,,,,,,,0.00336984,108.211361,,85.93395745,,,,,,97.90481504,94.04971199,97.25091854,,Trevor Richards,RP,R,R,MIN,32,6.07,0.078178957,-0.017954249,,0,,,,,,
19312,Cal Quantrill,COL,8,11,0,29,29,148.1,6.674157532,4.186516997,1.395505666,0.300225734,0.75073602,0.443722943,0.149350649,4.975281069,5.31,5.31704165,4.871081823,0.495717555,0.15134317,94.23231445,-5.599030457,0.12599319,87.94925394,-0.23782371,0.25047295,93.9297111,-15.64257351,0.02913356,85.36836698,-0.375296935,,,,0.1286417,79.92184053,-2.815389458,,,,0.31441544,86.74881543,3.646675341,,,,,,,,87.80571429,97.65331325,,78.83079096,,,75.71657303,108.6609929,90.13147946,95.5214831,93.8997092,,Cal Quantrill,SP,L,R,COL,30,5.132,0.495717555,0.707996547,,0,,,,,,
19320,Joey Lucchesi,NYM,0,2,0,2,2,10.1,6.096774381,6.96774215,0.870967769,0.233333333,0.68493151,0.448275862,0.083333333,5.225806612,6.05,5.392286298,5.890102527,-0.039820272,0.27374302,90.03147919,0.141507909,,,,0.44692737,90.0256958,-1.301576164,0.27374302,76.74179887,0.339460161,,,,,,,,,,0.00558659,81.84799957,-0.038078323,,,,,,,,,51.3,,89.4,,,62.7,,75.05294118,90.51764706,83.14117647,,Joey Lucchesi,SP,L,L,NYM,32,4.113,-0.039820272,-9.99E-05,,0,,,SFG,1,0,
19349,Caleb Ferguson,- - -,1,4,1,62,0,54.1,11.09816289,4.141105554,0.993865333,0.340136054,0.66579634,0.467105263,0.133333333,4.638038221,4.11,3.737032099,3.553726122,0.286290718,0.42492013,93.91943971,-7.376976378,0.26304579,89.13509576,5.727698803,0.10223642,94.03736369,0.427786443,,,,0.0085197,85.38904953,-0.094409101,0.20127796,81.01813874,0.284269724,,,,,,,,,,,,,,,84.93858439,87.67571169,94.50652174,129.2,,88.67791247,,88.38722653,103.0415968,98.08634581,,Caleb Ferguson,RP,R,L,HOU,28,6.093,0.286290705,0.420984358,1,3000000,3000000,,PIT,1,3000000,3000000
19361,Corbin Burnes,BAL,15,9,0,32,32,194.1,8.382504508,2.222984621,1.018867951,0.269303202,0.75461455,0.481751824,0.116402116,2.917667315,3.34,3.547268811,3.546083161,3.738384724,,,,0.44993324,95.32144265,18.68078678,0.07843792,97.00668218,-1.639993861,0.11048064,89.25407737,0.663059909,0.14252336,87.25792228,4.034737222,0.21862483,80.39000477,2.109454162,,,,,,,,,,,,,,110.4546828,109.3706977,,103.6459227,133.4477477,,124.9365456,,119.5674683,102.6444556,107.0129259,,Corbin Burnes,SP,R,R,BAL,30,6.049,3.738384724,3.645526886,6,180000000,30000000,21050000,ARI,6,210000000,33041322
19374,Walker Buehler,LAD,1,6,0,16,16,75.1,7.646018215,3.345132969,1.911504554,0.316017316,0.70281124,0.454545454,0.188235294,5.376106558,4.78,5.542586133,4.487551299,-0.160544306,0.28742515,95.01657104,-8.794603761,0.21107784,91.22242769,3.611186456,0.16317365,94.84711869,-1.166995157,0.0508982,90.00887523,-4.127140742,0.09580838,82.93833923,-0.804888308,0.19161677,77.91560364,-3.987135224,,,,,,,,,,,,,,69.55909091,,84.52297297,81.8785,119.4049645,100.0878788,102.5288889,,93.42584541,101.1995169,99.54653784,,Walker Buehler,SP,R,R,LAD,30,6.168,-0.160544306,1.389659882,1,15000000,15000000,,BOS,1,21050000,21050000
19403,Colin Poche,TBR,1,2,2,43,0,37.1,7.955358227,3.133928998,1.68750023,0.23,0.81325301,0.333333333,0.132075471,3.857143383,3.86,4.880765726,4.58977762,-0.319651455,0.68139963,91.30698902,2.659004923,,,,,,,,,,0.31860037,83.21825325,0.299016625,,,,,,,,,,,,,,,,,,,96.80221607,,64.46686391,,,,86.53896353,92.71996161,95.60806142,,Colin Poche,RP,L,L,TBR,31,5.114,-0.319651455,-0.056653891,,0,,,,,,
19427,Shane Bieber,CLE,2,0,0,2,2,12,15,0.75,0,0.416666667,1,0.5,0,0,2.76,0.083146445,0.587149247,0.768960118,0.41566265,92.47847317,0.428870711,0.06626506,87.25715221,0.223632745,,,,0.13253012,89.51641291,-0.363699768,0.27710843,85.90658437,2.974410288,0.10843373,83.26327854,-0.30395633,,,,,,,,,,,,,,59.37727273,,91.82898551,,120.1804878,138.1555556,74.675,,97.90060241,101.5771084,99.58795181,,Shane Bieber,SP,R,R,CLE,30,6.097,0.768960118,1.538555741,2,40000000,20000000,,CLE,2,26000000,13000000
19447,Patrick Sandoval,LAA,2,8,0,16,16,79.2,9.150627907,3.953975022,0.903765719,0.340707965,0.66189624,0.45021645,0.102564102,5.083682171,4.25,3.869408671,4.044345777,1.246824145,0.1599723,93.99777631,-5.011397433,,,,0.17382271,93.98327783,-4.55425363,0.283241,83.15360445,2.996286891,0.29432133,87.00483456,1.390032127,0.08864266,76.53266907,2.315367159,,,,,,,,,,,,,,95.00880196,95.76076923,55.92077922,63.33027888,149.7073394,,,,98.32479224,98.29314404,98.5932133,,Patrick Sandoval,SP,L,L,LAA,28,4.149,1.246824145,0.206809014,,0,,,BOS,2,18250000,9125000
19753,Jonathan Loáisiga,NYY,1,0,0,3,0,4,6.75,2.25,0,0.4375,1,0.5625,0,0,4.28,2.416479778,3.172483981,0.148720786,0.01639344,98.49819946,-0.021046951,,,,0.67213115,98.19598538,-1.400969941,0.16393443,90.07047119,0.656426743,0.14754098,88.23144531,0.030370928,,,,,,,,,,,,,,,,,67.31,158.5888889,85.6,101.3536585,,,,,103.9590164,105.8754098,109.9754098,,Jonathan Loáisiga,RP,R,R,NYY,30,6.022,0.148720786,0.446984977,1,3000000,3000000,,NYY,1,5000000,5000000
19867,Griffin Canning,LAA,6,13,0,32,31,171.2,6.815534384,3.46019438,1.625242815,0.282608696,0.69595262,0.407129455,0.148325358,5.19029157,4.74,5.257742038,4.751002728,0.211226789,0.37643778,93.70315032,-10.94237423,,,,0.00941094,93.23551432,-0.051351722,0.26664343,88.80850008,3.861677174,0.24050192,87.93109007,-6.158383753,0.10700593,80.84128235,-2.713148437,,,,,,,,,,,,,,96.45162861,74.50256286,72.76703266,76.1,107.2041035,,,,87.62287416,97.67656087,96.91999853,,Griffin Canning,SP,R,R,LAA,29,5.075,0.211226791,0.510760009,,0,,,NYM,1,4250000,4250000
19990,Bryse Wilson,MIL,5,4,0,34,9,104.2,7.050955842,2.665605257,1.719745327,0.268852459,0.80733945,0.377708978,0.143884892,4.041401519,5.35,5.086862061,4.610771284,-0.224974975,0.15225335,93.64710938,-7.815051004,0.34835566,88.88878797,6.68237666,0.31973203,93.17421875,6.721474703,0.0408039,87.8511726,-0.528787486,,,,0.13885505,80.49692897,-7.497035649,,,,,,,,,,,,,,54.04284199,106.4710526,84.712047,91.64868179,,,98.31139763,,93.31805735,104.6857064,98.37558664,,Bryse Wilson,SP,R,R,MIL,27,4.036,-0.224974975,0.20336701,,0,,,CHW,1,1050000,1050000
20633,Yusei Kikuchi,- - -,9,10,0,32,32,175.2,10.55408008,2.254269531,1.280834961,0.309368192,0.71910112,0.425887265,0.135135135,4.047438477,3.7,3.456802369,3.199050302,3.5434829,0.47070915,95.57594159,-1.161499515,,,,,,,0.11099692,86.77943251,-0.480868585,0.23227133,88.39309953,7.813097041,0.18602261,82.54004805,1.341596961,,,,,,,,,,,,,,99.24351852,98.90973783,114.2507278,,111.3786026,,,,109.1203153,101.2175725,104.8324891,,Yusei Kikuchi,SP,L,L,HOU,34,6,3.54348278,3.032259226,3,54000000,18000000,,LAA,3,63000000,21000000