playerid,Name_x,Team,G,PA,H,1B,2B,3B,HR,R,RBI,SB,BB%,K%,ISO,BABIP,AVG,xBA,wOBA,xwOBA,SLG,xSLG,OBP,wRC+,Off,Def,Spd,BsR,WAR,BB/K,Barrel%,HardHit%,O-Swing% (sc),Z-Swing% (sc),Swing% (sc),O-Contact% (sc),Z-Contact% (sc),Contact% (sc),Pull%,Cent%,Oppo%,EV,LA,maxEV,LD%,GB%,FB%,Clutch,Name_y,Pos,Bats,Thr,Prev Team,Age,Service Time,2024 WAR,Proj WAR,Med Years,Med Total,Med AAV,QO,Signing Team,Years,Total Salary,AAV
10815,Jurickson Profar,SDP,158,668,158,105,29,0,24,94,85,10,0.113772455,0.151197604,0.179078015,0.301801801,0.280141843,0.282,0.36529605,0.364,0.459219858,0.444,0.380090497,139.2126565,30.5526828,-11.12048841,3.623229782,-0.770364903,4.304333021,0.752475247,0.07188161,0.44186047,0.22406015,0.67022033,0.45341615,0.67785235,0.89607635,0.84367446,0.4038055,0.35940803,0.23678647,91.07275391,13.4413631,110.265,0.198275862,0.422413793,0.379310344,2.612031157,Jurickson Profar,LF,S,R,SDP,32,10.165,4.30433321,1.900441408,3,45000000,15000000,,ATL,3,42000000,14000000
13590,Jesse Winker,- - -,145,508,109,72,23,0,14,63,58,14,0.124015748,0.208661417,0.15116279,0.303514376,0.253488372,0.245,0.337835083,0.329,0.404651162,0.384,0.359683794,118.2795986,8.294317265,-13.05487716,4.073787002,-2.809994601,1.255480021,0.594339622,0.07598784,0.36778116,0.1968254,0.62969589,0.43141057,0.60215054,0.87073864,0.81460674,0.35866261,0.3556231,0.28571429,88.58066587,14.02980249,109.232,0.216049382,0.450617283,0.333333333,1.271846451,Jesse Winker,LF/RF/DH,L,L,NYM,31,7.08,1.251511693,1.021210194,2,14000000,7000000,,NYM,1,7500000,7500000
15194,Jake Bauers,MIL,117,346,60,37,9,2,12,45,43,13,0.112716763,0.341040462,0.162251656,0.279069767,0.198675496,0.201,0.294134459,0.302,0.360927152,0.379,0.300578034,87.26710653,-4.211552791,-6.834693857,6.861886732,1.056674317,0.049149797,0.330508474,0.10326087,0.41847826,0.20200573,0.67690418,0.45767196,0.32624113,0.83121597,0.7283237,0.5,0.30978261,0.19021739,89.42435148,22.63478181,110.121,0.215469613,0.287292817,0.497237569,1.008222399,Jake Bauers,1B/RF/LF,L,L,MIL,29,4.084,0.049149796,-0.028937105,,0,,,MIL,1,0,
10243,Randal Grichuk,ARI,106,279,74,40,20,2,12,40,46,0,0.071684587,0.164874551,0.236220473,0.313131313,0.291338582,0.278,0.37303115,0.359,0.527559055,0.483,0.34767025,139.1073538,13.64224942,-7.991124153,2.902003478,0.594851188,1.543186597,0.434782608,0.10952381,0.47619048,0.28298279,0.6557377,0.4738806,0.58783784,0.92222222,0.82480315,0.45238095,0.36666667,0.18095238,90.66595955,17.01023638,112.303,0.18095238,0.366666666,0.452380952,0.987206017,Randal Grichuk,LF/RF/CF,R,R,ARI,33,10.033,1.543186665,0.441929132,,0,,,,,,
15986,Willy Adames,MIL,161,688,153,88,33,0,32,93,112,21,0.107558139,0.251453488,0.211475409,0.296568627,0.250819672,0.243,0.341931815,0.339,0.462295081,0.461,0.331395348,119.438004,17.22610312,5.927154064,4.433158214,1.234154373,4.757420971,0.427745664,0.12045455,0.40454545,0.27527675,0.70899855,0.49396268,0.4691689,0.84237462,0.73925926,0.45227273,0.33636364,0.21136364,88.56212713,20.60034402,112.287,0.188636363,0.313636363,0.497727272,0.947557149,Willy Adames,SS,R,R,MIL,29,6.105,4.757421017,3.894942045,6,150000000,25000000,21050000,SFG,7,182000000,26000000
17027,Alex Verdugo,NYY,149,621,130,88,28,1,13,74,61,2,0.078904991,0.149758454,0.123434705,0.252699784,0.232558139,0.25,0.283420814,0.302,0.355992844,0.373,0.290791599,83.14835691,-14.4355098,-0.496343613,2.941642729,-2.461504117,0.595861637,0.52688172,0.05648536,0.34937238,0.26526718,0.58964451,0.44449189,0.67625899,0.93184797,0.8635927,0.37238494,0.34309623,0.28451883,88.28123341,9.879320926,110.667,0.169133192,0.492600422,0.338266384,0.890356517,Alex Verdugo,RF/LF,L,L,NYY,29,6.078,0.595861614,1.056162477,2,16000000,8000000,,,,,
10231,Jose Iglesias,NYM,85,291,91,70,16,1,4,39,26,6,0.041237113,0.134020618,0.111111111,0.381578947,0.337037037,0.285,0.361797291,0.314,0.448148148,0.369,0.381443298,136.6945913,12.59224416,2.3324368,4.72129439,-0.176739402,2.542209395,0.307692307,0.02155172,0.30603448,0.4019802,0.63333333,0.52465116,0.78325123,0.89750693,0.85638298,0.31034483,0.38362069,0.30603448,85.84554317,9.042851941,109.845,0.237068965,0.487068965,0.275862068,0.868552356,Jose Iglesias,2B/SS,R,R,NYM,35,10.158,2.542209387,1.357910037,,0,,,,,,
6184,J.D. Martinez,NYM,120,495,102,61,24,1,16,46,69,0,0.098989898,0.284848484,0.170506912,0.308243727,0.235023041,0.256,0.318458867,0.351,0.405529953,0.472,0.3197556,107.5248613,2.134870541,-12.63888836,1.406746028,-2.319280952,0.617598455,0.34751773,0.14715719,0.4548495,0.28825271,0.67757459,0.48538012,0.36986301,0.84090909,0.70281124,0.36949153,0.35254237,0.2779661,90.96971328,14.36241928,110.836,0.196610169,0.383050847,0.420338983,0.867494323,J.D. Martinez,DH,R,R,NYM,37,13.021,0.617598474,0.082596496,1,9000000,9000000,,,,,
11899,Joc Pederson,ARI,132,449,101,60,17,1,23,62,64,7,0.122494432,0.233853006,0.239782017,0.322314049,0.275204359,0.264,0.391035317,0.378,0.514986376,0.48,0.392776523,151.225392,26.35744426,-12.63888836,3.908926099,-1.146369353,2.961045298,0.523809523,0.12546125,0.45387454,0.30063966,0.58352668,0.43611111,0.64893617,0.84890656,0.77707006,0.5,0.35714286,0.14285714,92.16299579,16.99797739,114.139,0.205323193,0.39163498,0.403041825,0.850131476,Joc Pederson,DH/LF/RF,L,L,ARI,33,10.028,2.961045265,1.855531096,2,28000000,14000000,,TEX,2,37000000,18500000
19901,Gavin Sheets,CHW,139,501,105,70,24,1,10,35,45,2,0.085828343,0.211576846,0.124168514,0.281065088,0.232815964,0.251,0.290676561,0.309,0.356984478,0.38,0.303393213,87.74727823,-9.891898061,-15.46230888,1.967153285,-2.868037112,-0.893673451,0.405660377,0.05747126,0.35057471,0.33022388,0.6,0.46142789,0.67514124,0.85878489,0.79127726,0.40229885,0.32471264,0.27298851,87.74640986,13.45362739,110.029,0.218390804,0.367816091,0.413793103,0.840225904,Gavin Sheets,1B/RF/LF,L,L,CHW,29,3.076,-0.89367342,0.05061277,,0,,,,,,
27506,Ha-Seong Kim,SDP,121,470,94,64,16,3,11,60,47,22,0.123404255,0.163829787,0.136476427,0.261006289,0.23325062,0.245,0.308375569,0.313,0.369727047,0.352,0.330472103,100.9012707,2.846614152,7.159845591,6.225195805,2.340073377,2.649892719,0.753246753,0.04804805,0.35435435,0.19523269,0.52497729,0.37840565,0.75,0.88927336,0.85733333,0.43243243,0.34534535,0.22222222,87.93655377,15.0839224,107.868,0.175925925,0.398148148,0.425925925,0.815373785,Ha-Seong Kim,SS,R,R,SDP,29,4,2.649892807,2.567387819,4,73520000,18380000,,,,,
10472,Enrique Hernández,LAD,126,393,83,55,16,0,12,44,42,0,0.06870229,0.195928753,0.143646409,0.257246376,0.229281767,0.233,0.285120127,0.285,0.372928176,0.362,0.280612244,83.27034821,-7.374431353,1.113538589,1.558673465,0.487707987,0.705015109,0.35064935,0.04844291,0.41176471,0.27259684,0.66991474,0.48748353,0.58421053,0.84909091,0.78108108,0.37024221,0.37716263,0.25259516,89.64634096,17.12767189,112.737,0.195804195,0.36013986,0.444055944,0.783720582,Enrique Hernández,3B/2B/SS/OF,R,R,LAD,33,10.054,0.705015123,0.643426955,1,5000000,5000000,,,,,
11445,Mark Canha,- - -,125,462,95,68,20,0,7,46,42,7,0.11038961,0.207792207,0.1043257,0.298305084,0.241730279,0.212,0.30983137,0.288,0.346055979,0.306,0.344155844,102.3474004,2.142870184,-7.846092343,3.751857923,0.868543789,1.001262684,0.53125,0.03311258,0.37417219,0.2167756,0.59241245,0.41521069,0.69849246,0.84236453,0.80693069,0.47682119,0.31788079,0.20529801,88.44825997,9.596347531,107.047,0.168874172,0.493377483,0.337748344,0.743877838,Mark Canha,LF/RF/1B,R,R,SFG,36,9.092,1.001675367,0.73441565,1,8000000,8000000,,,,,
19844,Abraham Toro,OAK,94,364,81,57,17,1,6,34,26,4,0.054945054,0.17032967,0.109792284,0.278810408,0.240356083,0.245,0.283005854,0.291,0.350148367,0.365,0.292817679,86.83298533,-4.884979494,-0.101663977,3.554000576,0.598980911,0.738176289,0.322580645,0.0433213,0.29241877,0.32327586,0.63180516,0.47776184,0.68444444,0.93424036,0.84984985,0.40794224,0.36462094,0.22743682,87.17985085,12.23805575,109.887,0.192727272,0.443636363,0.363636363,0.723014365,Abraham Toro,3B/1B,S,R,ATH,28,3.165,0.738176346,0.465081096,,0,,,,,,
19734,Josh Rojas,SEA,143,476,95,66,19,2,8,48,31,10,0.096638655,0.226890756,0.111374407,0.282467532,0.225118483,0.223,0.285541413,0.293,0.33649289,0.35,0.304439746,91.02579098,-6.520446107,8.894908071,4.683090572,-1.632698849,1.884010085,0.425925925,0.05642633,0.37617555,0.21908127,0.63878327,0.4513414,0.47849462,0.85714286,0.77505828,0.36908517,0.40063091,0.23028391,88.20051876,15.51760923,108.35,0.184126984,0.393650793,0.422222222,0.699926359,Josh Rojas,3B/2B,L,R,SEA,31,4.126,1.884010077,1.063364506,,0,,,CHW,1,3500000,3500000
13324,Ildemaro Vargas,WSN,97,303,67,50,16,0,1,21,30,9,0.06270627,0.102310231,0.069852941,0.269387755,0.246323529,0.255,0.27094011,0.28,0.31617647,0.322,0.295302013,72.39160171,-10.76866721,1.103439093,3.5754121,-0.765325032,0.043890435,0.612903225,0.01195219,0.3187251,0.28973843,0.60071301,0.45463138,0.75694444,0.94065282,0.88565489,0.48605578,0.32270916,0.19123506,86.98179525,3.959243711,108.483,0.195020746,0.522821576,0.282157676,0.634490721,Ildemaro Vargas,3B/2B/SS,S,R,WSN,33,5.007,-0.074742176,0.331107348,,0,,,,,,
16622,Luis Urías,SEA,41,109,18,7,7,0,4,11,16,0,0.082568807,0.311926605,0.20212766,0.25,0.191489361,0.206,0.30894377,0.318,0.393617021,0.4,0.302752293,107.4874871,0.521770192,-2.280819625,1.420031053,-0.412060603,0.193596456,0.264705882,0.11666667,0.35,0.28169014,0.63179916,0.46681416,0.66666667,0.84768212,0.79620853,0.5,0.36666667,0.13333333,87.09794922,19.1623291,106.597,0.2,0.316666666,0.483333333,0.613766085,Luis Urías,3B/2B/SS,R,R,SEA,28,5.024,0.193596452,0.495051265,,0,,,,,,
16426,Thairo Estrada,SFG,96,381,79,53,15,2,9,43,47,2,0.026246719,0.199475065,0.126373626,0.24911032,0.217032967,0.226,0.256341057,0.263,0.343406593,0.338,0.24671916,64.16868065,-16.19918689,7.162560582,4.243184355,0.125657856,0.377072631,0.131578947,0.04827586,0.31724138,0.36292835,0.65667166,0.51260504,0.58798283,0.92009132,0.804769,0.46896552,0.31724138,0.2137931,86.19810948,10.53420597,108.63,0.1875,0.472222222,0.340277777,0.598751244,Thairo Estrada,2B,R,R,SFG,29,4.153,0.377072662,1.340122819,1,6000000,6000000,,COL,1,4000000,4000000
3473,Anthony Rizzo,NYY,92,375,77,57,12,0,8,38,35,0,0.072,0.173333333,0.106824926,0.259398496,0.228486646,0.24,0.284789361,0.297,0.335311572,0.34,0.301333333,84.11102083,-9.627217397,-5.278091669,1.47098214,-2.809596144,-0.248329984,0.415384615,0.04014599,0.32846715,0.33105335,0.65763195,0.49092179,0.65289256,0.9154013,0.82503556,0.44890511,0.27737226,0.27372263,86.70410156,14.32848765,110.68,0.215328467,0.437956204,0.346715328,0.592707561,Anthony Rizzo,1B,L,L,NYY,35,12.168,-0.248330012,0.339977324,1,8000000,8000000,,,,,
12859,James McCann,BAL,66,233,50,33,9,0,8,27,31,1,0.055793991,0.240343347,0.154205608,0.272727272,0.233644859,0.245,0.288336656,0.313,0.387850467,0.418,0.278969957,89.23683615,-4.378367878,-1.467736602,2.971919877,-1.508899257,0.198404038,0.232142857,0.08641975,0.37654321,0.31421446,0.68565401,0.51542857,0.45238095,0.84615385,0.73614191,0.32919255,0.39130435,0.27950311,87.41713959,14.38776748,110.48,0.20625,0.3875,0.40625,0.545540725,James McCann,C,R,R,BAL,35,10.028,0.198404089,0.514716268,,0,,,,,,
15679,Rowdy Tellez,PIT,132,421,93,62,18,0,13,38,56,1,0.073634204,0.211401425,0.148825065,0.279720279,0.242819843,0.237,0.300936996,0.302,0.391644908,0.394,0.29928741,89.63102512,-7.569550976,-10.96139216,1.779160499,-2.349446408,-0.46590879,0.348314606,0.08026756,0.36454849,0.28427673,0.56716418,0.43217287,0.53982301,0.9048583,0.79027778,0.40468227,0.31772575,0.27759197,89.37423972,16.99562185,115.477,0.193979933,0.374581939,0.431438127,0.526173164,Rowdy Tellez,1B,L,L,PIT,30,6.004,-0.465908766,0.388049811,,0,,,,,,
11489,Michael A. Taylor,PIT,113,300,52,37,9,1,5,35,21,12,0.076666666,0.35,0.096654275,0.288343558,0.19330855,0.204,0.241896222,0.27,0.289962825,0.333,0.253378378,49.89253717,-15.3636544,9.555437326,6.806890042,2.612010032,0.431916023,0.219047619,0.11627907,0.40116279,0.29824561,0.65506329,0.48585691,0.34705882,0.74154589,0.62671233,0.45930233,0.38953488,0.15116279,89.30619454,13.71395761,111.767,0.222222222,0.413580246,0.36419753,0.499271191,Michael A. Taylor,CF,R,R,PIT,34,9.129,0.431915998,0.244361013,1,4000000,4000000,,,,,
13768,Travis Jankowski,TEX,104,207,38,32,5,0,1,19,12,11,0.057971014,0.212560386,0.042105263,0.255172413,0.2,0.207,0.233850789,0.241,0.242105263,0.252,0.265700483,48.30349052,-10.47400813,0.708040953,5.71050714,1.770382427,-0.295943732,0.272727272,0.00684932,0.24657534,0.19944598,0.63755459,0.44444444,0.55555556,0.86643836,0.80494505,0.32876712,0.34246575,0.32876712,85.42035211,5.894880815,105.091,0.118881118,0.608391608,0.272727272,0.495098001,Travis Jankowski,RF/LF/CF,L,R,TEX,34,7.153,-0.295943737,0.083911113,,0,,,,,,
2967,Tommy Pham,- - -,116,478,109,77,20,3,9,49,39,7,0.073221757,0.221757322,0.120454546,0.306748466,0.247727272,0.263,0.296562407,0.319,0.368181818,0.407,0.30543933,90.89166734,-8.178660497,-8.502683043,4.558143939,-3.132970721,-0.077419165,0.330188679,0.07164179,0.42686567,0.1816092,0.58974359,0.4050962,0.48101266,0.8647343,0.78690629,0.37014925,0.34328358,0.28656716,90.39286699,11.08655005,112.898,0.220895522,0.441791044,0.337313432,0.438539238,Tommy Pham,LF/RF/DH,R,R,KCR,37,9.092,-0.077418678,0.506762147,1,3000000,3000000,,,,,
8090,Matt Carpenter,STL,59,157,32,21,7,0,4,15,15,0,0.095541401,0.324840764,0.138686131,0.333333333,0.233576642,0.211,0.303031007,0.287,0.372262773,0.35,0.314102564,95.0950229,-3.120913254,-4.173673198,1.815630989,-2.20004411,-0.213405818,0.294117647,0.06741573,0.26966292,0.21405751,0.6056338,0.42215569,0.41791045,0.8372093,0.73758865,0.39772727,0.36363636,0.23863636,85.7524821,24.23506673,106.541,0.26744186,0.26744186,0.465116279,0.421721343,Matt Carpenter,1B/DH,L,R,STL,39,12.145,-0.213405833,-0.176912129,,0,,,,,,
12434,Kevin Pillar,- - -,100,314,65,40,16,1,8,38,45,12,0.050955414,0.219745222,0.147887324,0.271428571,0.228873239,0.221,0.292505991,0.275,0.376760563,0.329,0.290734824,87.89100254,-2.930512254,-2.224406853,6.177353658,1.420030527,0.548656297,0.231884057,0.03652968,0.29680365,0.35323383,0.69154229,0.52238806,0.57746479,0.88489209,0.78095238,0.47031963,0.3196347,0.21004566,84.63020479,17.87097784,108.755,0.188073394,0.353211009,0.458715596,0.421487852,Kevin Pillar,LF/RF/CF,R,R,LAA,36,10.072,0.549060285,0.110319711,,0,,,,,,
20126,Dylan Carlson,- - -,96,265,49,39,7,0,3,19,25,2,0.083018867,0.283018867,0.068085106,0.2875,0.208510638,0.195,0.256900037,0.25,0.276595744,0.27,0.286792452,66.51541656,-10.20099099,-8.653264701,2.366749182,0.302444831,-1.035370194,0.293333333,0.02453988,0.25766871,0.2462406,0.69377163,0.47927928,0.54961832,0.7605985,0.70864662,0.41104294,0.33128834,0.25766871,86.78787061,15.8060606,107.236,0.204968944,0.409937888,0.385093167,0.418517266,Dylan Carlson,RF/LF/CF,S,L,TBR,26,4.104,-1.035372376,0.606942236,,0,,,,,,
5235,Justin Turner,- - -,139,539,119,84,24,0,11,59,55,0,0.109461966,0.176252319,0.123913043,0.299168975,0.258695652,0.252,0.326553215,0.328,0.382608695,0.383,0.354359925,116.6377936,5.761317763,-12.30285351,1.593773163,-4.499692127,1.180083576,0.621052631,0.04569892,0.32526882,0.24977043,0.63525589,0.45431034,0.71323529,0.89641944,0.84914611,0.40860215,0.34408602,0.24731183,87.14886015,17.80160358,106.753,0.255376344,0.325268817,0.419354838,0.407173487,Justin Turner,1B/DH,R,R,SEA,40,14.045,1.178726912,0.639216185,1,8000000,8000000,,,,,
13338,Omar Narváez,NYM,28,69,10,8,2,0,0,4,5,0,0.04347826,0.173913043,0.030769231,0.188679245,0.153846153,0.177,0.171028973,0.2,0.184615384,0.236,0.19117647,8.294436493,-7.698699649,-4.184684634,1.440934059,-0.132007606,-0.989980585,0.25,0,0.22222222,0.25862069,0.70588235,0.51301115,0.66666667,0.89814815,0.84782609,0.27777778,0.44444444,0.27777778,86.13147212,20.9730823,99.388,0.153846153,0.346153846,0.5,0.405726569,Omar Narváez,C,L,R,NYM,33,7.159,-0.989980578,0.016699238,,0,,,CHW,1,0,
15274,Mike Tauchman,CHC,109,350,74,54,12,1,7,50,29,6,0.134285714,0.2,0.117449665,0.301801801,0.248322147,0.242,0.325350942,0.33,0.365771812,0.38,0.357142857,111.1956043,4.72638904,-6.19266808,4.694492034,0.04066325,1.052304108,0.671428571,0.07423581,0.40611354,0.20221607,0.68834356,0.45998699,0.60273973,0.8573975,0.80480905,0.33187773,0.34061135,0.32751092,89.01214707,15.4537996,110.285,0.187772925,0.397379912,0.414847161,0.400799747,Mike Tauchman,CF/LF/RF,L,L,CHC,34,4.143,1.052304029,1.365836143,,0,,,CHW,1,1950000,1950000
11442,Gary Sánchez,MIL,89,280,54,35,7,1,11,30,37,0,0.096428571,0.271428571,0.171428571,0.267080745,0.220408163,0.219,0.307086134,0.309,0.391836734,0.399,0.307142857,95.98447169,-2.643931621,-3.353823766,2.214285709,-1.299427904,0.343555903,0.355263157,0.10465116,0.44186047,0.26903553,0.55026455,0.40673575,0.54716981,0.81089744,0.72186837,0.47674419,0.40697674,0.11627907,89.97093591,16.21189419,114.37,0.186046511,0.40116279,0.412790697,0.375956881,Gary Sánchez,C/DH,R,R,MIL,32,8.05,0.343555897,0.760864317,,0,,,BAL,1,8500000,8500000
15223,Adam Frazier,KCR,104,294,53,38,10,1,4,35,22,3,0.074829931,0.200680272,0.091603053,0.246231155,0.202290076,0.238,0.261305982,0.286,0.293893129,0.318,0.281786941,63.12998519,-12.19921221,-3.254200816,5.128363189,0.203773685,-0.58380512,0.372881355,0.02912621,0.22815534,0.2628866,0.65977742,0.46903386,0.63398693,0.88915663,0.82042254,0.40291262,0.33009709,0.26699029,84.49832867,15.31786866,106.297,0.253731343,0.383084577,0.363184079,0.338091158,Adam Frazier,2B/RF/LF,L,R,KCR,33,8.075,-0.583805144,0.231329337,,0,,,,,,
12147,Nick Ahmed,- - -,71,228,48,39,6,1,2,20,17,2,0.048245614,0.22368421,0.066666667,0.2875,0.228571428,0.226,0.248458465,0.259,0.295238095,0.32,0.266666666,58.93527325,-11.69466238,8.888443641,3.997353562,-0.498606209,0.494329476,0.215686274,0.03030303,0.23030303,0.36010363,0.68980477,0.53955136,0.63309353,0.82075472,0.76367615,0.4,0.42424242,0.17575758,84.8677479,13.40475211,104.205,0.171974522,0.439490445,0.388535031,0.290417686,Nick Ahmed,SS,R,R,SDP,35,10.017,0.492154777,0.042335089,,0,,,,,,
17766,DJ Stewart,NYM,74,194,28,19,4,0,5,16,19,1,0.159793814,0.24742268,0.120253165,0.216981132,0.177215189,0.212,0.290011155,0.326,0.297468354,0.346,0.324742268,88.3776008,-2.688571689,-5.493547201,2.171610525,0.007669896,-0.177815842,0.645833333,0.08108108,0.3963964,0.17801047,0.63707572,0.40784314,0.36764706,0.81557377,0.71794872,0.52252252,0.2972973,0.18018018,89.68256392,19.14425826,110.867,0.189189189,0.324324324,0.486486486,0.264756685,DJ Stewart,RF/LF,L,R,NYM,31,3.144,-0.17781584,0.037260104,,0,,,PIT,1,0,
6887,Martín Maldonado,CHW,48,147,16,9,3,0,4,9,11,0,0.054421768,0.346938775,0.111111111,0.15,0.118518518,0.16,0.181461229,0.222,0.229629629,0.288,0.173611111,10.92298362,-16.41832647,-3.013967991,1.08035714,-1.435677513,-1.500829106,0.156862745,0.08045977,0.35632184,0.31300813,0.63225806,0.49100719,0.37662338,0.77040816,0.65934066,0.47126437,0.37931034,0.14942529,88.04921759,20.09813,107.729,0.13095238,0.369047619,0.5,0.26420489,Martín Maldonado,C,R,R,CHW,38,12.1,-1.500829101,-0.295755565,,0,,,SDP,1,0,
10028,Christian Bethancourt,- - -,62,147,29,17,7,0,5,18,22,3,0.034013605,0.244897959,0.158273381,0.244897959,0.208633093,0.218,0.263338663,0.267,0.366906474,0.36,0.24137931,65.83720853,-5.533046945,2.756391525,5.45632506,0.472215186,0.218803325,0.138888888,0.07619048,0.41904762,0.47211896,0.74898785,0.60465116,0.54330709,0.82162162,0.70833333,0.41904762,0.36190476,0.21904762,89.08012795,12.36484076,110.886,0.131313131,0.474747474,0.393939393,0.245714023,Christian Bethancourt,C,R,R,CHC,33,5.023,0.228358403,0.367910713,,0,,,TOR,1,0,
12164,Miguel Sanó,LAA,28,95,17,12,3,0,2,9,6,0,0.094736842,0.378947368,0.108433735,0.326086956,0.204819277,0.241,0.274585786,0.312,0.313253012,0.378,0.294736842,75.16797759,-3.268818206,-0.759858817,1.340773803,-0.56957943,-0.089004971,0.25,0.10416667,0.52083333,0.27619048,0.66145833,0.460199,0.29310345,0.78740157,0.63243243,0.47916667,0.27083333,0.25,93.77614339,8.936553955,114.921,0.25,0.479166666,0.270833333,0.245272108,Miguel Sanó,1B/3B/DH,R,R,LAA,32,8.002,-0.089004971,0.075773984,,0,,,,,,
5517,Kyle Higashioka,SDP,84,263,54,26,10,1,17,29,45,2,0.05703422,0.281368821,0.256097561,0.237179487,0.219512195,0.22,0.313890066,0.298,0.475609756,0.43,0.263358778,104.6129054,0.295575651,5.996636152,3.876410117,-1.155170999,1.554368533,0.202702702,0.1091954,0.37356322,0.27755906,0.62454874,0.45856874,0.53900709,0.84682081,0.75770021,0.51724138,0.3045977,0.17816092,88.38139049,20.74808542,107.204,0.192982456,0.280701754,0.526315789,0.239927082,Kyle Higashioka,C,R,R,SDP,35,6.005,1.554368496,1.323746085,,0,,,TEX,2,13500000,6750000
9627,Yan Gomes,CHC,34,96,14,10,2,0,2,7,7,0,0.020833333,0.375,0.087912088,0.222222222,0.153846153,0.212,0.184459737,0.259,0.241758241,0.364,0.178947368,16.36616581,-9.673767711,-4.958929777,1.749999996,-0.072810706,-1.181063616,0.055555555,0.10526316,0.42105263,0.40659341,0.75647668,0.58666667,0.40540541,0.80821918,0.67272727,0.31578947,0.42105263,0.26315789,87.07169887,17.02891976,106.869,0.232142857,0.339285714,0.428571428,0.214954483,Yan Gomes,C,R,R,CHC,37,11.169,-1.181063652,0.031120995,,0,,,,,,
13066,Teoscar Hernández,LAD,154,652,160,93,32,2,33,84,99,12,0.081288343,0.288343558,0.229202037,0.344173441,0.271646859,0.25,0.359840165,0.346,0.500848896,0.486,0.339477726,133.5620553,26.75772112,-14.79342508,4.415695284,0.590510599,3.478037407,0.281914893,0.14888337,0.46650124,0.2922231,0.72059925,0.51150307,0.42204301,0.78690229,0.68515742,0.36069652,0.36069652,0.27860697,90.60985232,10.25462102,114.1,0.169154228,0.465174129,0.365671641,0.210064038,Teoscar Hernández,RF/LF,R,R,LAD,32,7.097,3.478037596,2.258911371,3,69000000,23000000,21050000,LAD,3,66000000,20940454
17907,Brendan Rodgers,COL,135,539,134,91,29,1,13,67,54,1,0.057513914,0.244897959,0.139720559,0.337988826,0.267465069,0.248,0.313601778,0.295,0.407185628,0.377,0.314126394,87.63701094,-8.83248321,-1.588923693,2.95360976,-0.864039034,0.777457396,0.234848484,0.05645161,0.43817204,0.27057613,0.68727273,0.49179537,0.4486692,0.87169312,0.76251227,0.36021505,0.41397849,0.22580645,89.30373762,4.906982755,111.128,0.183288409,0.5606469,0.25606469,0.192161927,Brendan Rodgers,2B,R,R,COL,28,5.075,0.777457297,0.997369945,,0,,,,,,
16997,Gleyber Torres,NYY,154,665,151,110,26,0,15,80,63,4,0.09774436,0.204511278,0.120954003,0.306306306,0.257240204,0.24,0.312672726,0.307,0.378194207,0.368,0.330316742,103.7247487,-1.734059728,-3.716562986,2.592078775,-4.568218872,1.726545579,0.477941176,0.06290672,0.35357918,0.22371365,0.66779891,0.45609669,0.63333333,0.84435402,0.79501169,0.34056399,0.33839479,0.32104121,88.56634629,15.02195659,111.242,0.229257641,0.366812227,0.403930131,0.183018801,Gleyber Torres,2B,R,R,NYY,28,6.162,1.726545572,2.986870289,3,54000000,18000000,,DET,1,15000000,15000000
12144,Max Kepler,MIN,105,399,93,63,21,1,8,43,42,1,0.055137844,0.200501253,0.127717391,0.300353356,0.252717391,0.247,0.298089891,0.301,0.380434782,0.381,0.301507537,94.149126,-3.516877433,-0.471555948,2.954867349,-0.845721453,0.961767767,0.275,0.06164384,0.36643836,0.32611637,0.71277997,0.52202937,0.54356846,0.88724584,0.78132992,0.42611684,0.30927835,0.26460481,88.87090386,16.82911508,115.392,0.210344827,0.351724137,0.437931034,0.179870765,Max Kepler,RF/LF,L,L,MIN,32,8.152,0.961767793,1.041316032,2,22000000,11000000,,PHI,1,10000000,10000000
20521,Nick Madrigal,CHC,51,94,19,16,3,0,0,5,10,1,0.042553191,0.106382978,0.034883721,0.25,0.220930232,0.243,0.245030201,0.27,0.255813953,0.291,0.279569892,57.13424006,-6.385250667,-3.374117047,3.037855747,-1.566886,-0.684635685,0.4,0,0.18181818,0.3480663,0.65536723,0.5,0.79365079,0.94827586,0.89385475,0.28571429,0.32467532,0.38961039,85.05402344,3.420457764,105.134,0.184210526,0.605263157,0.210526315,0.178678562,Nick Madrigal,2B/3B,R,R,CHC,28,4.087,-0.684635699,0.220206738,,0,,,,,,
10200,Tucker Barnhart,ARI,31,96,14,11,3,0,0,13,6,1,0.135416666,0.322916666,0.037037037,0.28,0.172839506,0.166,0.238519741,0.24,0.209876543,0.218,0.287234042,48.57195502,-5.802505806,-1.680971444,4.603840093,0.101306371,-0.442708381,0.419354838,0.03846154,0.21153846,0.17791411,0.56650246,0.39344262,0.48275862,0.8,0.73611111,0.42307692,0.42307692,0.15384615,83.37909071,1.608399116,101.63,0.276595744,0.489361702,0.234042553,0.145775137,Tucker Barnhart,C,L,R,ARI,34,9.148,-0.442708403,0.006513849,,0,,,TEX,1,0,
19198,Yuli Gurriel,KCR,18,65,13,10,3,0,0,7,6,1,0.138461538,0.23076923,0.055555556,0.31707317,0.24074074,0.254,0.288963416,0.316,0.296296296,0.328,0.338461538,82.584789,-1.210425716,-1.501199104,3.950750776,0.084806699,-0.056267329,0.6,0.02439024,0.53658537,0.25352113,0.61151079,0.43060498,0.52777778,0.90588235,0.79338843,0.56097561,0.36585366,0.07317073,90.34080245,7.470712057,105.967,0.268292682,0.43902439,0.292682926,0.140090888,Yuli Gurriel,1B,R,R,KCR,41,7.073,-0.056267332,0.028477294,,0,,,,,,
15937,Aledmys Díaz,- - -,14,34,3,3,0,0,0,2,1,0,0.029411764,0.264705882,0,0.125,0.09090909,0.196,0.098066554,0.204,0.09090909,0.236,0.117647058,-41.81719926,-5.659110805,-0.655495673,2.64285714,-0.07486267,-0.535102431,0.111111111,0,0.33333333,0.4375,0.66176471,0.56896552,0.57142857,0.93333333,0.81818182,0.58333333,0.20833333,0.20833333,87.07947922,11.91063046,105.68,0.166666666,0.541666666,0.291666666,0.129918405,Aledmys Díaz,3B/2B/1B/SS,R,R,HOU,34,8.054,-0.535102248,0.031023782,,0,,,,,,
13723,Jacob Stallings,COL,82,281,64,37,17,1,9,31,36,0,0.096085409,0.231316725,0.189300412,0.323529411,0.263374485,0.235,0.352632314,0.318,0.452674897,0.381,0.357142857,113.9072369,1.172315581,-1.405439854,2.194686403,-3.500820816,0.942353168,0.415384615,0.07222222,0.34444444,0.24361493,0.64007092,0.45200373,0.4516129,0.84210526,0.74226804,0.39444444,0.36666667,0.23888889,86.57411944,12.76344145,107.231,0.189944134,0.452513966,0.357541899,0.099373992,Jacob Stallings,C,R,R,COL,35,6.149,0.942353189,0.066558465,,0,,,COL,1,2500000,2500000
12976,Austin Hedges,CLE,66,146,20,15,3,0,2,12,15,2,0.04109589,0.342465753,0.068181818,0.219512195,0.151515151,0.127,0.191493578,0.166,0.219696969,0.179,0.202797202,19.73448682,-14.06411895,13.23141313,4.767202034,-0.655395001,0.416651362,0.12,0.01149425,0.24137931,0.29387755,0.7218543,0.53016453,0.36111111,0.79357798,0.6862069,0.52873563,0.25287356,0.2183908,84.75954861,21.37429772,103.238,0.148148148,0.333333333,0.518518518,0.088207422,Austin Hedges,C,R,R,CLE,32,8.166,0.416651368,0.661879182,,0,,,CLE,1,4000000,4000000
14712,Manuel Margot,MIN,129,343,75,53,17,1,4,37,31,5,0.061224489,0.157434402,0.098412698,0.273076923,0.238095238,0.261,0.276248321,0.308,0.336507936,0.379,0.289473684,78.78531965,-7.394590883,-5.943571568,4.775061313,0.931405537,-0.196648794,0.388888888,0.0490566,0.33584906,0.30708661,0.66716196,0.49235474,0.65128205,0.88418708,0.8136646,0.32075472,0.43396226,0.24528302,88.1624261,13.78663424,111.248,0.183908045,0.409961685,0.406130268,0.050378887,Manuel Margot,LF/RF/CF,R,R,MIN,30,8.012,-0.196648762,0.547602355,,0,,,,,,
13355,Luke Maile,CIN,55,154,24,18,4,0,2,8,8,2,0.084415584,0.337662337,0.074074074,0.268292682,0.177777777,0.177,0.240701091,0.241,0.251851851,0.252,0.267973856,45.20038451,-9.992846883,-1.973713011,3.001509121,0.098741228,-0.706234383,0.25,0.03529412,0.24705882,0.26397516,0.64126984,0.45054945,0.45882353,0.85643564,0.73867596,0.43529412,0.38823529,0.17647059,84.7338573,11.33821124,105.956,0.253012048,0.421686746,0.325301204,0.03846682,Luke Maile,C,R,R,CIN,34,7.148,-0.706234336,0.128718257,,0,,,,,,
15518,Amed Rosario,- - -,103,346,93,69,18,3,3,29,32,13,0.02601156,0.210982658,0.099397591,0.350194552,0.280120481,0.25,0.298900495,0.28,0.379518072,0.359,0.306358381,96.17568022,-1.115998255,-7.809566021,5.574229937,0.693409391,0.269149617,0.123287671,0.04615385,0.36153846,0.38016529,0.72112211,0.55078448,0.61304348,0.86727689,0.77961019,0.33461538,0.38076923,0.28461538,86.87100149,4.564182751,108.896,0.211538461,0.511538461,0.276923076,0.038303465,Amed Rosario,2B/3B/SS/RF,R,R,CIN,29,7.062,0.269149959,0.569050193,,0,,,WSN,1,2000000,2000000
14130,Daniel Vogelbach,TOR,31,79,13,7,5,0,1,5,8,0,0.11392405,0.215189873,0.114285715,0.23076923,0.185714285,0.273,0.261974599,0.36,0.3,0.466,0.278481012,69.416969,-3.381983171,-2.376543045,0.708333327,-0.617504627,-0.322744945,0.529411764,0.09433962,0.43396226,0.17222222,0.43023256,0.29829545,0.67741935,0.94594595,0.86666667,0.45283019,0.39622642,0.1509434,90.89131434,8.13482307,108.976,0.207547169,0.490566037,0.301886792,0.027821374,Daniel Vogelbach,DH,L,R,TOR,32,6.049,-0.322744936,0.110803269,,0,,,,,,
12155,Eddie Rosario,- - -,91,319,52,30,12,0,10,33,35,9,0.050156739,0.24137931,0.141414141,0.196261682,0.175084175,0.211,0.230368699,0.257,0.316498316,0.34,0.214511041,44.63176266,-19.07790303,-11.14948159,5.379318051,2.043008881,-2.024694379,0.207792207,0.05309735,0.42477876,0.36019737,0.68911917,0.52064027,0.5890411,0.8245614,0.74110032,0.45132743,0.28761062,0.26106195,90.95331112,14.34679902,110.176,0.197309417,0.394618834,0.408071748,0.014409508,Eddie Rosario,LF/RF/DH,L,R,ATL,33,9.08,-2.023011684,-0.099840298,,0,,,,,,
15279,Garrett Cooper,- - -,36,116,22,15,5,1,1,6,11,0,0.060344827,0.301724137,0.093457944,0.295774647,0.205607476,0.261,0.253463013,0.321,0.29906542,0.412,0.267241379,57.69444711,-5.884384248,-1.568273962,2.383928565,-0.309700392,-0.370473003,0.2,0.09722222,0.36111111,0.32882883,0.60087719,0.46666667,0.5890411,0.80291971,0.72857143,0.36111111,0.34722222,0.29166667,85.90957303,12.72413296,109.876,0.263888888,0.402777777,0.333333333,0.012603964,Garrett Cooper,1B/DH,R,R,BOS,34,6.131,-0.370473683,-0.0060261,,0,,,ATL,1,0,
13836,Matt Duffy,TEX,4,10,2,2,0,0,0,2,0,0,0.2,0.1,0,0.333333333,0.285714285,0.415,0.386187488,0.482,0.285714285,0.474,0.5,155.4602357,0.683153374,0.389496043,2.64285714,0.048572004,0.14520897,2,0,0.66666667,0.06666667,0.75,0.41935484,0,0.91666667,0.84615385,0.5,0.33333333,0.16666667,98.81896973,14.27631887,104.789,0.333333333,0.5,0.166666666,-0.001656501,Matt Duffy,3B/2B/1B,R,R,TEX,34,8.065,0.14520897,-0.033126757,,0,,,,,,
7739,Travis d'Arnaud,ATL,99,341,73,42,16,0,15,40,48,1,0.070381231,0.260997067,0.198697068,0.280193236,0.237785016,0.236,0.318790158,0.322,0.436482084,0.434,0.302052785,103.0412838,0.024824979,6.444148839,2.436872947,-1.215320453,1.840885742,0.269662921,0.1036036,0.40990991,0.27022901,0.72934473,0.50773766,0.50282486,0.7734375,0.70391872,0.38288288,0.32432432,0.29279279,89.93388672,11.60145866,109.767,0.18018018,0.463963963,0.355855855,-0.021721708,Travis d'Arnaud,C,R,R,ATL,36,11.044,1.840885758,1.296812057,1,7000000,7000000,,LAA,2,12000000,6000000
13853,Joey Wendle,NYM,18,37,8,7,1,0,0,3,1,1,0.027027027,0.243243243,0.027777778,0.296296296,0.222222222,0.223,0.219339239,0.239,0.25,0.289,0.243243243,40.81055705,-2.26051336,-1.253051162,4.859557197,0.358316362,-0.235620655,0.111111111,0,0.25925926,0.39344262,0.52054795,0.46268657,0.45833333,0.94736842,0.75806452,0.33333333,0.18518519,0.48148148,88.33579665,4.781220363,99.9143,0.192307692,0.538461538,0.269230769,-0.024446099,Joey Wendle,2B/3B/SS,L,R,ATL,35,6.148,-0.235620663,0.046576433,,0,,,,,,
19600,Bryan De La Cruz,- - -,149,622,136,90,25,0,21,61,68,5,0.046623794,0.273311897,0.150684931,0.288944723,0.232876712,0.242,0.282601914,0.302,0.383561643,0.419,0.2705314,77.31262602,-19.4666344,-13.1912818,2.82159314,-2.591940679,-1.233620911,0.170588235,0.09285714,0.40952381,0.32795242,0.73377157,0.5342523,0.56476684,0.79843225,0.72791243,0.42004773,0.30787589,0.27207637,89.61668754,13.11773798,110.509,0.219570405,0.410501193,0.3699284,-0.03609335,Bryan De La Cruz,RF/LF/CF,R,R,PIT,28,3.056,-1.237318158,0.037507467,,0,,,ATL,0,0,
13145,Josh Bell,- - -,145,603,134,90,23,2,19,62,71,0,0.084577114,0.199004975,0.156133829,0.286069651,0.249070631,0.239,0.316761039,0.31,0.40520446,0.396,0.319397993,100.6318341,-3.587621171,-17.84879422,2.044744431,-4.043218985,-0.140035567,0.425,0.07511737,0.39671362,0.28109029,0.71710526,0.48838248,0.56363636,0.85452163,0.76669716,0.42280285,0.32066508,0.25653207,88.81212942,10.51446788,111.222,0.173396674,0.496437054,0.33016627,-0.043392541,Josh Bell,1B,S,R,ARI,32,8.053,-0.148984775,0.740767896,1,8000000,8000000,,WSN,1,6000000,6000000
2396,Carlos Santana,MIN,150,594,124,75,26,0,23,63,71,4,0.109427609,0.166666666,0.182341651,0.251870324,0.238003838,0.246,0.326450448,0.33,0.420345489,0.415,0.328282828,114.0985215,8.644578913,0.786955833,2.673177793,-0.937629767,3.019100983,0.656565656,0.07311321,0.39858491,0.24594156,0.6263644,0.43293438,0.62046205,0.85522788,0.78741659,0.53301887,0.30188679,0.16509434,89.16461658,16.12334585,113.551,0.172169811,0.386792452,0.441037735,-0.051997627,Carlos Santana,1B,S,R,MIN,39,14.115,3.019100904,1.481622934,1,7000000,7000000,,CLE,1,12000000,12000000
15674,Reese McGuire,BOS,53,158,29,23,3,0,3,10,18,3,0.082278481,0.246835443,0.086330935,0.26,0.208633093,0.222,0.258538863,0.282,0.294964028,0.341,0.280254777,59.85663238,-7.509350687,3.792526603,3.440372123,-0.252026945,0.160099984,0.333333333,0.06730769,0.26923077,0.321875,0.5916955,0.4499179,0.57281553,0.89473684,0.77372263,0.38461538,0.36538462,0.25,84.03666548,12.40040665,105.838,0.18,0.43,0.39,-0.065889945,Reese McGuire,C,L,R,BOS,30,4.155,0.160099998,0.166830182,,0,,,,,,
10681,Gio Urshela,- - -,128,461,108,79,19,1,9,34,52,0,0.04989154,0.156182212,0.111111111,0.278089887,0.25,0.264,0.281319779,0.302,0.361111111,0.389,0.286334056,81.14010877,-12.7018272,4.16437606,1.29859484,-2.715455964,0.704925284,0.319444444,0.04931507,0.28219178,0.35315985,0.71963678,0.54443128,0.70877193,0.87223975,0.82154516,0.34520548,0.37808219,0.27671233,86.40159983,10.46016315,108.958,0.236263736,0.458791208,0.304945054,-0.076066003,Gio Urshela,3B,R,R,ATL,33,7.127,0.705790043,1.441568494,,0,,,ATH,1,2150000,2150000
16451,Luis Guillorme,- - -,79,187,33,23,9,1,0,14,10,4,0.122994652,0.192513368,0.068322981,0.259842519,0.204968944,0.223,0.263490733,0.279,0.273291925,0.29,0.301075268,66.81605489,-7.165088905,2.07158602,4.493237607,0.085746381,0.117511829,0.638888888,0.0234375,0.2109375,0.24365482,0.58880779,0.41987578,0.70833333,0.90909091,0.85207101,0.2578125,0.3984375,0.34375,85.48014868,5.738214568,108.501,0.22047244,0.527559055,0.251968503,-0.097367938,Luis Guillorme,2B/3B/SS,L,R,ARI,30,5.159,0.116975464,0.406206548,,0,,,,,,
18030,Harrison Bader,NYM,143,437,95,64,19,0,12,57,51,17,0.048054919,0.217391304,0.136815921,0.275747508,0.236318407,0.242,0.285329004,0.294,0.373134328,0.377,0.28375286,85.22619263,-9.373347711,7.653524041,5.203259553,-1.653030351,1.325333487,0.221052631,0.06389776,0.3514377,0.33823529,0.59085439,0.4656952,0.60144928,0.86965377,0.77314211,0.46964856,0.36421725,0.16613419,87.21625399,11.89274505,111.673,0.210862619,0.428115015,0.361022364,-0.103551591,Harrison Bader,CF,R,R,NYM,31,7.03,1.325333476,1.121482491,1,10000000,10000000,,,,,
15271,Austin Wynns,CIN,7,20,7,3,4,0,0,3,2,0,0,0.25,0.210526316,0.5,0.368421052,0.289,0.419155437,0.307,0.578947368,0.367,0.4,165.3123913,1.60193304,1.243046388,2.196428565,0.039912052,0.362608049,0,0,0.35714286,0.48387097,0.54545455,0.52,0.6,0.875,0.76923077,0.42857143,0.35714286,0.21428571,91.48358154,15.77333396,110.043,0.357142857,0.357142857,0.285714285,-0.113259367,Austin Wynns,C,R,R,CIN,34,4.017,0.362608045,0.015543396,,0,,,CIN,1,0,
14813,Kyle Farmer,MIN,107,242,46,27,13,1,5,26,25,3,0.078512396,0.202479338,0.139534884,0.251533742,0.213953488,0.225,0.284968704,0.294,0.353488372,0.361,0.293388429,84.91941527,-7.337161246,4.581601977,4.05188867,-3.161366396,0.548573887,0.387755102,0.05357143,0.29166667,0.31862745,0.62869198,0.48526077,0.59230769,0.89597315,0.80373832,0.39880952,0.36904762,0.23214286,87.68798828,17.90297009,108.731,0.184523809,0.363095238,0.452380952,-0.145460061,Kyle Farmer,3B/2B/SS,R,R,MIN,34,6.129,0.548573852,0.348677754,,0,,,COL,1,3250000,3250000
13620,Carson Kelly,- - -,91,313,67,48,9,1,9,32,37,0,0.079872204,0.175718849,0.135231317,0.266055045,0.238434163,0.235,0.304146829,0.314,0.37366548,0.401,0.313099041,98.5121632,-3.546827392,10.5049994,1.999784846,-3.013977058,1.796226028,0.454545454,0.0660793,0.3876652,0.23508772,0.66441821,0.45399828,0.52985075,0.87563452,0.78787879,0.41409692,0.37444934,0.21145374,87.55813788,13.62231229,107.664,0.145374449,0.462555066,0.392070484,-0.158239726,Carson Kelly,C,R,R,TEX,30,6.161,1.796226025,1.498099327,,0,,,CHC,2,11500000,5750000
15711,Tyler O'Neill,BOS,113,473,99,50,18,0,31,74,61,4,0.112050739,0.336152219,0.270072993,0.304932735,0.240875912,0.213,0.359664805,0.339,0.510948905,0.48,0.336152219,130.9906854,16.01820819,-7.682470679,3.643428538,-0.754296772,2.489348638,0.333333333,0.17322835,0.48425197,0.24431256,0.65570401,0.44606855,0.42510121,0.77429467,0.67683616,0.51968504,0.31496063,0.16535433,90.86698757,20.1990515,113.141,0.173228346,0.358267716,0.468503937,-0.183491204,Tyler O'Neill,LF/RF/CF,R,R,BOS,30,6.059,2.48934865,2.011765003,3,51000000,17000000,,BAL,3,49500000,16500000
12160,Ben Gamel,- - -,38,99,20,15,4,0,1,22,4,1,0.181818181,0.242424242,0.086419753,0.339285714,0.24691358,0.259,0.326615088,0.343,0.333333333,0.368,0.383838383,114.5360374,0.925636204,-4.431650698,4.590383405,-0.734393343,-0.021361272,0.75,0.10526316,0.35087719,0.18617021,0.56994819,0.38057743,0.22857143,0.82727273,0.68275862,0.42105263,0.35087719,0.22807018,89.08220346,12.76864079,110.473,0.232142857,0.428571428,0.339285714,-0.233369111,Ben Gamel,RF/LF,L,L,HOU,33,6.152,-0.021597963,0.242064029,,0,,,,,,
13755,Tomás Nido,- - -,49,140,25,17,4,0,4,14,12,0,0.035714285,0.25,0.123076923,0.225806451,0.192307692,0.217,0.231028939,0.282,0.315384615,0.41,0.218978102,48.37099439,-9.270317584,5.977683835,1.92170329,-0.626948059,0.141439493,0.142857142,0.12,0.44,0.39662447,0.78438662,0.6027668,0.4893617,0.76303318,0.67868852,0.39,0.31,0.3,89.81589254,14.10381953,108.361,0.166666666,0.416666666,0.416666666,-0.252580575,Tomás Nido,C,R,R,CHC,31,5.121,0.140779555,0.046715464,,0,,,DET,1,0,
12037,Jon Berti,NYY,25,74,18,17,0,0,1,10,6,5,0.081081081,0.189189189,0.045454546,0.333333333,0.272727272,0.274,0.299913281,0.307,0.318181818,0.335,0.342465753,94.74949442,0.52793971,-0.519178391,5.556866555,0.972507969,0.255673331,0.428571428,0.01886792,0.30188679,0.19834711,0.59333333,0.41697417,0.75,0.87640449,0.84955752,0.22641509,0.35849057,0.41509434,84.20701247,11.04995845,110.65,0.269230769,0.403846153,0.326923076,-0.255154499,Jon Berti,3B/2B/SS/OF,R,R,NYY,35,5.168,0.255673319,0.377124727,,0,,,CHC,1,2000000,2000000
12510,Curt Casali,SFG,41,125,21,17,3,0,1,12,8,0,0.104,0.176,0.055555556,0.235294117,0.194444444,0.206,0.253667602,0.265,0.25,0.267,0.292682926,62.36926166,-5.863970653,-2.265941143,1.601190471,-0.239080612,-0.409732376,0.59090909,0.01136364,0.17045455,0.15909091,0.65625,0.42647059,0.65714286,0.86904762,0.83251232,0.44318182,0.35227273,0.20454545,82.98974035,20.00149644,104.474,0.188235294,0.376470588,0.435294117,-0.256216333,Curt Casali,C,R,R,SFG,36,8.117,-0.409732401,0.108376846,,0,,,ATL,1,0,
8623,Donovan Solano,SDP,96,309,81,60,13,0,8,31,35,2,0.071197411,0.210355987,0.130742049,0.345971563,0.286219081,0.257,0.333102858,0.307,0.41696113,0.378,0.343042071,117.5444313,3.331438967,-6.015869975,2.254848843,-3.151307814,0.78548682,0.338461538,0.03652968,0.36986301,0.28209459,0.63729809,0.47211312,0.58682635,0.8640553,0.78702163,0.34703196,0.4109589,0.24200913,87.2963912,13.66818153,107.577,0.228310502,0.442922374,0.328767123,-0.271932766,Donovan Solano,3B/1B/DH,R,R,SDP,37,9.057,0.785486758,0.702541292,,0,,,SEA,1,3500000,3500000
17982,Ty France,- - -,140,535,112,75,24,0,13,46,51,1,0.071028037,0.213084112,0.131524008,0.277310924,0.233820459,0.228,0.296129754,0.303,0.365344467,0.387,0.304672897,92.66403211,-8.305095614,-18.15307856,1.585135011,-3.632470429,-0.891328196,0.333333333,0.07297297,0.3972973,0.27947154,0.73084291,0.51183432,0.54545455,0.87287025,0.78612717,0.35945946,0.36216216,0.27837838,88.69310864,12.87278294,111.065,0.181081081,0.456756756,0.362162162,-0.276628475,Ty France,1B,R,R,CIN,30,5.089,-0.891324639,0.437336057,,0,,,,,,
16153,Austin Slater,- - -,84,212,37,31,4,0,2,24,18,3,0.122641509,0.283018867,0.056497175,0.294117647,0.209039548,0.232,0.273435838,0.303,0.265536723,0.319,0.320754716,76.36256353,-6.76852706,-1.691568464,3.403188918,-0.767416834,-0.14433642,0.433333333,0.03305785,0.37190083,0.20143885,0.62365591,0.42403628,0.5,0.78965517,0.72459893,0.33884298,0.33057851,0.33057851,88.21530803,7.21339617,105.359,0.282051282,0.504273504,0.213675213,-0.301367245,Austin Slater,RF/LF/CF,R,R,BAL,32,6.147,-0.144336402,0.479313076,1,4000000,4000000,,CHW,1,1750000,1750000
19262,Garrett Hampson,KCR,113,231,49,35,13,1,0,16,16,7,0.06060606,0.255411255,0.070422535,0.314102564,0.230046948,0.206,0.255045471,0.244,0.300469483,0.282,0.27510917,58.72621381,-9.467387124,6.445569033,4.979446531,1.441787593,0.483204289,0.237288135,0.0443038,0.30379747,0.2585752,0.61507937,0.46206116,0.6122449,0.84193548,0.78676471,0.38607595,0.31012658,0.30379747,85.96007088,16.11731685,109.144,0.198675496,0.36423841,0.437086092,-0.316697764,Garrett Hampson,2B/3B/SS/OF,R,R,KCR,30,6.01,0.483204246,0.145650402,,0,,,,,,
9218,Paul Goldschmidt,STL,154,654,147,91,33,1,22,70,65,11,0.071865443,0.264525993,0.168614357,0.307881773,0.245409015,0.255,0.309822555,0.329,0.414023372,0.45,0.301538461,99.66620027,-0.314735921,-10.66998804,4.457351272,-0.053685129,1.114793229,0.2716763,0.10648148,0.48148148,0.28878282,0.6390411,0.47699669,0.61707989,0.79849946,0.74768519,0.4135514,0.3271028,0.25934579,91.24618545,13.09171206,111.445,0.212616822,0.429906542,0.357476635,-0.322939432,Paul Goldschmidt,1B,R,R,STL,37,13.059,1.114793181,1.877139449,1,14000000,14000000,0,NYY,1,12500000,12500000
15172,Tim Anderson,MIA,65,241,50,47,3,0,0,16,9,4,0.029045643,0.282157676,0.012820513,0.301204819,0.213675213,0.215,0.207583638,0.23,0.226495726,0.283,0.236514522,26.76256375,-22.50513295,0.492516756,2.911151396,-1.398864388,-1.444553375,0.102941176,0.01807229,0.30120482,0.38105727,0.69857434,0.54603175,0.53757225,0.79591837,0.70930233,0.41818182,0.2969697,0.28484848,86.10488873,1.396488629,108.881,0.224242424,0.624242424,0.151515151,-0.323311793,Tim Anderson,SS/2B,R,R,MIA,32,8.043,-1.444553494,0.059142917,,0,,,LAA,1,0,
10950,Adam Duvall,ATL,104,330,55,34,10,0,11,29,30,0,0.063636363,0.3,0.141914192,0.226804123,0.181518151,0.197,0.251942584,0.283,0.323432343,0.387,0.245454545,58.0482845,-16.83033124,-4.005969144,1.248626365,-0.275492713,-1.016972752,0.212121212,0.10731707,0.36585366,0.32835821,0.64098613,0.49041534,0.51515152,0.85096154,0.74267101,0.52195122,0.30243902,0.17560976,86.87356136,22.17744141,112.96,0.180487804,0.312195121,0.507317073,-0.327691484,Adam Duvall,LF/RF,R,R,ATL,36,8.151,-1.016972661,0.015099362,1,3000000,3000000,,,,,
17232,Yoán Moncada,CHW,12,45,11,7,3,1,0,4,0,1,0.111111111,0.244444444,0.125,0.379310344,0.275,0.264,0.332686112,0.314,0.4,0.346,0.355555555,117.2976543,0.776066162,0.385255132,6.484876064,-0.114580274,0.274865406,0.454545454,0,0.34482759,0.25,0.63,0.44791667,0.34782609,0.9047619,0.75581395,0.4137931,0.24137931,0.34482759,90.23158843,6.060114367,108.573,0.275862068,0.551724137,0.172413793,-0.336211592,Yoán Moncada,3B,S,R,CHW,30,7.106,0.274865419,1.044775486,,0,,,,,,
16572,Connor Joe,PIT,123,416,83,51,22,1,9,49,36,2,0.10576923,0.21875,0.14010989,0.278195488,0.228021978,0.206,0.304952391,0.277,0.368131868,0.308,0.319711538,92.33366157,-4.215961721,-4.881349564,3.030702609,-0.402296185,0.491179032,0.483516483,0.04727273,0.32,0.22347066,0.62705882,0.43125379,0.52513966,0.85178236,0.76966292,0.41818182,0.30181818,0.28,85.33918796,16.34115534,109.403,0.149090909,0.429090909,0.421818181,-0.355154189,Connor Joe,1B/RF/LF,R,R,PIT,32,3.136,0.491179049,0.260527581,,0,,,,,,
2136,David Peralta,SDP,91,260,63,44,11,0,8,35,28,2,0.084615384,0.207692307,0.148305085,0.316091954,0.266949152,0.259,0.32920126,0.313,0.415254237,0.376,0.334615384,114.9183881,4.053279601,-8.522922039,3.466410044,-0.584995806,0.432590906,0.407407407,0.05494505,0.41758242,0.32941176,0.68972332,0.50885827,0.49404762,0.87679083,0.75241779,0.37912088,0.37912088,0.24175824,88.07105297,8.925525036,111.559,0.219780219,0.472527472,0.307692307,-0.369985247,David Peralta,RF/LF,L,L,SDP,37,10.079,0.432590872,0.19515954,,0,,,,,,
19339,Nicky Lopez,CHW,124,445,96,80,12,3,1,40,21,5,0.083146067,0.150561797,0.052763819,0.287878787,0.24120603,0.227,0.275143851,0.268,0.293969849,0.288,0.312072892,76.82125267,-12.2590813,5.821554422,3.716672204,-0.45708213,0.867200548,0.552238805,0.0148368,0.16913947,0.29709229,0.65591398,0.48157248,0.66382979,0.8870674,0.82015306,0.30267062,0.38575668,0.3115727,84.99985068,5.575297971,106.521,0.176829268,0.560975609,0.262195121,-0.389663436,Nicky Lopez,2B/SS,L,R,CHW,30,5.139,0.867200553,0.527537107,,0,,,,,,
17128,Ramón Laureano,- - -,98,309,74,46,16,1,11,35,33,8,0.048543689,0.310679611,0.178321679,0.35,0.258741258,0.235,0.324089857,0.311,0.437062937,0.43,0.310679611,107.6025912,2.276995408,-3.713154018,4.832401629,-0.744042993,0.91470151,0.15625,0.12041885,0.40314136,0.3041958,0.72861842,0.52288136,0.44827586,0.81038375,0.7082658,0.43455497,0.31413613,0.2513089,89.17612893,13.2564317,110.729,0.240837696,0.387434554,0.371727748,-0.431619524,Ramón Laureano,RF/LF/CF,R,R,ATL,30,5.159,0.914701462,0.430118054,,0,,,,,,
15676,José Abreu,HOU,35,120,14,10,2,0,2,10,7,0,0.033333333,0.233333333,0.07079646,0.142857142,0.123893805,0.161,0.163517737,0.198,0.194690265,0.24,0.166666666,0.357565316,-14.42534769,-4.190297246,2.64285714,-0.743927419,-1.509443466,0.142857142,0.02325581,0.3255814,0.34177215,0.6746988,0.51234568,0.54320988,0.85119048,0.75100402,0.26744186,0.45348837,0.27906977,87.81733739,6.748952466,109.706,0.139534883,0.53488372,0.325581395,-0.456566344,José Abreu,1B,R,R,HOU,38,10.054,-1.509443521,-0.061716475,,0,,,,,,
20123,Juan Soto,NYY,157,713,166,90,31,4,41,128,109,7,0.180925666,0.16690042,0.28125,0.297619047,0.288194444,0.316,0.420584882,0.462,0.569444444,0.646,0.419354838,179.6323631,61.14103099,-6.089182019,4.300614076,-3.824761547,8.14035872,1.084033613,0.19739696,0.56832972,0.18449712,0.57593123,0.3692932,0.62152778,0.86069652,0.79761905,0.45119306,0.34707158,0.20173536,94.18303571,10.68043656,115.731,0.203947368,0.436403508,0.359649122,-0.54433078,Juan Soto,LF/RF,L,L,NYY,26,6.134,8.140358925,6.451408386,13,585000000,45000000,21050000,NYM,15,765000000,51000000
16219,J.D. Davis,- - -,46,157,31,22,5,0,4,13,6,0,0.076433121,0.248407643,0.11971831,0.272727272,0.218309859,0.212,0.282155767,0.284,0.338028169,0.347,0.29299363,85.67779743,-3.417106787,-5.899348333,0.960164828,-0.844253205,-0.421660013,0.307692307,0.08737864,0.4368932,0.23255814,0.73556231,0.51448041,0.38333333,0.7768595,0.6986755,0.40776699,0.36893204,0.22330097,89.05278823,2.818078172,111.775,0.116504854,0.640776699,0.242718446,-0.574347691,J.D. Davis,3B/1B,R,R,NYY,32,6.092,-0.421660721,0.198700204,,0,,,LAA,1,0,
18015,Paul DeJong,- - -,139,482,101,60,17,0,24,54,56,2,0.047717842,0.323651452,0.2,0.285185185,0.226966292,0.218,0.302387195,0.291,0.426966292,0.395,0.275933609,95.00773614,-5.143344905,5.779819161,2.325336282,-2.390066192,1.725171565,0.147435897,0.10204082,0.41156463,0.34458673,0.78427419,0.5802269,0.42905405,0.76349614,0.67132216,0.44897959,0.30952381,0.2414966,87.82765831,19.96083038,111.53,0.227891156,0.31632653,0.455782312,-0.603142293,Paul DeJong,SS/3B,R,R,KCR,31,7.057,1.725168467,0.422653735,,0,,,,,,
14551,Anthony Santander,BAL,155,665,140,69,25,2,44,91,102,2,0.087218045,0.193984962,0.270588235,0.224824355,0.235294117,0.228,0.345174366,0.324,0.505882352,0.445,0.308270676,129.2176422,19.53289646,-9.623647571,3.209087475,-2.698790558,3.312878245,0.449612403,0.11677282,0.41401274,0.35065835,0.66100386,0.49744339,0.72924901,0.87733645,0.82232012,0.44798301,0.3163482,0.23566879,89.8079621,22.74136262,114.366,0.144373673,0.307855626,0.5477707,-0.625388613,Anthony Santander,RF/LF,S,R,BAL,30,6.162,3.31287837,2.65821147,4,80000000,20000000,21050000,TOR,5,92500000,18500000
11615,Brandon Drury,LAA,97,360,55,44,7,0,4,28,15,1,0.075,0.225,0.058461538,0.209876543,0.169230769,0.202,0.216617578,0.259,0.227692307,0.287,0.241666666,34.39195647,-28.94853591,-3.278495073,2.414235203,-1.923567489,-2.088920356,0.333333333,0.03643725,0.35222672,0.25835866,0.65223275,0.46671439,0.56470588,0.84854772,0.77453988,0.36842105,0.43319838,0.19838057,87.58681085,5.998446333,113.748,0.153846153,0.570850202,0.275303643,-0.643397931,Brandon Drury,2B/1B/3B,R,R,LAA,32,8.001,-2.088920355,0.250858098,,0,,,,,,
11368,Yasmani Grandal,PIT,72,243,49,30,10,0,9,26,27,1,0.098765432,0.189300411,0.172093024,0.248447204,0.227906976,0.246,0.308255916,0.325,0.4,0.419,0.304166666,94.55716032,-2.645262156,7.688664913,2.40904095,-1.063675106,1.356609337,0.52173913,0.0982659,0.42774566,0.2575406,0.52591171,0.40441176,0.64864865,0.87956204,0.81298701,0.45086705,0.36416185,0.1849711,91.14039522,11.10739962,107.993,0.176470588,0.458823529,0.364705882,-0.66231448,Yasmani Grandal,C,S,R,PIT,36,12.115,1.356609344,1.190533519,,0,,,,,,
14128,Joey Gallo,WSN,76,260,36,17,9,0,10,24,27,3,0.123076923,0.392307692,0.174887892,0.232142857,0.161434977,0.173,0.275800613,0.285,0.336322869,0.348,0.276923076,75.663054,-8.485159046,-1.710108519,2.960900889,-0.918560185,-0.158738657,0.31372549,0.13114754,0.43442623,0.21988528,0.67210145,0.45209302,0.34782609,0.72237197,0.63374486,0.54918033,0.25409836,0.19672131,90.5345913,26.10580974,109.001,0.198347107,0.272727272,0.528925619,-0.664331009,Joey Gallo,1B/RF/LF,L,R,WSN,31,8.103,-0.158738658,-0.063249372,,0,,,,,,
11680,Elias Díaz,- - -,96,351,86,60,20,0,6,27,39,0,0.056980056,0.196581196,0.116923077,0.317460317,0.264615384,0.242,0.30250531,0.28,0.381538461,0.343,0.313390313,81.31288428,-10.73208821,4.067534734,0.83035714,-2.888574217,0.518877378,0.289855072,0.04651163,0.34108527,0.33179012,0.7362963,0.53817082,0.46976744,0.84909457,0.73455056,0.41085271,0.36821705,0.22093023,87.11586142,7.62838435,110.54,0.182170542,0.519379844,0.298449612,-0.679793796,Elias Díaz,C,R,R,SDP,34,8.087,0.519003808,0.316634774,,0,,,,,,
9847,Andrew McCutchen,PIT,120,515,104,65,18,1,20,66,50,3,0.112621359,0.258252427,0.178571428,0.282828282,0.232142857,0.227,0.324504187,0.327,0.410714285,0.421,0.328155339,105.4933599,0.523591518,-12.95872879,3.151889972,-2.859444089,0.486941856,0.436090225,0.11671924,0.36277603,0.1703629,0.63076923,0.41951896,0.44970414,0.80216802,0.73649394,0.41640379,0.38170347,0.20189274,88.4257318,14.28328348,109.823,0.170347003,0.410094637,0.419558359,-0.708181605,Andrew McCutchen,DH,R,R,PIT,38,15.123,0.486941844,0.068961494,,0,,,PIT,1,5000000,5000000
17484,Eloy Jiménez,- - -,98,349,77,57,14,0,6,25,23,3,0.063037249,0.200573065,0.098765433,0.285140562,0.23765432,0.248,0.275946989,0.3,0.336419753,0.382,0.28939828,78.29834419,-11.17982959,-9.358102174,2.702786904,-2.513725415,-0.919567719,0.314285714,0.07843137,0.49019608,0.30150754,0.70198675,0.50291424,0.55,0.86320755,0.76986755,0.40392157,0.41568627,0.18039216,91.97208531,4.342882942,112.25,0.152941176,0.560784313,0.286274509,-0.722807807,Eloy Jiménez,DH/RF/LF,R,R,BAL,28,6,-0.920132816,0.500845373,1,6000000,6000000,,TBR,1,0,
19251,Pete Alonso,NYM,162,695,146,81,31,0,34,91,88,3,0.100719424,0.247482014,0.21875,0.275862068,0.240131578,0.242,0.339852821,0.343,0.458881578,0.461,0.329496402,121.9244585,13.9582571,-16.85468626,2.750297249,-4.262858525,2.091143269,0.406976744,0.12954545,0.45909091,0.26161544,0.59811731,0.42877698,0.54371585,0.87409201,0.77265101,0.42824601,0.30296128,0.26879271,89.79556698,14.41728694,116.319,0.157175398,0.4214123,0.4214123,-0.767784582,Pete Alonso,1B,R,R,NYM,30,6,2.09114337,2.41941762,5,125000000,25000000,21050000,,,,
4940,Jason Heyward,- - -,87,258,48,24,12,2,10,33,37,5,0.085271317,0.205426356,0.201754386,0.226190476,0.210526315,0.233,0.300210668,0.29,0.412280701,0.346,0.287937743,94.32505667,0.8666191,-1.390467167,6.374640534,2.631376974,0.833442593,0.415094339,0.05586592,0.41340782,0.32734531,0.65774379,0.49609375,0.56707317,0.87790698,0.77755906,0.56179775,0.29775281,0.14044944,88.04165563,10.4398114,108.372,0.151685393,0.516853932,0.331460674,-0.797684898,Jason Heyward,RF/LF,L,L,HOU,35,15,0.830635965,0.389502734,1,6000000,6000000,,,,,
13419,Christian Walker,ARI,130,552,120,68,26,0,26,72,84,2,0.099637681,0.240942028,0.217118998,0.286585365,0.25052192,0.246,0.343447817,0.351,0.467640918,0.457,0.335144927,119.1957424,9.442324061,1.293997765,2.228273424,-3.228512071,3.007289853,0.413533834,0.13276836,0.48022599,0.24236984,0.7037037,0.48045178,0.5,0.84688995,0.76220615,0.42090395,0.35310734,0.2259887,91.26983643,16.65136441,113.913,0.152542372,0.378531073,0.468926553,-0.805166774,Christian Walker,1B,R,R,ARI,34,6.124,3.007289886,3.142507315,3,54000000,18000000,21050000,HOU,3,60000000,20000000
5254,Robbie Grossman,- - -,87,245,44,33,8,0,3,21,16,3,0.13877551,0.236734693,0.081730769,0.275167785,0.211538461,0.214,0.283393847,0.292,0.29326923,0.298,0.322448979,82.27389488,-5.141401357,-8.532632738,3.236701838,-0.172218113,-0.568732952,0.586206896,0.03289474,0.27631579,0.15212982,0.55576208,0.36275461,0.58666667,0.85284281,0.79946524,0.48026316,0.30921053,0.21052632,86.27881181,13.31806604,107.019,0.236842105,0.434210526,0.328947368,-0.940137925,Robbie Grossman,RF/LF,S,L,KCR,35,10.06,-0.568734169,-0.036673669,,0,,,,,,
19363,Austin Hays,- - -,85,255,60,37,18,0,5,26,20,2,0.035294117,0.231372549,0.140425532,0.317919075,0.255319148,0.234,0.303264681,0.287,0.39574468,0.363,0.303149606,97.83391462,-0.799446501,-5.674849391,2.826608326,-0.10506933,0.208982583,0.152542372,0.06703911,0.40223464,0.3470437,0.7127193,0.5443787,0.44444444,0.84307692,0.72608696,0.50837989,0.29050279,0.20111732,88.85793774,14.87828004,109.879,0.202247191,0.410112359,0.387640449,-0.942552774,Austin Hays,LF/RF/CF,R,R,PHI,29,5.057,0.208033785,0.526693404,,0,,,,,,
16376,Michael Conforto,SFG,130,488,104,54,27,3,20,56,66,0,0.086065573,0.241803278,0.212328767,0.277227722,0.237442922,0.257,0.326693408,0.35,0.449771689,0.479,0.309426229,111.5206351,4.953990261,-8.896089077,2.775221672,-1.768923312,1.27122379,0.355932203,0.11764706,0.45820433,0.25207469,0.63763764,0.44829343,0.56790123,0.8477237,0.77045455,0.42105263,0.34365325,0.23529412,90.21530617,14.79861821,113.555,0.176470588,0.417956656,0.405572755,-0.953601907,Michael Conforto,LF/RF,L,R,SFG,32,8.043,1.271223783,1.335659742,1,12000000,12000000,,LAD,1,17000000,17000000
13152,Jorge Polanco,SEA,118,469,89,62,11,0,16,43,45,4,0.098081023,0.292110874,0.141486811,0.27443609,0.213429256,0.226,0.287064674,0.309,0.354916067,0.399,0.296375266,92.09728406,-5.760600973,-7.248030424,2.400370234,-1.519732319,0.271179408,0.335766423,0.08865248,0.37234043,0.25463918,0.63422131,0.44501542,0.52226721,0.82067851,0.73556582,0.4858156,0.31914894,0.19503546,88.27640934,17.92704586,110.737,0.241007194,0.338129496,0.420863309,-1.03355563,Jorge Polanco,2B/3B,S,R,SEA,31,8.024,0.271179497,1.402861595,,0,,,,,,
11281,Whit Merrifield,- - -,95,335,65,49,9,3,4,44,15,17,0.104477611,0.15522388,0.092150171,0.257383966,0.221843003,0.242,0.283208942,0.295,0.313993174,0.317,0.311178247,79.51704904,-5.149949585,-1.675488651,7.127387365,3.05542887,0.447233539,0.673076923,0.0244898,0.2122449,0.2592,0.62464183,0.45200302,0.66049383,0.88990826,0.8277592,0.36734694,0.33061224,0.30204082,83.99728458,12.99489004,104.643,0.204166666,0.45,0.345833333,-1.111214406,Whit Merrifield,2B/3B/LF,R,R,ATL,36,8.101,0.442642063,0.534494758,,0,,,,,,
16535,Danny Jansen,- - -,94,324,57,35,13,0,9,35,24,0,0.12345679,0.188271604,0.143884892,0.227488151,0.205035971,0.201,0.294259196,0.289,0.348920863,0.332,0.308641975,90.01000079,-4.785682724,-0.536925882,1.364448046,-1.082150981,0.56576588,0.655737704,0.06363636,0.29090909,0.19062027,0.60851064,0.40629575,0.6031746,0.86713287,0.80720721,0.52272727,0.3,0.17727273,86.62060101,21.74935648,107.211,0.163636363,0.304545454,0.531818181,-1.128559974,Danny Jansen,C,R,R,BOS,30,6.05,0.547074854,1.551423192,2,16000000,8000000,,TBR,1,8500000,8500000
17696,Kevin Newman,ARI,111,311,80,59,17,1,3,41,28,8,0.048231511,0.154340836,0.097222223,0.322175732,0.277777777,0.256,0.298464104,0.271,0.375,0.323,0.311475409,88.91862059,-3.220712755,6.457144499,5.735191712,0.900409497,1.403858586,0.3125,0.01612903,0.23387097,0.31485149,0.6405694,0.4864105,0.66037736,0.92222222,0.84200385,0.35887097,0.35483871,0.28629032,85.58577474,9.793663534,104.694,0.219917012,0.4813278,0.298755186,-1.193716627,Kevin Newman,2B/SS/3B,R,R,ARI,31,6.046,1.403858542,0.323450655,,0,,,LAA,1,2750000,2750000
19252,Cavan Biggio,- - -,78,224,37,27,5,0,5,27,19,2,0.107142857,0.321428571,0.106382979,0.288288288,0.19680851,0.179,0.284668858,0.256,0.303191489,0.239,0.313636363,84.38124445,-3.649749232,-2.365739102,3.919108271,0.441904828,0.149593495,0.333333333,0.025,0.16666667,0.15738499,0.5498155,0.38010471,0.50769231,0.84899329,0.78787879,0.36440678,0.40677966,0.22881356,82.01792667,21.20788701,104.651,0.254385964,0.342105263,0.403508771,-1.30702918,Cavan Biggio,2B/3B/LF/RF,L,R,ATL,30,5.11,0.148431405,0.036888301,,0,,,KCR,1,0,
19293,Nick Senzel,- - -,74,267,46,28,11,0,7,25,18,1,0.104868913,0.228464419,0.13559322,0.232142857,0.194915254,0.229,0.273336389,0.298,0.330508474,0.355,0.283018867,73.34590352,-9.010507827,-4.991715312,2.008608908,-0.719320193,-0.527723523,0.459016393,0.05649718,0.25423729,0.2510917,0.65447898,0.47064677,0.53043478,0.8547486,0.77589852,0.35227273,0.42045455,0.22727273,84.04926098,15.47143783,106.874,0.189655172,0.413793103,0.396551724,-1.352087057,Nick Senzel,3B/LF/RF,R,R,CHW,30,5.127,-0.518344283,0.136356309,,0,,,,,,
17678,Alex Bregman,HOU,145,634,151,93,30,2,26,79,75,3,0.06940063,0.135646687,0.192771085,0.264270613,0.259896729,0.257,0.330704212,0.319,0.452667814,0.417,0.315457413,117.9599455,10.72992192,8.094865084,3.402246487,-2.298741914,4.126927443,0.511627906,0.06212425,0.4008016,0.22162162,0.64586583,0.44899666,0.75203252,0.92512077,0.88547486,0.3987976,0.34468938,0.25651303,89.09133709,18.14426456,109.084,0.182364729,0.364729458,0.452905811,-1.877477324,Alex Bregman,3B,R,R,HOU,31,8.07,4.126927376,4.010169029,6,162000000,27000000,21050000,,,,