playerid,Name,Pos,Bats,Thr,Prev Team,Age,Service Time,W,L,SV,G,GS,IP,K/9,BB/9,HR/9,BABIP,LOB%,GB%,HR/FB,ERA,xERA,FIP,xFIP,WAR,Stuff+,Location+,Pitching+
18655,A.J. Minter,RP,L,L,ATL,31,6.2,5,4,1,39,0,34.1,9.2,2.9,1.6,0.222,94.20%,45.90%,16.70%,2.62,3.31,4.45,3.76,-0.1,105.5,102,102.6
16258,Aaron Bummer,RP,L,L,ATL,31,6.2,4,3,0,56,0,55.1,11.2,2.9,0.3,0.386,72.90%,59.70%,7.10%,3.58,2.8,2.23,2.52,1.1,100.6,101.4,98.5
15288,Adam Cimber,RP,R,R,LAA,34,6.1,3,0,0,28,0,24.1,7,5.2,0.4,0.284,54.40%,44.80%,4.80%,7.03,5.53,4.6,5.38,0,87.7,92.3,97.2
1247,Adam Ottavino,RP,S,R,NYM,39,13.1,2,2,1,60,0,56,11.3,3.7,1,0.309,70.80%,43.40%,10.00%,4.34,3.19,3.67,3.89,0.5,103.5,99.8,101
17859,Adbert Alzolay,RP,R,R,CHC,30,4.1,1,4,4,18,0,17.1,6.8,3.1,3.1,0.265,73.90%,41.80%,26.10%,4.67,6.79,7.38,4.88,-0.8,112.7,98.2,98.5
12718,Adrian Houser,SP,R,R,NYM,32,5.1,1,5,1,23,7,69.1,5.8,4.2,1,0.3,62.80%,48.50%,10.40%,5.84,5.24,4.93,5.11,-0.1,90.8,100.3,96.5
6562,Alex Cobb,SP,R,R,CLE,37,13.1,2,1,0,3,3,16.1,5.5,1.7,0.6,0.271,64.10%,61.20%,7.70%,2.76,5.01,3.29,3.7,0.3,107.1,105.3,107.4
13781,Alex Wood,SP,R,L,ATH,34,11.1,1,3,0,9,9,39.1,7.6,4.3,1.4,0.366,72.10%,36.80%,12.80%,5.26,6.66,5.3,5.13,-0.1,70.6,98.4,93.3
12988,Andrew Chafin,RP,R,L,TEX,35,10,4,3,1,62,0,56.1,11.2,5,0.8,0.338,75.30%,36.10%,8.60%,3.51,3.64,3.54,3.94,0.4,88.8,89.7,92.5
15423,Andrew Heaney,SP,L,L,TEX,34,9.2,5,14,0,32,31,160,8.9,2.3,1.3,0.297,71.20%,33.50%,10.80%,4.28,4.46,4.04,4.18,2.2,80.4,101.6,98.8
12828,Andrew Kittredge,RP,R,R,STL,35,6.1,5,5,1,74,0,70.2,8.5,2.5,1.3,0.263,81.80%,45.20%,14.10%,2.8,3.97,3.96,3.64,0.3,115.6,106.6,111.6
10233,Aroldis Chapman,RP,L,L,PIT,37,14,5,5,14,68,0,61.2,14.3,5.7,0.7,0.322,69.20%,44.80%,10.60%,3.79,2.98,3.04,3.14,1.1,134.1,95.6,105.9
13801,Austin Adams,RP,R,R,ATH,34,5.2,1,2,0,56,0,41.1,11.5,5,0.9,0.347,78.90%,36.60%,10.30%,3.92,4.08,4.47,4.64,0,100.6,90.5,97.3
15047,Austin Voth,RP,R,R,SEA,33,5.1,2,5,0,68,0,61,9,2.7,1.3,0.236,66.20%,34.80%,12.90%,3.69,3.14,4.12,3.93,0,99.3,100.3,98
13543,Blake Snell,SP,L,L,SFG,32,8.1,5,3,0,20,20,104,12.5,3.8,0.5,0.266,70.90%,42.00%,6.50%,3.12,2.57,2.43,3.01,3.1,122.3,97.8,104.1
12572,Blake Treinen,RP,R,R,LAD,37,10.1,7,3,1,50,0,46.2,10.8,2.1,1,0.255,89.70%,44.70%,11.10%,1.93,2.41,3,3.06,1,92.5,101.4,104.4
13942,Brent Suter,RP,L,L,CIN,35,7.2,1,0,2,47,3,65.2,6.9,1.6,1.4,0.272,82.80%,40.90%,12.30%,3.15,4.2,4.31,4.19,0.2,102.7,99.3,103.4
10061,Brooks Raley,RP,L,L,NYM,37,5,1,0,0,8,0,7,11.6,3.9,0,0.154,100.00%,30.80%,0.00%,0,3.24,1.88,3.61,0.3,103.5,108.1,112.7
19990,Bryse Wilson,SP,R,R,MIL,27,4,5,4,0,34,9,104.2,7.1,2.7,1.7,0.269,80.70%,37.80%,14.40%,4.04,5.35,5.09,4.61,-0.2,93.3,104.7,98.4
14814,Buck Farmer,RP,L,R,CIN,34,7.1,3,2,1,61,1,71,8.9,3.7,0.9,0.263,81.50%,35.80%,8.60%,3.04,4.14,4,4.44,0.6,92.8,99.6,100.5
12784,Burch Smith,RP,R,R,BAL,35,5.1,4,1,0,50,0,56.1,7.3,1.9,1,0.331,63.20%,43.80%,9.20%,4.95,4.46,3.66,4.02,0.3,105.3,100.5,100.7
19312,Cal Quantrill,SP,L,R,COL,30,5.1,8,11,0,29,29,148.1,6.7,4.2,1.4,0.3,75.10%,44.40%,14.90%,4.98,5.31,5.32,4.87,0.5,90.1,95.5,93.9
19349,Caleb Ferguson,RP,R,L,HOU,28,6.1,1,4,1,62,0,54.1,11.1,4.1,1,0.34,66.60%,46.70%,13.30%,4.64,4.11,3.74,3.55,0.3,88.4,103,98.1
10078,Caleb Thielbar,RP,R,L,MIN,38,6.1,2,4,3,59,0,47.1,10.1,4.6,1.1,0.331,62.50%,38.00%,10.90%,5.32,4.17,4.1,4.21,0.2,111.7,105.2,105
6632,Carlos Carrasco,SP,R,R,CLE,38,13.1,3,10,0,21,21,103.2,7.7,2.9,1.6,0.309,66.50%,46.50%,17.00%,5.64,4.71,4.93,4.18,0.1,87.6,99.6,96.7
14542,Carlos Estévez,RP,R,R,PHI,32,8,4,5,26,54,0,55,8.2,2,0.8,0.229,75.00%,32.90%,6.80%,2.45,3.19,3.24,4.09,1.2,112.1,104.2,105.7
4676,Charlie Morton,SP,R,R,ATL,41,16,8,10,0,30,30,165.1,9.1,3.5,1.3,0.306,74.20%,46.30%,15.80%,4.19,4.49,4.46,3.99,1.1,95.4,97.5,97.4
12763,Chris Devenski,RP,R,R,TBR,34,7.1,2,1,0,19,0,26.2,8.1,4.7,3,0.253,57.80%,25.00%,18.40%,6.75,5.9,7.33,5.72,-0.7,109.6,99.3,102.4
13896,Chris Flexen,SP,R,R,CHW,30,4.1,3,15,0,33,30,160,6.9,3.5,1.4,0.315,71.00%,35.60%,10.40%,4.95,4.71,4.8,5.03,1.3,56.2,97.3,91.9
11847,Chris Martin,RP,R,R,BOS,39,7.1,3,1,2,45,0,44.1,10.2,0.6,1,0.353,67.40%,46.30%,13.20%,3.45,3.41,2.78,2.61,0.9,97.9,112.2,107.1
13649,Clay Holmes,SP,R,R,NYY,32,6,3,5,30,67,0,63,9.7,3.1,0.6,0.322,70.50%,65.00%,11.80%,3.14,3.29,3.02,3.01,1.2,134.9,98.2,107.2
2036,Clayton Kershaw,SP,L,L,LAD,37,16.1,2,2,0,7,7,30,7.2,2.7,0.6,0.354,63.30%,38.50%,6.10%,4.5,4.59,3.53,4.33,0.6,100.6,100.4,99.5
19403,Colin Poche,RP,L,L,TBR,31,5.1,1,2,2,43,0,37.1,8,3.1,1.7,0.23,81.30%,33.30%,13.20%,3.86,3.86,4.88,4.59,-0.3,86.5,92.7,95.6
12317,Colin Rea,SP,R,R,MIL,34,5.1,12,6,1,32,27,167.2,7.2,2.3,1.6,0.282,76.60%,38.80%,13.70%,4.29,4.91,4.75,4.42,0.9,83.7,102.5,96.9
19361,Corbin Burnes,SP,R,R,BAL,30,6,15,9,0,32,32,194.1,8.4,2.2,1,0.269,75.50%,48.20%,11.60%,2.92,3.34,3.55,3.55,3.7,119.6,102.6,107
6655,Craig Kimbrel,RP,R,R,BAL,37,13.2,7,5,23,57,0,52.1,12.6,5.3,1.2,0.284,61.90%,32.00%,13.00%,5.33,4.31,4.18,4,0.1,111.6,95.6,100.5
19206,Dakota Hudson,SP,R,R,COL,30,5.1,2,12,0,18,18,89,5,5.1,1.1,0.304,63.50%,52.30%,12.50%,6.17,6.01,5.53,5.41,0,83.9,95.3,90.7
13293,Danny Coulombe,RP,L,L,BAL,35,6,1,0,1,33,0,29.2,9.7,1.5,0.9,0.179,82.30%,48.60%,10.70%,2.12,2.91,2.83,2.94,0.5,80.4,100.5,99.5
8241,David Robertson,RP,R,R,TEX,40,15.1,3,4,2,68,0,72,12.4,3.4,0.6,0.3,76.90%,48.80%,9.30%,3,3.19,2.65,2.88,1.9,119.3,99.6,105
17496,Diego Castillo,RP,R,R,MIN,31,4.2,0,0,0,7,0,10,5.4,7.2,0,0.276,81.30%,51.70%,0.00%,2.7,3.97,4.37,6.18,0,93.9,90.7,95.8
17796,Dillon Tate,RP,R,R,TOR,31,4.1,2,1,1,33,0,36.2,6.6,2.9,0.5,0.336,67.00%,49.60%,5.70%,4.66,3.83,3.71,4.45,0.2,99.3,95.6,95.8
17755,Drew Smith,RP,R,R,NYM,31,6,1,1,2,19,0,17.2,11.7,4.6,1,0.356,82.60%,25.50%,8.00%,3.06,4.43,3.56,4.23,0.2,117,101.5,103.4
11760,Drew Smyly,RP,L,L,CHC,36,12.1,4,8,0,50,0,58.2,8.6,3.8,1.5,0.288,78.90%,35.30%,13.70%,3.84,3.78,4.91,4.57,-0.3,91.9,100.6,101.4
13394,Dylan Floro,RP,L,R,ARI,34,7.1,6,4,0,66,0,68.2,6.3,2.2,0.7,0.288,68.40%,45.50%,7.10%,3.8,3.94,3.5,4.1,0.6,75,104,94.1
18403,Enyel De Los Santos,RP,R,R,CHW,29,4,1,2,2,64,0,64,9.3,3.5,2.4,0.291,80.10%,34.40%,19.50%,5.2,5.31,5.96,4.57,-0.9,90.7,103.5,99.5
14309,Frankie Montas,SP,R,R,MIL,32,7,7,11,0,30,30,150.2,8.8,3.9,1.4,0.282,68.90%,41.60%,14.80%,4.84,4.71,4.71,4.26,1.4,97.8,100.8,99.4
17490,Génesis Cabrera,RP,L,L,TOR,28,5,3,3,2,69,0,62.2,7.2,4.2,1.4,0.294,78.80%,42.80%,14.30%,3.59,4.4,5.13,4.74,-0.5,88,94.7,90.3
14986,Giovanny Gallegos,RP,R,R,STL,33,6,2,1,1,21,0,20.2,9.1,4.4,2.6,0.316,74.20%,47.60%,30.00%,6.53,4.65,6.36,4.05,-0.5,89.6,96.4,96.7
19867,Griffin Canning,SP,R,R,LAA,29,5.1,6,13,0,32,31,171.2,6.8,3.5,1.6,0.283,69.60%,40.70%,14.80%,5.19,4.74,5.26,4.75,0.2,87.6,97.7,96.9
11804,Héctor Neris,RP,R,R,HOU,36,9.1,10,5,18,62,0,59.1,9.7,4.2,1.2,0.297,73.20%,40.00%,11.90%,4.1,4.31,4.28,4.23,0,84.4,98.3,98.5
13346,Hoby Milner,RP,L,L,MIL,34,5.1,5,1,1,61,1,64.2,8.9,1.9,0.8,0.313,58.10%,51.90%,11.50%,4.73,3.24,3.14,3.15,0.9,102.6,106.6,103.6
7836,Hunter Strickland,RP,R,R,LAA,36,8,3,2,1,72,0,73.1,7,2.9,1.2,0.229,75.00%,35.70%,9.30%,3.31,3.49,4.45,4.88,0.3,102.8,100,104.4
17479,Jack Flaherty,SP,R,R,LAD,29,7,13,7,0,28,28,162,10.8,2.1,1.3,0.285,80.90%,39.50%,15.50%,3.17,3.54,3.48,3,3.2,94.1,102.4,101.5
12323,Jacob Barnes,RP,R,R,WSN,35,6.1,8,3,0,63,0,66,7.5,2.7,1.4,0.297,69.90%,37.60%,13.00%,4.36,4.91,4.38,4.17,0,95,100.7,99.8
19274,Jacob Webb,RP,R,R,BAL,31,4,2,5,2,60,0,56.2,9.2,4.3,0.6,0.245,72.10%,34.00%,6.30%,3.02,3.51,3.52,4.31,0.6,108.3,99,102.2
5003,Jake Diekman,RP,R,L,NYM,38,12,2,3,4,43,0,32,11.3,6.8,2,0.229,65.50%,44.70%,29.20%,5.63,5.11,6.14,4.43,-0.8,129,90.7,96.2
13619,Jakob Junis,SP,R,R,CIN,32,7,4,0,1,24,6,67,6.9,1.1,1.1,0.224,77.90%,38.70%,10.40%,2.69,3.8,3.69,3.87,0.9,99,107.9,108.4
17192,Jalen Beeks,RP,L,L,PIT,31,6,7,4,10,71,0,70,7.1,3.5,0.8,0.321,65.90%,45.10%,7.30%,4.5,3.8,4,4.65,0.6,78,93.8,89
7432,Jay Jackson,RP,R,R,MIN,37,2.1,1,2,0,20,0,26.1,9.9,3.1,2.4,0.304,47.80%,35.50%,21.90%,7.52,4.74,5.44,3.83,-0.3,97.4,102.2,97.4
17432,Jeff Hoffman,RP,R,R,PHI,32,6.1,3,3,10,68,0,66.1,12.1,2.2,0.8,0.278,80.20%,37.60%,9.40%,2.17,2.87,2.52,2.8,2,115.8,100.1,103.9
5448,Jesse Chavez,RP,R,R,ATL,41,14,2,2,0,46,0,63.1,7.8,2.7,1.4,0.279,80.30%,43.10%,15.90%,3.13,4.25,4.43,3.88,-0.2,83.8,102.2,95.9
9761,Joe Kelly,RP,R,R,LAD,37,12,1,1,0,35,0,32,9.8,4.5,1.1,0.325,71.10%,47.10%,14.80%,4.78,5.11,4.57,4.22,0,107.4,92.2,96.4
12972,Joe Ross,SP,R,R,MIL,32,7,3,6,0,25,10,74,8,3.5,0.9,0.298,72.70%,41.00%,7.50%,3.77,3.91,3.83,4.5,0.9,88.1,101.7,97.8
11487,Joely Rodríguez,RP,L,L,BOS,33,4.1,0,1,0,14,0,13.2,7.9,1.3,2,0.348,50.60%,59.20%,33.30%,5.93,4.87,4.92,3.06,-0.1,78.1,106,101.7
19320,Joey Lucchesi,SP,L,L,NYM,32,4.1,0,2,0,2,2,10.1,6.1,7,0.9,0.233,68.50%,44.80%,8.30%,5.23,6.05,5.39,5.89,0,75.1,90.5,83.1
12777,John Brebbia,RP,L,R,ATL,35,7.1,0,6,2,59,0,55.1,10.9,3.1,1.8,0.317,67.10%,29.60%,15.90%,5.86,4.87,4.52,3.82,0.1,100.9,102.4,103.4
16269,John Means,SP,L,L,BAL,32,6,2,0,0,4,4,20.2,7,0.9,0.9,0.237,80.20%,18.30%,5.90%,2.61,4.68,3.31,4.54,0.5,86.9,101.5,102
19753,Jonathan Loáisiga,RP,R,R,NYY,30,6,1,0,0,3,0,4,6.8,2.3,0,0.438,100.00%,56.30%,0.00%,0,4.28,2.42,3.17,0.1,104,105.9,110
7593,Jordan Lyles,SP,R,R,KCR,34,12,0,0,0,5,0,5,5.4,3.6,0,0.143,100.00%,42.90%,0.00%,0,4.28,3.17,5.59,0,88.3,97.2,91.9
16122,Jordan Romano,RP,R,R,TOR,32,5.1,1,2,8,15,0,13.2,8.6,2.6,2.6,0.3,71.40%,27.90%,22.20%,6.59,7.6,6.17,4.35,-0.3,133.5,97.6,103
14527,Jorge López,RP,R,R,CHC,32,6.1,2,3,4,52,0,53,8.5,3.2,1,0.286,81.90%,51.00%,11.50%,2.89,3.59,3.94,3.95,0.2,108,101.1,102.1
6399,José Cisnero,RP,R,R,LAA,36,6.2,0,0,0,15,0,15.2,9.8,4.6,2.3,0.326,58.00%,41.30%,22.20%,6.89,6.17,6.23,4.65,-0.2,107.9,93.6,96.3
14524,José Leclerc,RP,R,R,TEX,31,8,6,5,1,64,0,66.2,12,4.3,0.9,0.314,71.80%,35.20%,10.30%,4.32,3.59,3.48,3.66,0.8,110.1,96.8,99.6
11423,Jose Quintana,SP,R,L,NYM,36,12.1,10,10,0,31,31,170.1,7.1,3.3,1.2,0.263,78.20%,47.40%,12.60%,3.75,4.52,4.56,4.44,1,82.7,97.3,92.8
11589,José Ureña,SP,R,R,TEX,33,8,5,8,1,33,9,109,5.8,3.2,1.1,0.273,74.70%,50.10%,11.70%,3.8,4.43,4.62,4.61,0.1,83.1,97.8,95
18335,Josh Staumont,RP,R,R,MIN,31,5,1,0,0,25,0,24.1,6.7,5.2,0,0.246,62.50%,47.10%,0.00%,3.7,4.37,3.54,5.03,0.2,110.5,92,95.5
13767,JT Chargois,RP,S,R,SEA,34,5.1,3,1,0,36,0,36.1,7.4,3.2,1.5,0.189,98.00%,36.60%,13.60%,2.23,4.4,4.9,4.58,-0.2,96.5,97.1,97
8700,Justin Verlander,SP,R,R,HOU,42,19,5,6,0,17,17,90.1,7.4,2.7,1.5,0.303,68.20%,28.20%,10.00%,5.48,3.78,4.78,5.13,0.7,116.7,101.1,103.1
4301,Justin Wilson,RP,L,L,CIN,37,12,1,5,2,60,0,46.2,9.8,2.5,1.9,0.338,71.40%,38.30%,15.90%,5.59,4.25,4.73,3.99,0.2,104.2,103.7,103.9
3096,Kenley Jansen,RP,S,R,BOS,37,14.1,4,2,27,54,0,54.2,10.2,3.3,0.7,0.26,73.00%,30.60%,5.60%,3.29,3.24,3,4.04,1.4,120.8,105.2,110.4
9073,Kirby Yates,RP,L,R,TEX,38,10,7,2,33,61,0,61.2,12.4,4.1,0.4,0.168,88.10%,45.50%,5.90%,1.17,1.86,2.5,3.12,1.9,97.2,101.6,102
15009,Kyle Finnegan,RP,R,R,WSN,33,5,3,8,38,65,0,63.2,8.5,3.4,1.3,0.292,74.60%,45.90%,15.30%,3.68,4.34,4.25,3.81,0,100.8,104.7,101.5
10123,Kyle Gibson,SP,R,R,STL,37,11,8,8,0,30,30,169.2,8,3.6,1.2,0.29,70.70%,44.80%,13.40%,4.24,4.87,4.42,4.19,1.5,93.1,97.7,95.1
12049,Kyle Hendricks,SP,R,R,CHC,35,10.1,4,12,0,29,24,130.2,6,3,1.4,0.305,64.20%,44.50%,14.30%,5.92,4.81,4.98,4.59,0.4,95.1,104.9,100.4
2520,Lance Lynn,SP,S,R,STL,38,13.1,7,4,0,23,23,117.1,8.4,3.4,1.2,0.287,70.00%,36.30%,11.10%,3.84,4.94,4.31,4.39,1.3,82.6,99.5,94.3
13470,Lucas Sims,RP,R,R,BOS,31,6,1,6,1,58,0,49.1,8.9,5.5,1.5,0.262,79.30%,28.00%,11.10%,4.38,4.34,5.23,5.33,-0.3,132.2,93.3,103.6
6984,Luis García,RP,R,R,BOS,38,9,5,1,4,60,0,59,8.1,2.3,1.2,0.303,63.40%,50.30%,15.40%,4.88,3.56,4.05,3.62,0.3,103.2,98.8,102.9
15890,Luis Severino,SP,R,R,NYM,31,8.2,11,7,0,31,31,182,8,3,1.1,0.283,73.70%,46.00%,12.30%,3.91,3.88,4.21,4.12,2.1,107,100.6,101.3
11752,Luke Jackson,RP,R,R,ATL,33,8,4,3,0,52,0,53,10,4.4,1.2,0.319,67.00%,50.70%,15.60%,5.09,4.08,4.24,3.81,-0.1,128.1,94.8,106.5
15467,Marco Gonzales,SP,L,L,PIT,33,7.1,1,1,0,7,7,33.2,6.1,2.9,1.3,0.339,78.70%,40.40%,11.10%,4.54,6.53,4.71,4.8,0.2,74.1,105,94.6
6902,Martín Pérez,SP,L,L,SDP,34,12,5,6,0,26,26,135,7.1,3.3,1.5,0.317,76.90%,44.40%,14.50%,4.53,5.38,4.9,4.48,0.5,73,102.4,94.7
12863,Matt Barnes,RP,R,R,WSN,35,8.2,0,0,0,14,0,13.1,6.8,2.7,0.7,0.333,48.40%,42.20%,5.60%,6.75,5.9,3.54,4.61,0.1,97.6,94.2,90.1
13528,Matt Bowman,RP,R,R,BAL,34,4.1,1,0,0,25,1,30.2,7,3.8,1.5,0.239,76.50%,44.10%,14.30%,4.4,4.81,5.19,4.79,-0.2,104.8,99.2,100.5
1890,Matt Moore,RP,L,L,LAA,36,12,5,3,1,51,0,48.1,7.6,4.8,2,0.215,69.80%,29.40%,15.30%,5.03,4.25,6.17,5.46,-0.7,110.2,93.3,93.7
15440,Matthew Boyd,SP,L,L,CLE,34,8.1,2,2,0,8,8,39.2,10.4,2.9,0.9,0.277,74.90%,31.40%,8.00%,2.72,3.1,3.29,3.89,0.9,74.6,101.7,95
13743,Max Fried,SP,L,L,ATL,31,6.1,11,10,0,29,29,174.1,8.6,2.9,0.7,0.282,72.50%,58.80%,11.70%,3.25,3.72,3.33,3.33,3.4,94.1,98.1,98.8
3137,Max Scherzer,SP,R,R,TEX,40,16.1,2,4,0,9,9,43.1,8.3,2.1,1.5,0.277,75.20%,32.00%,12.50%,3.95,3.86,4.18,4.04,0.6,83.8,106.3,102.6
14843,Michael Lorenzen,SP,R,R,KCR,33,9.2,7,6,0,26,24,130.1,6.7,4.1,1.2,0.236,82.40%,41.80%,11.30%,3.31,4.59,4.89,4.95,0.7,93.5,97.2,94.9
18383,Michael Soroka,SP,R,R,CHW,27,6,0,10,0,25,9,79.2,9.5,5,1.5,0.261,67.50%,40.30%,14.40%,4.74,4.59,4.95,4.54,0.4,96.1,95.4,93.9
14078,Michael Wacha,SP,R,R,KCR,33,11.1,13,8,0,29,29,166.2,7.8,2.4,0.9,0.29,77.10%,38.60%,8.50%,3.35,4.05,3.65,4.14,3.3,91.1,102.3,99.3
15684,Miguel Castro,RP,R,R,ARI,30,8,0,0,0,11,0,13.2,5.3,2,2,0.347,75.80%,47.10%,18.80%,5.93,6.41,5.73,4.64,-0.2,113.1,94.2,100
12808,Mike Clevinger,SP,R,R,CHW,34,8,0,3,0,4,4,16,8.4,5.1,2.3,0.36,70.90%,34.00%,16.00%,6.75,7.18,6.23,5.34,-0.1,86.6,99.1,99.4
9132,Nathan Eovaldi,SP,R,R,TEX,35,13,12,8,0,29,29,170.2,8.8,2.2,1.2,0.271,74.50%,48.30%,14.60%,3.8,3.91,3.83,3.47,2.7,97.8,104,102.9
18337,Nick Anderson,RP,R,R,KCR,34,5.1,3,1,1,37,0,35.2,7.3,3.8,1.5,0.284,79.80%,39.80%,13.60%,4.04,5.14,5.07,4.75,-0.2,87.5,99.7,96.6
12730,Nick Martinez,SP,L,R,CIN,34,6,10,7,0,42,16,142.1,7.3,1.1,0.8,0.275,71.50%,36.90%,7.40%,3.1,3.19,3.21,3.89,3.5,98.6,108.6,107
15454,Nick Pivetta,SP,R,R,BOS,32,6.2,6,12,0,27,26,145.2,10.6,2.2,1.7,0.279,75.50%,33.50%,15.10%,4.14,3.51,4.07,3.5,2,133.1,104.3,107.6
9323,Patrick Corbin,SP,L,L,WSN,35,12.1,6,13,0,32,32,174.2,7.2,2.8,1.3,0.337,65.70%,46.30%,13.70%,5.62,5.53,4.41,4.14,1.7,76.4,101.4,94.5
19447,Patrick Sandoval,SP,L,L,LAA,28,4.1,2,8,0,16,16,79.2,9.2,4,0.9,0.341,66.20%,45.00%,10.30%,5.08,4.25,3.87,4.04,1.2,98.3,98.3,98.6
13892,Paul Sewald,RP,R,R,ARI,35,6.1,1,2,16,42,0,39.2,9.8,2.3,1.4,0.282,73.20%,26.60%,9.80%,4.31,3.78,3.95,4.31,0.3,117.8,100.2,103.2
18064,Phil Maton,RP,R,R,NYM,32,7,3,3,3,71,0,64,8.4,3.4,1,0.242,75.50%,46.80%,11.50%,3.66,4.31,4.26,4.28,0.1,93,95.1,101.5
13273,Ross Stripling,SP,R,R,ATH,35,8.1,2,11,0,22,14,85.1,5.2,2.3,0.7,0.338,54.80%,39.20%,6.50%,6.01,4.74,3.89,4.74,1.1,85.9,104.5,97.8
16350,Ryan Borucki,RP,L,L,PIT,31,6,0,0,0,14,0,11,10.6,3.3,1.6,0.387,55.60%,50.00%,25.00%,7.36,7.32,4.53,3.27,0,96.5,97.3,103.5
16502,Ryan Yarbrough,RP,R,L,TOR,33,6.1,5,2,1,44,0,98.2,5.9,2.9,1,0.212,79.10%,40.80%,10.20%,3.19,4.2,4.64,4.84,-0.1,81.5,99.7,95.8
15947,Ryne Stanek,RP,R,R,NYM,33,7,7,3,7,63,0,55.1,10.9,4.1,1.3,0.29,67.90%,33.10%,11.40%,4.88,3.44,4.14,4.18,0,125.3,96.2,103.6
10591,Scott Alexander,RP,L,L,ATH,35,7.1,1,3,0,45,0,38.2,7.2,3.5,0.7,0.257,77.60%,60.00%,11.10%,2.56,4.02,3.89,3.94,0.1,89.9,96.7,91.8
14993,Scott Barlow,RP,R,R,CLE,32,6,3,3,2,63,0,55,11.1,5.1,1,0.288,73.70%,47.10%,14.00%,4.25,4.17,4.02,3.78,0,110.7,91.5,92.7
12056,Scott McGough,RP,R,R,ARI,35,1.1,1,3,0,26,2,32.2,6.9,5.8,1.7,0.289,54.60%,40.80%,14.30%,7.44,5.9,6.04,5.6,-0.7,89.5,96.4,93.8
15873,Sean Manaea,SP,R,L,NYM,33,8.2,12,6,0,32,32,181.2,9.1,3.1,1,0.245,74.20%,37.60%,10.20%,3.47,3.75,3.83,4.04,2.8,90.1,97.3,96.3
16943,Sean Newcomb,RP,L,L,ATH,32,5,1,0,0,7,0,10,6.3,7.2,1.8,0.259,72.40%,50.00%,20.00%,6.3,5.53,7.07,5.98,-0.2,99.3,89.4,91.9
19427,Shane Bieber,SP,R,R,CLE,30,6.1,2,0,0,2,2,12,15,0.8,0,0.417,100.00%,50.00%,0.00%,0,2.76,0.08,0.59,0.8,97.9,101.6,99.6
12857,Shawn Armstrong,RP,R,R,CHC,34,6.1,3,3,1,57,7,66.2,8.9,3.4,0.8,0.362,69.00%,35.80%,7.60%,4.86,5.11,3.57,4.19,0.7,95.5,105.5,102.2
10197,Shelby Miller,RP,R,R,DET,34,9,6,8,2,51,0,55.2,7.9,2.1,1.5,0.215,60.30%,39.90%,12.30%,4.53,3.75,4.48,4.36,-0.2,105.5,98.1,99.7
16207,Spencer Turnbull,SP,R,R,PHI,32,6,3,0,0,17,7,54.1,9.6,3.3,1,0.233,84.00%,47.50%,12.00%,2.65,4.05,3.85,3.8,0.7,112.5,98.9,99.9
13580,Steven Okert,RP,L,L,MIN,33,4.1,3,2,1,44,1,35.1,8.4,4.1,1.5,0.304,71.40%,32.70%,13.00%,5.09,4.05,5.12,4.88,-0.2,98.6,95.3,97.8
3237,T.J. McFarland,RP,L,L,ATH,36,9.1,2,4,0,79,0,56.2,6.2,2.7,0.6,0.287,67.30%,57.30%,10.00%,3.81,3.36,3.82,3.97,0.3,64.3,100.9,102.1
17610,Tanner Rainey,RP,R,R,WSN,32,5.1,0,0,0,50,0,51,7.8,5.1,1.4,0.267,75.60%,28.10%,9.40%,4.76,5.49,5.42,5.9,-0.2,109.1,96.8,99.1
17586,Tanner Scott,RP,R,L,SDP,30,6.1,9,6,22,72,0,72,10.5,4.5,0.4,0.247,79.70%,50.00%,6.30%,1.75,2.96,2.92,3.38,1.6,145.2,100.1,110
16814,Tim Hill,RP,R,L,NYY,35,6.1,4,0,0,62,0,67,4.2,2.6,0.3,0.316,69.30%,68.20%,5.40%,3.36,3.56,3.57,4.02,0.5,107.3,104.5,99.4
15042,Tim Mayza,RP,L,L,NYY,33,5.1,0,2,0,50,0,42.2,5.9,3.2,1.1,0.336,57.10%,45.30%,10.40%,6.33,5.24,4.5,4.68,-0.1,102.6,99.1,97.1
11384,Tommy Kahnle,RP,R,R,NYY,35,9.1,0,2,1,50,0,42.2,9.7,4,1.1,0.234,79.50%,58.60%,16.70%,2.11,3.34,4.01,3.55,0.1,110.7,95.5,95.8
19309,Trevor Richards,RP,R,R,MIN,32,6.1,2,2,1,55,2,65.1,8.5,4.8,1,0.216,63.20%,35.20%,8.10%,4.55,3.62,4.36,4.96,0.1,97.9,94,97.3
16977,Trevor Williams,SP,R,R,WSN,33,8,6,1,0,13,13,66.2,8,2.4,0.4,0.267,80.20%,45.40%,4.20%,2.03,3.17,2.79,3.82,2,81.4,103.6,93.9
17735,Tyler Alexander,SP,R,L,TBR,30,5,6,5,0,23,9,107.2,7.5,2,1.9,0.278,73.00%,31.20%,13.90%,5.1,4.68,5.08,4.63,-0.6,94,105.7,103.6
10058,Tyler Matzek,RP,L,L,ATL,34,6,0,0,0,11,0,10,9,2.7,2.7,0.406,54.10%,31.40%,23.10%,9.9,7.74,5.97,4.03,-0.2,100.4,97.1,97.5
8779,Wade Miley,SP,L,L,MIL,38,13,0,1,0,2,2,7,2.6,5.1,1.3,0.227,62.50%,52.40%,16.70%,6.43,8.65,6.6,6.03,-0.1,93,99.9,93.4
19374,Walker Buehler,SP,R,R,LAD,30,6.2,1,6,0,16,16,75.1,7.6,3.3,1.9,0.316,70.30%,45.50%,18.80%,5.38,4.78,5.54,4.49,-0.2,93.4,101.2,99.5
8048,Will Smith,RP,R,L,KCR,35,11.2,0,4,1,45,0,41.1,6.3,3.3,1.5,0.288,60.20%,30.70%,10.90%,6.53,5.49,5.27,5.41,-0.4,92.4,98.8,98.5
15068,Yency Almonte,RP,R,R,CHC,31,5.1,1,0,1,17,0,15.2,11.5,4.6,0.6,0.222,68.20%,43.20%,7.10%,3.45,3.31,3.36,3.88,0.2,114.2,95,98.6
12095,Yimi García,RP,R,R,SEA,34,9.1,3,0,5,39,0,39,11.3,2.8,1.4,0.202,76.90%,27.30%,12.20%,3.46,3.01,3.73,3.63,0.4,118.5,104.3,111.2
20633,Yusei Kikuchi,SP,L,L,HOU,34,6,9,10,0,32,32,175.2,10.6,2.3,1.3,0.309,71.90%,42.60%,13.50%,4.05,3.7,3.46,3.2,3.5,109.1,101.2,104.8